pruid,prname,prnameFR,date,numconf,numprob,numdeaths,numtotal,numtested,numrecover,percentrecover,ratetested,numtoday,percentoday,ratetotal
35,Ontario,Ontario,31-01-2020,3,0,0,3,,N/A,,,3,300.00,0.021
59,British Columbia,Colombie-Britannique,31-01-2020,1,0,0,1,,N/A,,,1,100.00,0.020
1,Canada,Canada,31-01-2020,4,0,0,4,,N/A,,,4,400.00,0.011
35,Ontario,Ontario,08-02-2020,3,0,0,3,,N/A,,,0,0.00,0.021
59,British Columbia,Colombie-Britannique,08-02-2020,4,0,0,4,,N/A,,,3,300.00,0.079
1,Canada,Canada,08-02-2020,7,0,0,7,,N/A,,,3,75.00,0.019
35,Ontario,Ontario,16-02-2020,3,0,0,3,,N/A,,,0,0.00,0.021
59,British Columbia,Colombie-Britannique,16-02-2020,5,0,0,5,,N/A,,,1,25.00,0.099
1,Canada,Canada,16-02-2020,8,0,0,8,,N/A,,,1,14.29,0.021
35,Ontario,Ontario,21-02-2020,3,0,0,3,,N/A,,,0,0.00,0.021
59,British Columbia,Colombie-Britannique,21-02-2020,6,0,0,6,,N/A,,,1,20.00,0.118
1,Canada,Canada,21-02-2020,9,0,0,9,,N/A,,,1,12.50,0.024
35,Ontario,Ontario,24-02-2020,4,0,0,4,,N/A,,,1,33.33,0.027
59,British Columbia,Colombie-Britannique,24-02-2020,6,0,0,6,,N/A,,,0,0.00,0.118
1,Canada,Canada,24-02-2020,10,0,0,10,,N/A,,,1,11.11,0.027
35,Ontario,Ontario,25-02-2020,4,0,0,4,,N/A,,,0,0.00,0.027
59,British Columbia,Colombie-Britannique,25-02-2020,7,0,0,7,,N/A,,,1,16.67,0.138
1,Canada,Canada,25-02-2020,11,0,0,11,,N/A,,,1,10.00,0.029
35,Ontario,Ontario,26-02-2020,5,0,0,5,,N/A,,,1,25.00,0.034
59,British Columbia,Colombie-Britannique,26-02-2020,7,0,0,7,,N/A,,,0,0.00,0.138
1,Canada,Canada,26-02-2020,12,0,0,12,,N/A,,,1,9.09,0.032
35,Ontario,Ontario,27-02-2020,6,0,0,6,,N/A,,,1,20.00,0.041
59,British Columbia,Colombie-Britannique,27-02-2020,7,0,0,7,,N/A,,,0,0.00,0.138
1,Canada,Canada,27-02-2020,13,0,0,13,,N/A,,,1,8.33,0.035
35,Ontario,Ontario,29-02-2020,8,0,0,8,,N/A,,,2,33.33,0.055
59,British Columbia,Colombie-Britannique,29-02-2020,7,0,0,7,,N/A,,,0,0.00,0.138
1,Canada,Canada,29-02-2020,15,0,0,15,,N/A,,,2,15.38,0.040
35,Ontario,Ontario,01-03-2020,15,0,0,15,,N/A,,,7,87.50,0.103
59,British Columbia,Colombie-Britannique,01-03-2020,8,0,0,8,,N/A,,,1,14.29,0.158
24,Quebec,Québec,01-03-2020,1,0,0,1,,N/A,,,1,100.00,0.012
1,Canada,Canada,01-03-2020,24,0,0,24,,N/A,,,9,60.00,0.064
35,Ontario,Ontario,03-03-2020,20,0,0,20,,N/A,,,5,33.33,0.137
59,British Columbia,Colombie-Britannique,03-03-2020,12,0,0,12,,N/A,,,4,50.00,0.237
24,Quebec,Québec,03-03-2020,1,0,0,1,,N/A,,,0,0.00,0.012
1,Canada,Canada,03-03-2020,33,0,0,33,,N/A,,,9,37.50,0.088
35,Ontario,Ontario,05-03-2020,22,0,0,22,,N/A,,,2,10.00,0.151
59,British Columbia,Colombie-Britannique,05-03-2020,21,0,0,21,,N/A,,,9,75.00,0.414
24,Quebec,Québec,05-03-2020,2,0,0,2,,N/A,,,1,100.00,0.024
1,Canada,Canada,05-03-2020,45,0,0,45,,N/A,,,12,36.36,0.120
35,Ontario,Ontario,06-03-2020,28,0,0,28,,N/A,,,6,27.27,0.192
59,British Columbia,Colombie-Britannique,06-03-2020,21,0,0,21,,N/A,,,0,0.00,0.414
24,Quebec,Québec,06-03-2020,2,0,0,2,,N/A,,,0,0.00,0.024
1,Canada,Canada,06-03-2020,51,0,0,51,,N/A,,,6,13.33,0.136
35,Ontario,Ontario,07-03-2020,28,0,0,28,,N/A,,,0,0.00,0.192
59,British Columbia,Colombie-Britannique,07-03-2020,27,0,0,27,,N/A,,,6,28.57,0.532
24,Quebec,Québec,07-03-2020,2,0,0,2,,N/A,,,0,0.00,0.024
1,Canada,Canada,07-03-2020,57,0,0,57,,N/A,,,6,11.76,0.152
35,Ontario,Ontario,08-03-2020,31,0,0,31,,N/A,,,3,10.71,0.213
59,British Columbia,Colombie-Britannique,08-03-2020,27,0,1,27,,N/A,,,0,0.00,0.532
24,Quebec,Québec,08-03-2020,3,0,0,3,,N/A,,,1,50.00,0.035
48,Alberta,Alberta,08-03-2020,1,0,0,1,,N/A,,,1,100.00,0.023
1,Canada,Canada,08-03-2020,62,0,1,62,,N/A,,,5,8.77,0.165
35,Ontario,Ontario,09-03-2020,34,0,0,34,,N/A,,,3,9.68,0.233
59,British Columbia,Colombie-Britannique,09-03-2020,32,0,1,32,,N/A,,,5,18.52,0.631
24,Quebec,Québec,09-03-2020,4,0,0,4,,N/A,,,1,33.33,0.047
48,Alberta,Alberta,09-03-2020,7,0,0,7,,N/A,,,6,600.00,0.160
1,Canada,Canada,09-03-2020,77,0,1,77,,N/A,,,15,24.19,0.205
35,Ontario,Ontario,11-03-2020,42,0,1,42,3394,N/A,,233,8,23.53,0.288
59,British Columbia,Colombie-Britannique,11-03-2020,39,0,1,39,4373,N/A,,862,7,21.88,0.769
24,Quebec,Québec,11-03-2020,7,0,0,7,556,N/A,,66,3,75.00,0.082
48,Alberta,Alberta,11-03-2020,14,0,0,14,1969,N/A,,450,7,100.00,0.320
99,Repatriated travellers,Voyageurs rapatriés,11-03-2020,1,0,0,1,29,N/A,,,1,100.00,
47,Saskatchewan,Saskatchewan,11-03-2020,0,0,0,0,204,N/A,,174,0,0.00,0.000
46,Manitoba,Manitoba,11-03-2020,0,0,0,0,352,N/A,,257,0,0.00,0.000
13,New Brunswick,Nouveau-Brunswick,11-03-2020,0,0,0,0,22,N/A,,28,0,0.00,0.000
10,Newfoundland and Labrador,Terre-Neuve-et-Labrador,11-03-2020,0,0,0,0,44,N/A,,84,0,0.00,0.000
12,Nova Scotia,Nouvelle-Écosse,11-03-2020,0,0,0,0,103,N/A,,106,0,0.00,0.000
11,Prince Edward Island,Île-du-Prince-Édouard,11-03-2020,0,0,0,0,6,N/A,,38,0,0.00,0.000
60,Yukon,Yukon,11-03-2020,0,0,0,0,0,N/A,,,0,0.00,0.000
61,Northwest Territories,Territoires du Nord-Ouest,11-03-2020,0,0,0,0,0,N/A,,,0,0.00,0.000
62,Nunavut,Nunavut,11-03-2020,0,0,0,0,0,N/A,,,0,0.00,0.000
1,Canada,Canada,11-03-2020,103,0,2,103,11023,N/A,,293,26,33.77,0.274
59,British Columbia,Colombie-Britannique,12-03-2020,46,0,1,46,5195,N/A,,1024,7,17.95,0.907
48,Alberta,Alberta,12-03-2020,19,0,0,19,4109,N/A,,940,5,35.71,0.435
47,Saskatchewan,Saskatchewan,12-03-2020,0,1,0,1,285,N/A,,243,1,0.00,0.085
46,Manitoba,Manitoba,12-03-2020,0,1,0,1,352,N/A,,257,1,0.00,0.073
35,Ontario,Ontario,12-03-2020,59,0,1,59,4185,N/A,,287,17,40.48,0.405
24,Quebec,Québec,12-03-2020,13,0,0,13,740,N/A,,87,6,85.71,0.153
13,New Brunswick,Nouveau-Brunswick,12-03-2020,0,1,0,1,44,N/A,,57,1,0.00,0.129
10,Newfoundland and Labrador,Terre-Neuve-et-Labrador,12-03-2020,0,0,0,0,52,N/A,,100,0,0.00,0.000
12,Nova Scotia,Nouvelle-Écosse,12-03-2020,0,0,0,0,182,N/A,,187,0,0.00,0.000
11,Prince Edward Island,Île-du-Prince-Édouard,12-03-2020,0,0,0,0,6,N/A,,38,0,0.00,0.000
61,Northwest Territories,Territoires du Nord-Ouest,12-03-2020,0,0,0,0,34,N/A,,758,0,0.00,0.000
62,Nunavut,Nunavut,12-03-2020,0,0,0,0,1,N/A,,26,0,0.00,0.000
99,Repatriated travellers,Voyageurs rapatriés,12-03-2020,1,0,0,1,29,N/A,,,0,0.00,
60,Yukon,Yukon,12-03-2020,0,0,0,0,0,N/A,,,0,0.00,0.000
1,Canada,Canada,12-03-2020,138,3,2,141,15185,N/A,,404,38,36.89,0.375
59,British Columbia,Colombie-Britannique,13-03-2020,53,0,1,53,5195,N/A,,1024,7,15.22,1.045
48,Alberta,Alberta,13-03-2020,23,0,0,23,4109,N/A,,940,4,21.05,0.526
47,Saskatchewan,Saskatchewan,13-03-2020,0,1,0,1,285,N/A,,243,0,0.00,0.085
46,Manitoba,Manitoba,13-03-2020,1,2,0,3,352,N/A,,257,2,200.00,0.219
35,Ontario,Ontario,13-03-2020,79,0,1,79,4185,N/A,,287,20,33.90,0.542
24,Quebec,Québec,13-03-2020,17,0,0,17,740,N/A,,87,4,30.77,0.200
11,Prince Edward Island,Île-du-Prince-Édouard,13-03-2020,0,0,0,0,6,N/A,,38,0,0.00,0.000
10,Newfoundland and Labrador,Terre-Neuve-et-Labrador,13-03-2020,0,0,0,0,52,N/A,,100,0,0.00,0.000
13,New Brunswick,Nouveau-Brunswick,13-03-2020,1,0,0,1,44,N/A,,57,0,0.00,0.129
12,Nova Scotia,Nouvelle-Écosse,13-03-2020,0,0,0,0,182,N/A,,187,0,0.00,0.000
99,Repatriated travellers,Voyageurs rapatriés,13-03-2020,2,0,2,2,29,N/A,,,1,100.00,
60,Yukon,Yukon,13-03-2020,0,0,0,0,0,N/A,,,0,0.00,0.000
61,Northwest Territories,Territoires du Nord-Ouest,13-03-2020,0,0,0,0,34,N/A,,758,0,0.00,0.000
62,Nunavut,Nunavut,13-03-2020,0,0,0,0,1,N/A,,26,0,0.00,0.000
1,Canada,Canada,13-03-2020,176,3,2,179,15185,N/A,,404,38,26.95,0.476
59,British Columbia,Colombie-Britannique,14-03-2020,64,0,1,64,7033,N/A,,1387,11,20.75,1.262
48,Alberta,Alberta,14-03-2020,29,0,0,29,5247,N/A,,1200,6,26.09,0.663
47,Saskatchewan,Saskatchewan,14-03-2020,0,2,0,2,349,N/A,,297,1,100.00,0.170
46,Manitoba,Manitoba,14-03-2020,1,3,0,4,837,N/A,,611,1,33.33,0.292
35,Ontario,Ontario,14-03-2020,79,0,1,79,6646,N/A,,456,0,0.00,0.542
24,Quebec,Québec,14-03-2020,17,0,0,17,1584,N/A,,187,0,0.00,0.200
13,New Brunswick,Nouveau-Brunswick,14-03-2020,1,1,0,2,82,N/A,,106,1,100.00,0.257
10,Newfoundland and Labrador,Terre-Neuve-et-Labrador,14-03-2020,0,0,0,0,62,N/A,,119,0,0.00,0.000
12,Nova Scotia,Nouvelle-Écosse,14-03-2020,0,0,0,0,481,N/A,,495,0,0.00,0.000
11,Prince Edward Island,Île-du-Prince-Édouard,14-03-2020,0,0,0,0,6,N/A,,38,0,0.00,0.000
60,Yukon,Yukon,14-03-2020,0,0,0,0,0,N/A,,,0,0.00,0.000
61,Northwest Territories,Territoires du Nord-Ouest,14-03-2020,0,0,0,0,76,N/A,,1695,0,0.00,0.000
62,Nunavut,Nunavut,14-03-2020,0,0,0,0,6,N/A,,155,0,0.00,0.000
99,Repatriated travellers,Voyageurs rapatriés,14-03-2020,2,0,0,2,29,N/A,,,0,0.00,
1,Canada,Canada,14-03-2020,193,6,2,199,22409,N/A,,596,20,11.17,0.529
59,British Columbia,Colombie-Britannique,15-03-2020,73,0,1,73,7033,N/A,,1387,9,14.06,1.439
48,Alberta,Alberta,15-03-2020,39,0,0,39,5247,N/A,,1200,10,34.48,0.892
47,Saskatchewan,Saskatchewan,15-03-2020,0,2,0,2,349,N/A,,297,0,0.00,0.170
46,Manitoba,Manitoba,15-03-2020,4,0,0,4,837,N/A,,611,0,0.00,0.292
35,Ontario,Ontario,15-03-2020,103,0,1,103,8461,N/A,,581,24,30.38,0.707
24,Quebec,Québec,15-03-2020,24,0,0,24,2337,N/A,,275,7,41.18,0.283
10,Newfoundland and Labrador,Terre-Neuve-et-Labrador,15-03-2020,0,1,0,1,62,N/A,,119,1,0.00,0.192
13,New Brunswick,Nouveau-Brunswick,15-03-2020,1,1,0,2,82,N/A,,106,0,0.00,0.257
11,Prince Edward Island,Île-du-Prince-Édouard,15-03-2020,1,0,0,1,6,N/A,,38,1,0.00,0.637
12,Nova Scotia,Nouvelle-Écosse,15-03-2020,0,0,0,0,481,N/A,,495,0,0.00,0.000
60,Yukon,Yukon,15-03-2020,0,0,0,0,0,N/A,,,0,0.00,0.000
61,Northwest Territories,Territoires du Nord-Ouest,15-03-2020,0,0,0,0,76,N/A,,1695,0,0.00,0.000
62,Nunavut,Nunavut,15-03-2020,0,0,0,0,6,N/A,,155,0,0.00,0.000
99,Repatriated travellers,Voyageurs rapatriés,15-03-2020,4,0,0,4,29,N/A,,,2,100.00,
1,Canada,Canada,15-03-2020,249,4,2,253,24977,N/A,,664,54,27.14,0.673
59,British Columbia,Colombie-Britannique,16-03-2020,73,0,4,73,9926,N/A,,1957,0,0.00,1.439
48,Alberta,Alberta,16-03-2020,56,0,0,56,10238,N/A,,2342,17,43.59,1.281
47,Saskatchewan,Saskatchewan,16-03-2020,1,5,0,6,881,N/A,,750,4,200.00,0.511
46,Manitoba,Manitoba,16-03-2020,4,3,0,7,1848,N/A,,1349,3,75.00,0.511
35,Ontario,Ontario,16-03-2020,145,0,1,145,10178,N/A,,699,42,40.78,0.995
24,Quebec,Québec,16-03-2020,39,0,0,39,3129,N/A,,369,15,62.50,0.460
10,Newfoundland and Labrador,Terre-Neuve-et-Labrador,16-03-2020,0,1,0,1,161,N/A,,309,0,0.00,0.192
13,New Brunswick,Nouveau-Brunswick,16-03-2020,1,5,0,6,143,N/A,,184,4,200.00,0.772
12,Nova Scotia,Nouvelle-Écosse,16-03-2020,0,3,0,3,1075,N/A,,1107,3,0.00,0.309
11,Prince Edward Island,Île-du-Prince-Édouard,16-03-2020,1,0,0,1,6,N/A,,38,0,0.00,0.637
60,Yukon,Yukon,16-03-2020,0,0,0,0,0,N/A,,,0,0.00,0.000
61,Northwest Territories,Territoires du Nord-Ouest,16-03-2020,0,0,0,0,138,N/A,,3079,0,0.00,0.000
99,Repatriated travellers,Voyageurs rapatriés,16-03-2020,4,0,0,4,29,N/A,,,0,0.00,
62,Nunavut,Nunavut,16-03-2020,0,0,0,0,7,N/A,,181,0,0.00,0.000
1,Canada,Canada,16-03-2020,324,17,5,341,37730,N/A,,1004,88,34.78,0.907
59,British Columbia,Colombie-Britannique,17-03-2020,103,0,7,103,11612,N/A,,2290,30,41.10,2.031
48,Alberta,Alberta,17-03-2020,74,0,0,74,11487,N/A,,2628,18,32.14,1.693
47,Saskatchewan,Saskatchewan,17-03-2020,2,5,0,7,1066,N/A,,908,1,16.67,0.596
46,Manitoba,Manitoba,17-03-2020,7,0,0,7,2216,N/A,,1618,0,0.00,0.511
35,Ontario,Ontario,17-03-2020,177,0,1,177,11167,N/A,,767,32,22.07,1.215
24,Quebec,Québec,17-03-2020,50,0,0,50,4870,N/A,,574,11,28.21,0.589
10,Newfoundland and Labrador,Terre-Neuve-et-Labrador,17-03-2020,0,1,0,1,161,N/A,,309,0,0.00,0.192
13,New Brunswick,Nouveau-Brunswick,17-03-2020,2,5,0,7,295,N/A,,380,1,16.67,0.901
12,Nova Scotia,Nouvelle-Écosse,17-03-2020,0,5,0,5,1075,N/A,,1107,2,66.67,0.515
11,Prince Edward Island,Île-du-Prince-Édouard,17-03-2020,1,0,0,1,75,N/A,,478,0,0.00,0.637
60,Yukon,Yukon,17-03-2020,0,0,0,0,0,N/A,,,0,0.00,0.000
61,Northwest Territories,Territoires du Nord-Ouest,17-03-2020,0,0,0,0,145,N/A,,3235,0,0.00,0.000
62,Nunavut,Nunavut,17-03-2020,0,0,0,0,7,N/A,,181,0,0.00,0.000
99,Repatriated travellers,Voyageurs rapatriés,17-03-2020,8,0,0,8,29,N/A,,,4,100.00,
1,Canada,Canada,17-03-2020,424,16,8,440,44176,N/A,,1175,99,29.03,1.171
59,British Columbia,Colombie-Britannique,18-03-2020,186,0,7,186,13388,N/A,,2640,83,80.58,3.668
48,Alberta,Alberta,18-03-2020,97,0,0,97,13686,N/A,,3131,23,31.08,2.219
47,Saskatchewan,Saskatchewan,18-03-2020,2,6,0,8,1910,N/A,,1626,1,14.29,0.681
46,Manitoba,Manitoba,18-03-2020,8,7,0,15,2739,N/A,,2000,8,114.29,1.095
35,Ontario,Ontario,18-03-2020,189,0,1,189,13869,N/A,,952,12,6.78,1.297
24,Quebec,Québec,18-03-2020,74,0,1,74,5880,N/A,,693,24,48.00,0.872
10,Newfoundland and Labrador,Terre-Neuve-et-Labrador,18-03-2020,0,3,0,3,161,N/A,,309,2,200.00,0.575
13,New Brunswick,Nouveau-Brunswick,18-03-2020,2,6,0,8,408,N/A,,525,1,14.29,1.030
12,Nova Scotia,Nouvelle-Écosse,18-03-2020,1,6,0,7,1278,N/A,,1316,2,40.00,0.721
60,Yukon,Yukon,18-03-2020,0,0,0,0,0,N/A,,,0,0.00,0.000
11,Prince Edward Island,Île-du-Prince-Édouard,18-03-2020,1,0,0,1,75,N/A,,478,0,0.00,0.637
61,Northwest Territories,Territoires du Nord-Ouest,18-03-2020,0,0,0,0,145,N/A,,3235,0,0.00,0.000
99,Repatriated travellers,Voyageurs rapatriés,18-03-2020,9,0,0,9,29,N/A,,,1,12.50,
62,Nunavut,Nunavut,18-03-2020,0,0,0,0,7,N/A,,181,0,0.00,0.000
1,Canada,Canada,18-03-2020,569,28,9,597,53546,N/A,,1425,157,35.68,1.588
59,British Columbia,Colombie-Britannique,19-03-2020,271,0,8,271,16382,N/A,,3230,85,45.70,5.344
48,Alberta,Alberta,19-03-2020,146,0,1,146,16507,N/A,,3776,49,50.52,3.340
47,Saskatchewan,Saskatchewan,19-03-2020,8,12,0,20,1910,N/A,,1626,12,150.00,1.703
46,Manitoba,Manitoba,19-03-2020,17,0,0,17,3189,N/A,,2329,2,13.33,1.241
35,Ontario,Ontario,19-03-2020,258,0,2,258,18488,N/A,,1269,69,36.51,1.771
24,Quebec,Québec,19-03-2020,121,0,1,121,6757,N/A,,796,47,63.51,1.426
10,Newfoundland and Labrador,Terre-Neuve-et-Labrador,19-03-2020,1,2,0,3,267,N/A,,512,0,0.00,0.575
13,New Brunswick,Nouveau-Brunswick,19-03-2020,7,4,0,11,527,N/A,,678,3,37.50,1.416
12,Nova Scotia,Nouvelle-Écosse,19-03-2020,5,9,0,14,1520,N/A,,1565,7,100.00,1.441
11,Prince Edward Island,Île-du-Prince-Édouard,19-03-2020,2,0,0,2,75,N/A,,478,1,100.00,1.274
61,Northwest Territories,Territoires du Nord-Ouest,19-03-2020,0,0,0,0,221,N/A,,4930,0,0.00,0.000
62,Nunavut,Nunavut,19-03-2020,0,0,0,0,8,N/A,,206,0,0.00,0.000
60,Yukon,Yukon,19-03-2020,0,0,0,0,0,N/A,,,0,0.00,0.000
99,Repatriated travellers,Voyageurs rapatriés,19-03-2020,10,0,0,10,29,N/A,,,1,11.11,
1,Canada,Canada,19-03-2020,846,27,12,873,65851,N/A,,1752,276,46.23,2.322
59,British Columbia,Colombie-Britannique,20-03-2020,271,0,9,271,18792,N/A,,3706,0,0.00,5.344
48,Alberta,Alberta,20-03-2020,195,0,1,195,19782,N/A,,4525,49,33.56,4.461
47,Saskatchewan,Saskatchewan,20-03-2020,8,18,0,26,1910,N/A,,1626,6,30.00,2.214
46,Manitoba,Manitoba,20-03-2020,17,0,0,17,3367,N/A,,2459,0,0.00,1.241
35,Ontario,Ontario,20-03-2020,311,0,2,311,21499,N/A,,1476,53,20.54,2.135
24,Quebec,Québec,20-03-2020,139,0,1,139,8539,N/A,,1006,18,14.88,1.638
10,Newfoundland and Labrador,Terre-Neuve-et-Labrador,20-03-2020,3,1,0,4,287,N/A,,550,1,33.33,0.767
13,New Brunswick,Nouveau-Brunswick,20-03-2020,7,4,0,11,640,N/A,,824,0,0.00,1.416
12,Nova Scotia,Nouvelle-Écosse,20-03-2020,5,10,0,15,1647,N/A,,1695,1,7.14,1.544
11,Prince Edward Island,Île-du-Prince-Édouard,20-03-2020,2,0,0,2,75,N/A,,478,0,0.00,1.274
61,Northwest Territories,Territoires du Nord-Ouest,20-03-2020,0,0,0,0,268,N/A,,5979,0,0.00,0.000
62,Nunavut,Nunavut,20-03-2020,0,0,0,0,8,N/A,,206,0,0.00,0.000
60,Yukon,Yukon,20-03-2020,0,0,0,0,0,N/A,,,0,0.00,0.000
99,Repatriated travellers,Voyageurs rapatriés,20-03-2020,13,0,0,13,29,N/A,,,3,30.00,
1,Canada,Canada,20-03-2020,971,33,13,1004,76814,N/A,,2044,131,15.01,2.671
59,British Columbia,Colombie-Britannique,21-03-2020,424,0,10,424,20417,N/A,,4026,153,56.46,8.361
48,Alberta,Alberta,21-03-2020,226,0,1,226,23060,N/A,,5275,31,15.90,5.170
47,Saskatchewan,Saskatchewan,21-03-2020,25,19,0,44,3807,N/A,,3241,18,69.23,3.746
46,Manitoba,Manitoba,21-03-2020,11,8,0,19,3668,N/A,,2678,2,11.76,1.387
35,Ontario,Ontario,21-03-2020,377,0,3,377,25470,N/A,,1749,66,21.22,2.588
24,Quebec,Québec,21-03-2020,202,19,4,221,8539,N/A,,1006,82,58.99,2.605
10,Newfoundland and Labrador,Terre-Neuve-et-Labrador,21-03-2020,3,3,0,6,299,N/A,,573,2,50.00,1.150
13,New Brunswick,Nouveau-Brunswick,21-03-2020,9,8,0,17,865,N/A,,1114,6,54.55,2.188
12,Nova Scotia,Nouvelle-Écosse,21-03-2020,9,12,0,21,1956,N/A,,2014,6,40.00,2.162
11,Prince Edward Island,Île-du-Prince-Édouard,21-03-2020,2,0,0,2,75,N/A,,478,0,0.00,1.274
61,Northwest Territories,Territoires du Nord-Ouest,21-03-2020,1,0,0,1,301,N/A,,6715,1,0.00,2.231
62,Nunavut,Nunavut,21-03-2020,0,0,0,0,10,N/A,,258,0,0.00,0.000
60,Yukon,Yukon,21-03-2020,0,0,0,0,416,N/A,,10183,0,0.00,0.000
99,Repatriated travellers,Voyageurs rapatriés,21-03-2020,13,0,0,13,29,N/A,,,0,0.00,
1,Canada,Canada,21-03-2020,1302,69,18,1371,88883,N/A,,2365,367,36.55,3.647
59,British Columbia,Colombie-Britannique,22-03-2020,424,0,10,424,22135,N/A,,4365,0,0.00,8.361
48,Alberta,Alberta,22-03-2020,259,0,1,259,26999,N/A,,6176,33,14.60,5.925
47,Saskatchewan,Saskatchewan,22-03-2020,33,19,0,52,4407,N/A,,3752,8,18.18,4.428
46,Manitoba,Manitoba,22-03-2020,11,8,0,19,3936,N/A,,2874,0,0.00,1.387
35,Ontario,Ontario,22-03-2020,425,0,5,425,28570,N/A,,1961,48,12.73,2.918
24,Quebec,Québec,22-03-2020,221,0,4,221,8539,N/A,,1006,0,0.00,2.605
10,Newfoundland and Labrador,Terre-Neuve-et-Labrador,22-03-2020,3,6,0,9,299,N/A,,573,3,50.00,1.726
13,New Brunswick,Nouveau-Brunswick,22-03-2020,9,8,0,17,924,N/A,,1189,0,0.00,2.188
12,Nova Scotia,Nouvelle-Écosse,22-03-2020,28,0,0,28,2210,N/A,,2275,7,33.33,2.882
11,Prince Edward Island,Île-du-Prince-Édouard,22-03-2020,3,0,0,3,75,N/A,,478,1,50.00,1.911
61,Northwest Territories,Territoires du Nord-Ouest,22-03-2020,1,0,0,1,301,N/A,,6715,0,0.00,2.231
62,Nunavut,Nunavut,22-03-2020,0,0,0,0,13,N/A,,335,0,0.00,0.000
60,Yukon,Yukon,22-03-2020,0,0,0,0,416,N/A,,10183,0,0.00,0.000
99,Repatriated travellers,Voyageurs rapatriés,22-03-2020,13,0,0,13,29,N/A,,,0,0.00,
1,Canada,Canada,22-03-2020,1430,41,20,1471,98824,N/A,,2629,100,7.29,3.913
59,British Columbia,Colombie-Britannique,23-03-2020,472,0,13,472,23460,N/A,,4626,48,11.32,9.307
48,Alberta,Alberta,23-03-2020,301,0,1,301,29757,N/A,,6807,42,16.22,6.886
47,Saskatchewan,Saskatchewan,23-03-2020,65,1,0,66,5130,N/A,,4368,14,26.92,5.620
46,Manitoba,Manitoba,23-03-2020,11,9,0,20,4133,N/A,,3018,1,5.26,1.460
35,Ontario,Ontario,23-03-2020,503,0,6,503,30688,N/A,,2107,78,18.35,3.453
24,Quebec,Québec,23-03-2020,221,407,4,628,8539,N/A,,1006,407,184.16,7.401
10,Newfoundland and Labrador,Terre-Neuve-et-Labrador,23-03-2020,4,20,0,24,894,N/A,,1714,15,166.67,4.602
13,New Brunswick,Nouveau-Brunswick,23-03-2020,9,8,0,17,1139,N/A,,1466,0,0.00,2.188
12,Nova Scotia,Nouvelle-Écosse,23-03-2020,41,0,0,41,2408,N/A,,2479,13,46.43,4.221
11,Prince Edward Island,Île-du-Prince-Édouard,23-03-2020,3,0,0,3,206,N/A,,1313,0,0.00,1.911
61,Northwest Territories,Territoires du Nord-Ouest,23-03-2020,1,0,0,1,364,N/A,,8120,0,0.00,2.231
62,Nunavut,Nunavut,23-03-2020,0,0,0,0,13,N/A,,335,0,0.00,0.000
60,Yukon,Yukon,23-03-2020,2,0,0,2,416,N/A,,10183,2,0.00,4.895
99,Repatriated travellers,Voyageurs rapatriés,23-03-2020,13,0,0,13,76,N/A,,,0,0.00,
1,Canada,Canada,23-03-2020,1646,445,24,2091,107147,N/A,,2850,620,42.15,5.563
59,British Columbia,Colombie-Britannique,24-03-2020,617,0,13,617,26305,N/A,,5187,145,30.72,12.166
48,Alberta,Alberta,24-03-2020,358,0,2,358,32776,N/A,,7498,57,18.94,8.190
47,Saskatchewan,Saskatchewan,24-03-2020,72,0,0,72,5604,N/A,,4772,6,9.09,6.130
46,Manitoba,Manitoba,24-03-2020,11,10,0,21,4406,N/A,,3217,1,5.00,1.533
35,Ontario,Ontario,24-03-2020,588,0,8,588,34727,N/A,,2384,85,16.90,4.037
24,Quebec,Québec,24-03-2020,221,792,4,1013,15071,N/A,,1776,385,61.31,11.939
10,Newfoundland and Labrador,Terre-Neuve-et-Labrador,24-03-2020,4,31,0,35,1087,N/A,,2084,11,45.83,6.711
13,New Brunswick,Nouveau-Brunswick,24-03-2020,18,0,0,18,1261,N/A,,1623,1,5.88,2.317
12,Nova Scotia,Nouvelle-Écosse,24-03-2020,51,0,0,51,2641,N/A,,2719,10,24.39,5.250
11,Prince Edward Island,Île-du-Prince-Édouard,24-03-2020,3,0,0,3,206,N/A,,1313,0,0.00,1.911
60,Yukon,Yukon,24-03-2020,2,0,0,2,416,N/A,,10183,0,0.00,4.895
61,Northwest Territories,Territoires du Nord-Ouest,24-03-2020,1,0,0,1,481,N/A,,10730,0,0.00,2.231
62,Nunavut,Nunavut,24-03-2020,0,0,0,0,81,N/A,,2089,0,0.00,0.000
99,Repatriated travellers,Voyageurs rapatriés,24-03-2020,13,0,0,13,76,N/A,,,0,0.00,
1,Canada,Canada,24-03-2020,1959,833,27,2792,125062,N/A,,3327,701,33.52,7.428
59,British Columbia,Colombie-Britannique,25-03-2020,659,0,14,659,28344,N/A,,5589,42,6.81,12.995
48,Alberta,Alberta,25-03-2020,419,0,2,419,35508,N/A,,8123,61,17.04,9.585
47,Saskatchewan,Saskatchewan,25-03-2020,86,0,0,86,6111,N/A,,5203,14,19.44,7.323
46,Manitoba,Manitoba,25-03-2020,11,24,0,35,4740,N/A,,3461,14,66.67,2.556
35,Ontario,Ontario,25-03-2020,688,0,13,688,38040,N/A,,2611,100,17.01,4.723
24,Quebec,Québec,25-03-2020,1339,0,6,1339,27828,N/A,,3280,326,32.18,15.781
10,Newfoundland and Labrador,Terre-Neuve-et-Labrador,25-03-2020,67,0,0,67,1235,N/A,,2368,32,91.43,12.847
13,New Brunswick,Nouveau-Brunswick,25-03-2020,26,0,0,26,1680,N/A,,2163,8,44.44,3.347
12,Nova Scotia,Nouvelle-Écosse,25-03-2020,68,0,0,68,3008,N/A,,3097,17,33.33,7.000
11,Prince Edward Island,Île-du-Prince-Édouard,25-03-2020,5,0,0,5,301,N/A,,1918,2,66.67,3.186
61,Northwest Territories,Territoires du Nord-Ouest,25-03-2020,1,0,0,1,481,N/A,,10730,0,0.00,2.231
62,Nunavut,Nunavut,25-03-2020,0,0,0,0,97,N/A,,2501,0,0.00,0.000
60,Yukon,Yukon,25-03-2020,3,0,0,3,416,N/A,,10183,1,50.00,7.343
99,Repatriated travellers,Voyageurs rapatriés,25-03-2020,13,0,0,13,76,N/A,,,0,0.00,
1,Canada,Canada,25-03-2020,3385,24,35,3409,147789,N/A,,3932,617,22.10,9.069
59,British Columbia,Colombie-Britannique,26-03-2020,725,0,14,725,30238,186,25.66,5963,66,10.02,14.296
48,Alberta,Alberta,26-03-2020,486,0,2,486,36600,27,5.56,8373,67,15.99,11.118
47,Saskatchewan,Saskatchewan,26-03-2020,95,0,0,95,6729,3,3.16,5729,9,10.47,8.089
46,Manitoba,Manitoba,26-03-2020,11,25,0,36,5429,1,2.78,3964,1,2.86,2.629
35,Ontario,Ontario,26-03-2020,858,0,15,858,41217,8,0.93,2830,170,24.71,5.890
24,Quebec,Québec,26-03-2020,1629,0,8,1629,33311,2,0.12,3926,290,21.66,19.199
10,Newfoundland and Labrador,Terre-Neuve-et-Labrador,26-03-2020,82,0,0,82,1447,N/A,,2774,15,22.39,15.723
13,New Brunswick,Nouveau-Brunswick,26-03-2020,33,0,0,33,1849,N/A,,2380,7,26.92,4.248
12,Nova Scotia,Nouvelle-Écosse,26-03-2020,73,0,0,73,3417,2,2.74,3518,5,7.35,7.515
11,Prince Edward Island,Île-du-Prince-Édouard,26-03-2020,9,0,0,9,353,1,11.11,2249,4,80.00,5.734
61,Northwest Territories,Territoires du Nord-Ouest,26-03-2020,1,0,0,1,481,N/A,,10730,0,0.00,2.231
62,Nunavut,Nunavut,26-03-2020,0,0,0,0,116,N/A,,2991,0,0.00,0.000
60,Yukon,Yukon,26-03-2020,3,0,0,3,416,N/A,,10183,0,0.00,7.343
99,Repatriated travellers,Voyageurs rapatriés,26-03-2020,13,0,0,13,76,N/A,,,0,0.00,
1,Canada,Canada,26-03-2020,4018,25,39,4043,161603,230,5.69,4299,634,18.60,10.756
59,British Columbia,Colombie-Britannique,27-03-2020,725,0,14,725,31536,186,25.66,6218,0,0.00,14.296
48,Alberta,Alberta,27-03-2020,542,0,2,542,38215,27,4.98,8742,56,11.52,12.399
47,Saskatchewan,Saskatchewan,27-03-2020,104,0,0,104,7360,3,2.88,6267,9,9.47,8.855
46,Manitoba,Manitoba,27-03-2020,25,14,1,39,6022,1,2.56,4397,3,8.33,2.848
35,Ontario,Ontario,27-03-2020,993,0,18,993,43651,8,0.81,2997,135,15.73,6.817
24,Quebec,Québec,27-03-2020,2021,0,18,2021,34356,29,1.43,4049,392,24.06,23.819
10,Newfoundland and Labrador,Terre-Neuve-et-Labrador,27-03-2020,102,0,0,102,1684,N/A,,3229,20,24.39,19.557
13,New Brunswick,Nouveau-Brunswick,27-03-2020,45,0,0,45,2179,1,2.22,2805,12,36.36,5.793
12,Nova Scotia,Nouvelle-Écosse,27-03-2020,90,0,0,90,3946,2,2.22,4062,17,23.29,9.265
11,Prince Edward Island,Île-du-Prince-Édouard,27-03-2020,11,0,0,11,422,1,9.09,2689,2,22.22,7.009
61,Northwest Territories,Territoires du Nord-Ouest,27-03-2020,1,0,0,1,545,N/A,,12158,0,0.00,2.231
62,Nunavut,Nunavut,27-03-2020,0,0,0,0,125,N/A,,3223,0,0.00,0.000
60,Yukon,Yukon,27-03-2020,3,0,0,3,603,N/A,,14760,0,0.00,7.343
99,Repatriated travellers,Voyageurs rapatriés,27-03-2020,13,0,0,13,76,N/A,,,0,0.00,
1,Canada,Canada,27-03-2020,4675,14,53,4689,170644,256,5.46,4540,646,15.98,12.474
59,British Columbia,Colombie-Britannique,28-03-2020,884,0,16,884,31536,396,44.80,6218,159,21.93,17.431
48,Alberta,Alberta,28-03-2020,542,0,2,542,38215,53,9.78,8742,0,0.00,12.399
47,Saskatchewan,Saskatchewan,28-03-2020,134,0,0,134,8009,3,2.24,6819,30,28.85,11.409
46,Manitoba,Manitoba,28-03-2020,25,39,1,64,6931,1,1.56,5061,25,64.10,4.673
35,Ontario,Ontario,28-03-2020,993,0,18,993,45836,8,0.81,3147,0,0.00,6.817
24,Quebec,Québec,28-03-2020,2498,0,22,2498,46087,29,1.16,5432,477,23.60,29.440
10,Newfoundland and Labrador,Terre-Neuve-et-Labrador,28-03-2020,120,0,0,120,1907,4,3.33,3656,18,17.65,23.009
13,New Brunswick,Nouveau-Brunswick,28-03-2020,51,0,0,51,2512,2,3.92,3234,6,13.33,6.565
12,Nova Scotia,Nouvelle-Écosse,28-03-2020,110,0,0,110,4487,4,3.64,4619,20,22.22,11.324
11,Prince Edward Island,Île-du-Prince-Édouard,28-03-2020,11,0,0,11,422,1,9.09,2689,0,0.00,7.009
61,Northwest Territories,Territoires du Nord-Ouest,28-03-2020,1,0,0,1,740,N/A,,16508,0,0.00,2.231
62,Nunavut,Nunavut,28-03-2020,0,0,0,0,125,N/A,,3223,0,0.00,0.000
60,Yukon,Yukon,28-03-2020,4,0,0,4,641,N/A,,15690,1,33.33,9.791
99,Repatriated travellers,Voyageurs rapatriés,28-03-2020,13,0,0,13,76,N/A,,,0,0.00,
1,Canada,Canada,28-03-2020,5386,39,59,5425,187448,502,9.25,4987,736,15.70,14.432
59,British Columbia,Colombie-Britannique,29-03-2020,884,0,17,884,33476,396,44.80,6601,0,0.00,17.431
48,Alberta,Alberta,29-03-2020,621,0,2,621,44097,73,11.76,10088,79,14.58,14.206
47,Saskatchewan,Saskatchewan,29-03-2020,134,0,0,134,8822,4,2.99,7512,0,0.00,11.409
46,Manitoba,Manitoba,29-03-2020,69,3,1,72,7876,1,1.39,5751,8,12.50,5.258
35,Ontario,Ontario,29-03-2020,1355,0,19,1355,52002,8,0.59,3570,362,36.46,9.302
24,Quebec,Québec,29-03-2020,2840,0,22,2840,52204,29,1.02,6153,342,13.69,33.471
10,Newfoundland and Labrador,Terre-Neuve-et-Labrador,29-03-2020,135,0,0,135,2107,4,2.96,4040,15,12.50,25.885
13,New Brunswick,Nouveau-Brunswick,29-03-2020,66,0,0,66,2847,2,3.03,3665,15,29.41,8.496
12,Nova Scotia,Nouvelle-Écosse,29-03-2020,122,0,0,122,4984,4,3.28,5131,12,10.91,12.559
11,Prince Edward Island,Île-du-Prince-Édouard,29-03-2020,11,0,0,11,477,1,9.09,3039,0,0.00,7.009
61,Northwest Territories,Territoires du Nord-Ouest,29-03-2020,1,0,0,1,740,N/A,,16508,0,0.00,2.231
62,Nunavut,Nunavut,29-03-2020,0,0,0,0,125,N/A,,3223,0,0.00,0.000
60,Yukon,Yukon,29-03-2020,4,0,0,4,678,N/A,,16596,0,0.00,9.791
99,Repatriated travellers,Voyageurs rapatriés,29-03-2020,13,0,0,13,76,N/A,,,0,0.00,
1,Canada,Canada,29-03-2020,6255,3,61,6258,210435,522,8.34,5598,833,15.35,16.648
59,British Columbia,Colombie-Britannique,30-03-2020,960,0,19,960,34969,469,48.85,6895,76,8.60,18.930
48,Alberta,Alberta,30-03-2020,690,0,8,690,46057,94,13.62,10536,69,11.11,15.785
47,Saskatchewan,Saskatchewan,30-03-2020,175,0,2,175,9372,14,8.00,7980,41,30.60,14.900
46,Manitoba,Manitoba,30-03-2020,83,13,1,96,8326,2,2.08,6080,24,33.33,7.010
35,Ontario,Ontario,30-03-2020,1706,0,33,1706,54112,431,25.26,3715,351,25.90,11.712
24,Quebec,Québec,30-03-2020,3430,0,25,3430,59715,29,0.85,7038,590,20.77,40.424
10,Newfoundland and Labrador,Terre-Neuve-et-Labrador,30-03-2020,148,0,1,148,2332,7,4.73,4471,13,9.63,28.377
13,New Brunswick,Nouveau-Brunswick,30-03-2020,68,0,0,68,3267,2,2.94,4206,2,3.03,8.754
12,Nova Scotia,Nouvelle-Écosse,30-03-2020,127,0,0,127,5492,10,7.87,5654,5,4.10,13.074
11,Prince Edward Island,Île-du-Prince-Édouard,30-03-2020,18,0,0,18,477,1,5.56,3039,7,63.64,11.469
61,Northwest Territories,Territoires du Nord-Ouest,30-03-2020,1,0,0,1,740,N/A,,16508,0,0.00,2.231
62,Nunavut,Nunavut,30-03-2020,0,0,0,0,158,N/A,,4074,0,0.00,0.000
60,Yukon,Yukon,30-03-2020,5,0,0,5,688,N/A,,16840,1,25.00,12.239
99,Repatriated travellers,Voyageurs rapatriés,30-03-2020,13,0,0,13,76,9,69.23,,0,0.00,
1,Canada,Canada,30-03-2020,7424,13,89,7437,225705,1068,14.36,6005,1179,18.84,19.785
59,British Columbia,Colombie-Britannique,31-03-2020,970,0,19,970,36024,507,52.27,7103,10,1.04,19.127
48,Alberta,Alberta,31-03-2020,754,0,9,754,48692,120,15.92,11139,64,9.28,17.249
47,Saskatchewan,Saskatchewan,31-03-2020,184,0,2,184,9372,21,11.41,7980,9,5.14,15.667
46,Manitoba,Manitoba,31-03-2020,91,12,1,103,8629,4,3.88,6301,7,7.29,7.521
35,Ontario,Ontario,31-03-2020,1966,0,33,1966,55909,534,27.16,3838,260,15.24,13.497
24,Quebec,Québec,31-03-2020,4162,0,31,4162,67540,29,0.70,7960,732,21.34,49.051
10,Newfoundland and Labrador,Terre-Neuve-et-Labrador,31-03-2020,152,0,1,152,2500,7,4.61,4793,4,2.70,29.144
13,New Brunswick,Nouveau-Brunswick,31-03-2020,70,0,0,70,3630,9,12.86,4673,2,2.94,9.011
12,Nova Scotia,Nouvelle-Écosse,31-03-2020,147,0,0,147,6614,10,6.80,6809,20,15.75,15.133
11,Prince Edward Island,Île-du-Prince-Édouard,31-03-2020,21,0,0,21,551,1,4.76,3511,3,16.67,13.380
61,Northwest Territories,Territoires du Nord-Ouest,31-03-2020,1,0,0,1,808,N/A,,18025,0,0.00,2.231
62,Nunavut,Nunavut,31-03-2020,0,0,0,0,167,N/A,,4306,0,0.00,0.000
60,Yukon,Yukon,31-03-2020,5,0,0,5,702,N/A,,17183,0,0.00,12.239
99,Repatriated travellers,Voyageurs rapatriés,31-03-2020,13,0,0,13,76,12,92.31,,0,0.00,
1,Canada,Canada,31-03-2020,8536,12,96,8548,241138,1254,14.67,6415,1111,14.94,22.741
59,British Columbia,Colombie-Britannique,01-04-2020,1066,0,25,1066,36364,606,56.85,7170,96,9.90,21.020
48,Alberta,Alberta,01-04-2020,754,0,9,754,53141,142,18.83,12157,0,0.00,17.249
47,Saskatchewan,Saskatchewan,01-04-2020,193,0,3,193,10202,30,15.54,8687,9,4.89,16.433
46,Manitoba,Manitoba,01-04-2020,109,18,1,127,9811,4,3.15,7164,24,23.30,9.274
35,Ontario,Ontario,01-04-2020,2392,0,37,2392,61009,689,28.80,4188,426,21.67,16.421
24,Quebec,Québec,01-04-2020,4611,0,33,4611,69711,29,0.63,8216,449,10.79,54.343
10,Newfoundland and Labrador,Terre-Neuve-et-Labrador,01-04-2020,175,0,1,175,2762,10,5.71,5296,23,15.13,33.554
13,New Brunswick,Nouveau-Brunswick,01-04-2020,81,0,0,81,4121,14,17.28,5305,11,15.71,10.427
12,Nova Scotia,Nouvelle-Écosse,01-04-2020,173,0,0,173,7405,11,6.36,7623,26,17.69,17.809
11,Prince Edward Island,Île-du-Prince-Édouard,01-04-2020,21,0,0,21,551,3,14.29,3511,0,0.00,13.380
61,Northwest Territories,Territoires du Nord-Ouest,01-04-2020,2,0,0,2,951,N/A,,21215,1,100.00,4.462
62,Nunavut,Nunavut,01-04-2020,0,0,0,0,183,N/A,,4719,0,0.00,0.000
60,Yukon,Yukon,01-04-2020,5,0,0,5,722,3,60.00,17673,0,0.00,12.239
99,Repatriated travellers,Voyageurs rapatriés,01-04-2020,13,0,0,13,76,12,92.31,,0,0.00,
1,Canada,Canada,01-04-2020,9595,18,109,9613,256933,1553,16.16,6835,1065,12.46,25.574
59,British Columbia,Colombie-Britannique,02-04-2020,1121,0,31,1121,36966,641,57.18,7289,55,5.16,22.105
48,Alberta,Alberta,02-04-2020,968,0,13,968,57096,174,17.98,13062,214,28.38,22.144
47,Saskatchewan,Saskatchewan,02-04-2020,206,0,3,206,11034,36,17.48,9395,13,6.74,17.540
46,Manitoba,Manitoba,02-04-2020,152,15,1,167,11098,11,6.59,8104,40,31.50,12.195
35,Ontario,Ontario,02-04-2020,2793,0,53,2793,64785,831,29.75,4448,401,16.76,19.174
24,Quebec,Québec,02-04-2020,5518,0,36,5518,74542,224,4.06,8785,907,19.67,65.033
10,Newfoundland and Labrador,Terre-Neuve-et-Labrador,02-04-2020,183,0,1,183,2904,10,5.46,5568,8,4.57,35.088
13,New Brunswick,Nouveau-Brunswick,02-04-2020,91,0,0,91,4625,22,24.18,5954,10,12.35,11.714
12,Nova Scotia,Nouvelle-Écosse,02-04-2020,193,0,0,193,8059,16,8.29,8296,20,11.56,19.868
11,Prince Edward Island,Île-du-Prince-Édouard,02-04-2020,22,0,0,22,653,3,13.64,4161,1,4.76,14.017
60,Yukon,Yukon,02-04-2020,6,0,0,6,742,3,50.00,18162,4,200.00,14.686
61,Northwest Territories,Territoires du Nord-Ouest,02-04-2020,2,0,0,2,969,N/A,,21617,2,0.00,4.462
62,Nunavut,Nunavut,02-04-2020,0,0,0,0,193,N/A,,4977,-5,-100.00,0.000
99,Repatriated travellers,Voyageurs rapatriés,02-04-2020,13,0,0,13,76,12,92.31,,0,0.00,
1,Canada,Canada,02-04-2020,11268,15,138,11283,273666,1983,17.58,7280,1670,17.37,30.017
59,British Columbia,Colombie-Britannique,03-04-2020,1174,0,35,1174,39926,641,54.60,7873,53,4.73,23.150
48,Alberta,Alberta,03-04-2020,1075,0,18,1075,60508,N/A,,13842,107,11.05,24.592
47,Saskatchewan,Saskatchewan,03-04-2020,220,0,3,220,11720,N/A,,9979,14,6.80,18.732
46,Manitoba,Manitoba,03-04-2020,164,18,2,182,11650,N/A,,8507,15,8.98,13.290
35,Ontario,Ontario,03-04-2020,3255,0,67,3255,67998,N/A,,4668,462,16.54,22.346
24,Quebec,Québec,03-04-2020,6101,0,61,6101,83570,N/A,,9849,583,10.57,71.904
10,Newfoundland and Labrador,Terre-Neuve-et-Labrador,03-04-2020,183,0,1,183,3136,N/A,,6013,0,0.00,35.088
13,New Brunswick,Nouveau-Brunswick,03-04-2020,95,0,0,95,5036,N/A,,6483,4,4.40,12.229
12,Nova Scotia,Nouvelle-Écosse,03-04-2020,207,0,0,207,8799,N/A,,9058,14,7.25,21.310
11,Prince Edward Island,Île-du-Prince-Édouard,03-04-2020,22,0,0,22,653,N/A,,4161,0,0.00,14.017
60,Yukon,Yukon,03-04-2020,6,0,0,6,753,N/A,,18431,0,0.00,14.686
61,Northwest Territories,Territoires du Nord-Ouest,03-04-2020,4,0,0,4,1109,N/A,,24740,2,100.00,8.923
62,Nunavut,Nunavut,03-04-2020,0,0,0,0,207,N/A,,5338,0,0.00,0.000
99,Repatriated travellers,Voyageurs rapatriés,03-04-2020,13,0,0,13,76,N/A,,,0,0.00,
1,Canada,Canada,03-04-2020,12519,18,187,12537,295065,N/A,,7850,1254,11.11,33.353
59,British Columbia,Colombie-Britannique,04-04-2020,1203,0,38,1203,40771,705,58.60,8039,29,2.47,23.722
48,Alberta,Alberta,04-04-2020,1075,0,18,1075,62520,N/A,,14302,0,0.00,24.592
47,Saskatchewan,Saskatchewan,04-04-2020,231,0,3,231,12244,N/A,,10425,11,5.00,19.669
46,Manitoba,Manitoba,04-04-2020,172,22,2,194,12191,N/A,,8902,12,6.59,14.166
35,Ontario,Ontario,04-04-2020,3630,0,94,3630,72674,N/A,,4989,375,11.52,24.920
24,Quebec,Québec,04-04-2020,6997,0,75,6997,90227,N/A,,10634,896,14.69,82.464
10,Newfoundland and Labrador,Terre-Neuve-et-Labrador,04-04-2020,195,0,1,195,3345,N/A,,6414,12,6.56,37.389
13,New Brunswick,Nouveau-Brunswick,04-04-2020,98,0,0,98,5297,N/A,,6819,3,3.16,12.615
12,Nova Scotia,Nouvelle-Écosse,04-04-2020,236,0,0,236,9722,N/A,,10008,29,14.01,24.295
11,Prince Edward Island,Île-du-Prince-Édouard,04-04-2020,22,0,0,22,839,N/A,,5346,0,0.00,14.017
60,Yukon,Yukon,04-04-2020,6,0,0,6,765,N/A,,18725,0,0.00,14.686
61,Northwest Territories,Territoires du Nord-Ouest,04-04-2020,4,0,0,4,1169,N/A,,26079,0,0.00,8.923
62,Nunavut,Nunavut,04-04-2020,0,0,0,0,207,N/A,,5338,0,0.00,0.000
99,Repatriated travellers,Voyageurs rapatriés,04-04-2020,13,0,0,13,76,N/A,,,0,0.00,
1,Canada,Canada,04-04-2020,13882,22,231,13904,311971,N/A,,8299,1367,10.90,36.989
59,British Columbia,Colombie-Britannique,05-04-2020,1203,0,38,1203,41556,704,58.52,8194,0,0.00,23.722
48,Alberta,Alberta,05-04-2020,1250,0,23,1250,63315,240,19.20,14484,175,16.28,28.596
47,Saskatchewan,Saskatchewan,05-04-2020,249,0,3,249,13055,55,22.09,11116,18,7.79,21.201
46,Manitoba,Manitoba,05-04-2020,187,16,2,203,12771,17,8.37,9326,9,4.64,14.823
35,Ontario,Ontario,05-04-2020,4038,0,119,4038,76027,1219,30.19,5219,408,11.24,27.721
24,Quebec,Québec,05-04-2020,7944,0,94,7944,95955,0,0.00,11309,947,13.53,93.624
10,Newfoundland and Labrador,Terre-Neuve-et-Labrador,05-04-2020,217,0,1,217,3556,11,5.07,6818,22,11.28,41.607
13,New Brunswick,Nouveau-Brunswick,05-04-2020,101,0,0,101,5421,28,27.72,6978,3,3.06,13.002
12,Nova Scotia,Nouvelle-Écosse,05-04-2020,262,0,0,262,10084,50,19.08,10381,26,11.02,26.972
11,Prince Edward Island,Île-du-Prince-Édouard,05-04-2020,22,0,0,22,839,6,27.27,5346,0,0.00,14.017
60,Yukon,Yukon,05-04-2020,6,0,0,6,770,4,66.67,18848,0,0.00,14.686
61,Northwest Territories,Territoires du Nord-Ouest,05-04-2020,4,0,0,4,1215,1,25.00,27105,0,0.00,8.923
62,Nunavut,Nunavut,05-04-2020,0,0,0,0,227,0,N/A,5854,0,0.00,0.000
99,Repatriated travellers,Voyageurs rapatriés,05-04-2020,13,0,0,13,76,0,0.00,,0,0.00,
1,Canada,Canada,05-04-2020,15496,16,280,15512,324791,2335,15.05,8641,1608,11.57,41.267
59,British Columbia,Colombie-Britannique,06-04-2020,1266,0,39,1266,42665,783,61.85,8413,63,5.24,24.964
48,Alberta,Alberta,06-04-2020,1348,0,24,1348,64183,361,26.78,14683,98,7.84,30.837
47,Saskatchewan,Saskatchewan,06-04-2020,253,0,3,253,13680,81,32.02,11648,4,1.61,21.542
46,Manitoba,Manitoba,06-04-2020,190,14,2,204,13788,17,8.33,10068,1,0.49,14.896
35,Ontario,Ontario,06-04-2020,4347,0,132,4347,79125,1624,37.36,5432,309,7.65,29.842
24,Quebec,Québec,06-04-2020,8580,0,121,8580,100113,611,7.12,11799,636,8.01,101.120
10,Newfoundland and Labrador,Terre-Neuve-et-Labrador,06-04-2020,226,0,2,226,3776,32,14.16,7240,9,4.15,43.333
13,New Brunswick,Nouveau-Brunswick,06-04-2020,103,0,0,103,5678,30,29.13,7309,2,1.98,13.259
12,Nova Scotia,Nouvelle-Écosse,06-04-2020,293,0,0,293,10738,64,21.84,11054,31,11.83,30.163
11,Prince Edward Island,Île-du-Prince-Édouard,06-04-2020,22,0,0,22,839,8,36.36,5346,0,0.00,14.017
60,Yukon,Yukon,06-04-2020,7,0,0,7,775,4,57.14,18970,1,16.67,17.134
61,Northwest Territories,Territoires du Nord-Ouest,06-04-2020,5,0,0,5,1217,1,20.00,27149,1,25.00,11.154
62,Nunavut,Nunavut,06-04-2020,0,0,0,0,229,0,N/A,5905,0,0.00,0.000
99,Repatriated travellers,Voyageurs rapatriés,06-04-2020,13,0,0,13,76,0,0.00,,0,0.00,
1,Canada,Canada,06-04-2020,16653,14,323,16667,336806,3616,21.70,8960,1155,7.45,44.340
59,British Columbia,Colombie-Britannique,07-04-2020,1291,0,43,1291,43257,783,60.65,8530,25,1.97,25.457
48,Alberta,Alberta,07-04-2020,1373,0,26,1373,65265,,,14930,25,1.85,31.409
47,Saskatchewan,Saskatchewan,07-04-2020,260,0,3,260,14203,,,12093,7,2.77,22.138
46,Manitoba,Manitoba,07-04-2020,203,14,3,217,13990,,,10216,13,6.37,15.846
35,Ontario,Ontario,07-04-2020,4726,0,153,4726,82055,,,5633,379,8.72,32.444
24,Quebec,Québec,07-04-2020,9340,0,150,9340,104526,,,12319,760,8.86,110.077
10,Newfoundland and Labrador,Terre-Neuve-et-Labrador,07-04-2020,228,0,2,228,3958,,,7589,2,0.88,43.717
13,New Brunswick,Nouveau-Brunswick,07-04-2020,105,0,0,105,6102,,,7855,2,1.94,13.517
12,Nova Scotia,Nouvelle-Écosse,07-04-2020,310,0,0,310,11559,,,11899,17,5.80,31.913
11,Prince Edward Island,Île-du-Prince-Édouard,07-04-2020,22,0,0,22,939,,,5983,0,0.00,14.017
60,Yukon,Yukon,07-04-2020,7,0,0,7,787,,,19264,0,0.00,17.134
61,Northwest Territories,Territoires du Nord-Ouest,07-04-2020,5,0,0,5,1230,,,27439,0,0.00,11.154
62,Nunavut,Nunavut,07-04-2020,0,0,0,0,234,,,6034,0,0.00,0.000
99,Repatriated travellers,Voyageurs rapatriés,07-04-2020,13,0,0,13,76,,,,0,0.00,
1,Canada,Canada,07-04-2020,17883,14,380,17897,348105,,,9261,1230,7.38,47.612
59,British Columbia,Colombie-Britannique,08-04-2020,1336,0,48,1336,44269,838,62.72,8729,45,3.49,26.344
48,Alberta,Alberta,08-04-2020,1423,0,29,1423,66783,,,15278,50,3.64,32.553
47,Saskatchewan,Saskatchewan,08-04-2020,271,0,3,271,15059,,,12822,11,4.23,23.074
46,Manitoba,Manitoba,08-04-2020,206,15,3,221,14569,,,10638,4,1.84,16.138
35,Ontario,Ontario,08-04-2020,5276,0,174,5276,85703,,,5884,550,11.64,36.220
24,Quebec,Québec,08-04-2020,10031,0,175,10031,109270,,,12878,691,7.40,118.221
10,Newfoundland and Labrador,Terre-Neuve-et-Labrador,08-04-2020,232,0,2,232,4135,,,7928,4,1.75,44.483
13,New Brunswick,Nouveau-Brunswick,08-04-2020,108,0,0,108,6477,,,8338,3,2.86,13.903
12,Nova Scotia,Nouvelle-Écosse,08-04-2020,342,0,1,342,12072,,,12427,32,10.32,35.207
11,Prince Edward Island,Île-du-Prince-Édouard,08-04-2020,24,0,0,24,1347,,,8583,2,9.09,15.292
60,Yukon,Yukon,08-04-2020,7,0,0,7,794,,,19435,0,0.00,17.134
61,Northwest Territories,Territoires du Nord-Ouest,08-04-2020,5,0,0,5,1251,,,27908,0,0.00,11.154
62,Nunavut,Nunavut,08-04-2020,0,0,0,0,240,,,6189,0,0.00,0.000
99,Repatriated travellers,Voyageurs rapatriés,08-04-2020,13,0,0,13,76,,,,0,0.00,
1,Canada,Canada,08-04-2020,19274,15,435,19289,361969,,,9630,1392,7.78,51.315
59,British Columbia,Colombie-Britannique,09-04-2020,1370,0,50,1370,45156,858,62.63,8904,34,2.54,27.015
48,Alberta,Alberta,09-04-2020,1451,0,32,1451,68116,,,15582,28,1.97,33.194
47,Saskatchewan,Saskatchewan,09-04-2020,278,0,3,278,16059,,,13673,7,2.58,23.670
46,Manitoba,Manitoba,09-04-2020,207,17,3,224,14569,,,10638,3,1.36,16.357
35,Ontario,Ontario,09-04-2020,5759,0,200,5759,89906,,,6172,483,9.15,39.536
24,Quebec,Québec,09-04-2020,10912,0,216,10912,113365,,,13361,881,8.78,128.604
10,Newfoundland and Labrador,Terre-Neuve-et-Labrador,09-04-2020,236,0,3,236,4384,,,8406,4,1.72,45.250
13,New Brunswick,Nouveau-Brunswick,09-04-2020,111,0,0,111,6949,,,8945,3,2.78,14.289
12,Nova Scotia,Nouvelle-Écosse,09-04-2020,373,0,2,373,13045,,,13429,31,9.06,38.398
11,Prince Edward Island,Île-du-Prince-Édouard,09-04-2020,25,0,0,25,1435,,,9143,1,4.17,15.929
60,Yukon,Yukon,09-04-2020,8,0,0,8,806,,,19729,1,14.29,19.582
61,Northwest Territories,Territoires du Nord-Ouest,09-04-2020,5,0,0,5,1265,,,28220,0,0.00,11.154
62,Nunavut,Nunavut,09-04-2020,0,0,0,0,247,,,6369,0,0.00,0.000
99,Repatriated travellers,Voyageurs rapatriés,09-04-2020,13,0,0,13,76,,,,0,0.00,
1,Canada,Canada,09-04-2020,20748,17,509,20765,375302,,,9984,1476,7.65,55.242
59,British Columbia,Colombie-Britannique,10-04-2020,1410,0,55,1410,46236,879,62.34,9117,40,2.92,27.803
48,Alberta,Alberta,10-04-2020,1500,0,39,1500,70080,,,16032,49,3.38,34.315
47,Saskatchewan,Saskatchewan,10-04-2020,285,0,3,285,16952,,,14434,7,2.52,24.266
46,Manitoba,Manitoba,10-04-2020,215,15,4,230,16075,,,11738,6,2.68,16.795
35,Ontario,Ontario,10-04-2020,6237,0,222,6237,94271,,,6472,478,8.30,42.817
24,Quebec,Québec,10-04-2020,11677,0,241,11677,118217,,,13933,765,7.01,137.620
10,Newfoundland and Labrador,Terre-Neuve-et-Labrador,10-04-2020,239,0,3,239,4520,,,8667,3,1.27,45.826
13,New Brunswick,Nouveau-Brunswick,10-04-2020,112,0,0,112,7299,,,9396,1,0.90,14.418
12,Nova Scotia,Nouvelle-Écosse,10-04-2020,407,0,2,407,13881,,,14290,34,9.12,41.899
11,Prince Edward Island,Île-du-Prince-Édouard,10-04-2020,25,0,0,25,1435,,,9143,0,0.00,15.929
60,Yukon,Yukon,10-04-2020,8,0,0,8,806,,,19729,0,0.00,19.582
61,Northwest Territories,Territoires du Nord-Ouest,10-04-2020,5,0,0,5,1342,,,29938,0,0.00,11.154
62,Nunavut,Nunavut,10-04-2020,0,0,0,0,261,,,6730,0,0.00,0.000
99,Repatriated travellers,Voyageurs rapatriés,10-04-2020,13,0,,13,76,,,,0,0.00,
1,Canada,Canada,10-04-2020,22133,15,569,22148,391375,,,10412,1383,6.66,58.921
59,British Columbia,Colombie-Britannique,11-04-2020,1445,0,58,1445,46236,905,62.63,9117,35,2.48,28.493
48,Alberta,Alberta,11-04-2020,1569,0,40,1569,72779,,,16649,69,4.60,35.893
47,Saskatchewan,Saskatchewan,11-04-2020,289,0,4,289,17716,,,15084,4,1.40,24.607
46,Manitoba,Manitoba,11-04-2020,226,17,4,243,16220,,,11844,13,5.65,17.744
35,Ontario,Ontario,11-04-2020,6648,0,253,6648,97838,,,6717,411,6.59,45.639
24,Quebec,Québec,11-04-2020,12292,0,289,12292,123115,,,14510,615,5.27,144.868
10,Newfoundland and Labrador,Terre-Neuve-et-Labrador,11-04-2020,241,0,3,241,4713,,,9037,2,0.84,46.209
13,New Brunswick,Nouveau-Brunswick,11-04-2020,112,0,0,112,7500,,,9655,0,0.00,14.418
12,Nova Scotia,Nouvelle-Écosse,11-04-2020,428,0,2,428,14511,,,14938,21,5.16,44.060
11,Prince Edward Island,Île-du-Prince-Édouard,11-04-2020,25,0,0,25,1577,,,10048,0,0.00,15.929
60,Yukon,Yukon,11-04-2020,8,0,0,8,815,,,19949,0,0.00,19.582
61,Northwest Territories,Territoires du Nord-Ouest,11-04-2020,5,0,0,5,1370,,,30563,0,0.00,11.154
62,Nunavut,Nunavut,11-04-2020,0,0,0,0,261,,,6730,0,0.00,0.000
99,Repatriated travellers,Voyageurs rapatriés,11-04-2020,13,0,,13,76,,,,0,0.00,
1,Canada,Canada,11-04-2020,23301,17,653,23318,404651,,,10765,1170,5.28,62.034
59,British Columbia,Colombie-Britannique,12-04-2020,1445,0,58,1445,48360,905,62.63,9536,0,0.00,28.493
48,Alberta,Alberta,12-04-2020,1651,0,44,1651,74709,,,17091,82,5.23,37.769
47,Saskatchewan,Saskatchewan,12-04-2020,296,2,4,298,18499,,,15751,9,3.11,25.373
46,Manitoba,Manitoba,12-04-2020,226,16,4,242,17066,,,12462,-1,-0.41,17.671
35,Ontario,Ontario,12-04-2020,7049,0,274,7049,104784,,,7193,401,6.03,48.392
24,Quebec,Québec,12-04-2020,12846,0,328,12846,126771,,,14941,554,4.51,151.397
10,Newfoundland and Labrador,Terre-Neuve-et-Labrador,12-04-2020,242,0,3,242,4812,,,9226,1,0.41,46.401
13,New Brunswick,Nouveau-Brunswick,12-04-2020,114,0,0,114,7760,,,9989,2,1.79,14.675
12,Nova Scotia,Nouvelle-Écosse,12-04-2020,445,0,2,445,15329,,,15780,17,3.97,45.810
11,Prince Edward Island,Île-du-Prince-Édouard,12-04-2020,25,0,0,25,1645,,,10481,0,0.00,15.929
60,Yukon,Yukon,12-04-2020,8,0,0,8,815,,,19949,0,0.00,19.582
61,Northwest Territories,Territoires du Nord-Ouest,12-04-2020,5,0,0,5,1386,,,30920,0,0.00,11.154
62,Nunavut,Nunavut,12-04-2020,0,0,0,0,264,,,6808,0,0.00,0.000
99,Repatriated travellers,Voyageurs rapatriés,12-04-2020,13,0,,13,76,,,,0,0.00,
1,Canada,Canada,12-04-2020,24365,18,717,24383,422200,,,11232,1065,4.57,64.867
59,British Columbia,Colombie-Britannique,13-04-2020,1490,0,69,1490,49370,926,62.15,9735,45,3.11,29.381
48,Alberta,Alberta,13-04-2020,1732,0,46,1732,77007,,,17616,81,4.91,39.622
47,Saskatchewan,Saskatchewan,13-04-2020,300,0,4,300,18995,,,16173,2,0.67,25.544
46,Manitoba,Manitoba,13-04-2020,229,17,4,246,17119,,,12501,4,1.65,17.963
35,Ontario,Ontario,13-04-2020,7470,0,291,7470,109764,,,7535,421,5.97,51.282
24,Quebec,Québec,13-04-2020,13557,0,360,13557,131570,,,15506,711,5.53,159.777
10,Newfoundland and Labrador,Terre-Neuve-et-Labrador,13-04-2020,244,0,3,244,4897,,,9389,2,0.83,46.784
13,New Brunswick,Nouveau-Brunswick,13-04-2020,116,0,0,116,8004,,,10303,2,1.75,14.933
12,Nova Scotia,Nouvelle-Écosse,13-04-2020,474,0,3,474,16548,,,17035,29,6.52,48.796
11,Prince Edward Island,Île-du-Prince-Édouard,13-04-2020,25,0,0,25,1715,,,10927,0,0.00,15.929
60,Yukon,Yukon,13-04-2020,8,0,0,8,832,,,20365,0,0.00,19.582
61,Northwest Territories,Territoires du Nord-Ouest,13-04-2020,5,0,0,5,1390,,,31009,0,0.00,11.154
62,Nunavut,Nunavut,13-04-2020,0,0,0,0,264,,,6808,0,0.00,0.000
99,Repatriated travellers,Voyageurs rapatriés,13-04-2020,13,0,,13,76,,,,0,0.00,
1,Canada,Canada,13-04-2020,25663,17,780,25680,437475,,,11638,1297,5.32,68.317
59,British Columbia,Colombie-Britannique,14-04-2020,1517,0,72,1517,50134,942,62.10,9886,27,1.81,29.913
48,Alberta,Alberta,14-04-2020,1870,0,48,1870,79695,,,18231,138,7.97,42.779
47,Saskatchewan,Saskatchewan,14-04-2020,301,0,4,301,19442,,,16554,1,0.33,25.629
46,Manitoba,Manitoba,14-04-2020,229,17,4,246,17789,,,12990,0,0.00,17.963
35,Ontario,Ontario,14-04-2020,7953,0,334,7953,115189,,,7908,483,6.47,54.598
24,Quebec,Québec,14-04-2020,14248,0,435,14248,137451,,,16199,691,5.10,167.921
10,Newfoundland and Labrador,Terre-Neuve-et-Labrador,14-04-2020,244,0,3,244,5370,,,10296,0,0.00,46.784
13,New Brunswick,Nouveau-Brunswick,14-04-2020,116,0,0,116,8229,,,10593,0,0.00,14.933
12,Nova Scotia,Nouvelle-Écosse,14-04-2020,517,0,3,517,17477,,,17992,43,9.07,53.222
11,Prince Edward Island,Île-du-Prince-Édouard,14-04-2020,25,0,0,25,1715,,,10927,0,0.00,15.929
60,Yukon,Yukon,14-04-2020,8,0,0,8,835,,,20439,0,0.00,19.582
61,Northwest Territories,Territoires du Nord-Ouest,14-04-2020,5,0,0,5,1393,,,31076,0,0.00,11.154
62,Nunavut,Nunavut,14-04-2020,0,0,0,0,264,,,6808,0,0.00,0.000
99,Repatriated travellers,Voyageurs rapatriés,14-04-2020,13,0,,13,76,,,,0,0.00,
1,Canada,Canada,14-04-2020,27046,17,903,27063,454983,,,12104,1383,5.39,71.997
59,British Columbia,Colombie-Britannique,15-04-2020,1561,0,75,1561,50438,955,61.18,9946,44,2.90,30.781
48,Alberta,Alberta,15-04-2020,1996,0,48,1996,79695,,,18231,126,6.74,45.661
47,Saskatchewan,Saskatchewan,15-04-2020,304,0,4,304,20013,,,17040,3,1.00,25.884
46,Manitoba,Manitoba,15-04-2020,231,17,5,246,17789,,,12990,0,0.00,17.963
35,Ontario,Ontario,15-04-2020,8447,0,385,8447,120182,,,8251,494,6.21,57.989
24,Quebec,Québec,15-04-2020,14860,0,487,14860,143174,,,16874,612,4.30,175.133
10,Newfoundland and Labrador,Terre-Neuve-et-Labrador,15-04-2020,247,0,3,247,5157,,,9888,3,1.23,47.360
13,New Brunswick,Nouveau-Brunswick,15-04-2020,117,0,0,117,8674,,,11166,1,0.86,15.061
12,Nova Scotia,Nouvelle-Écosse,15-04-2020,549,0,3,549,18245,,,18782,32,6.19,56.517
11,Prince Edward Island,Île-du-Prince-Édouard,15-04-2020,26,0,0,26,1863,,,11870,1,4.00,16.566
60,Yukon,Yukon,15-04-2020,8,0,0,8,841,,,20585,0,0.00,19.582
61,Northwest Territories,Territoires du Nord-Ouest,15-04-2020,5,0,0,5,1401,,,31254,0,0.00,11.154
62,Nunavut,Nunavut,15-04-2020,0,0,0,0,264,,,6808,0,0.00,0.000
99,Repatriated travellers,Voyageurs rapatriés,15-04-2020,13,0,,13,76,,,,0,0.00,
1,Canada,Canada,15-04-2020,28364,17,1010,28381,467736,,,12443,1318,4.87,75.503
59,British Columbia,Colombie-Britannique,16-04-2020,1561,0,75,1561,51297,955,61.18,10115,0,0.00,30.781
48,Alberta,Alberta,16-04-2020,2158,0,50,2158,85502,,,19560,162,8.12,49.367
47,Saskatchewan,Saskatchewan,16-04-2020,305,0,4,305,20631,,,17566,1,0.33,25.969
46,Manitoba,Manitoba,16-04-2020,239,11,5,250,18318,,,13376,4,1.63,18.255
35,Ontario,Ontario,16-04-2020,8961,0,423,8961,125309,,,8603,514,6.09,61.518
24,Quebec,Québec,16-04-2020,15857,0,630,15857,148571,,,17510,997,6.71,186.884
10,Newfoundland and Labrador,Terre-Neuve-et-Labrador,16-04-2020,252,0,3,252,5305,,,10172,5,2.02,48.318
13,New Brunswick,Nouveau-Brunswick,16-04-2020,117,0,0,117,8945,,,11515,0,0.00,15.061
12,Nova Scotia,Nouvelle-Écosse,16-04-2020,579,0,3,579,19239,,,19806,30,5.46,59.605
11,Prince Edward Island,Île-du-Prince-Édouard,16-04-2020,26,0,0,26,1946,,,12399,0,0.00,16.566
60,Yukon,Yukon,16-04-2020,8,0,0,8,849,,,20781,0,0.00,19.582
61,Northwest Territories,Territoires du Nord-Ouest,16-04-2020,5,0,0,5,1438,,,32080,0,0.00,11.154
62,Nunavut,Nunavut,16-04-2020,0,0,0,0,275,,,7091,0,0.00,0.000
99,Repatriated travellers,Voyageurs rapatriés,16-04-2020,13,0,,13,76,,,,0,0.00,
1,Canada,Canada,16-04-2020,30081,11,1193,30092,487625,,,12972,1711,6.03,80.055
59,British Columbia,Colombie-Britannique,17-04-2020,1575,0,77,1575,52378,955,60.63,10328,14,0.90,31.057
48,Alberta,Alberta,17-04-2020,2397,0,50,2397,89144,,,20393,239,11.08,54.835
47,Saskatchewan,Saskatchewan,17-04-2020,306,1,4,307,21212,,,18061,2,0.66,26.140
46,Manitoba,Manitoba,17-04-2020,239,11,5,250,18814,,,13738,0,0.00,18.255
35,Ontario,Ontario,17-04-2020,9525,0,478,9525,132133,,,9071,564,6.29,65.390
24,Quebec,Québec,17-04-2020,16798,0,688,16798,153722,,,18117,941,5.93,197.974
10,Newfoundland and Labrador,Terre-Neuve-et-Labrador,17-04-2020,256,0,3,256,5584,,,10707,4,1.59,49.085
13,New Brunswick,Nouveau-Brunswick,17-04-2020,117,0,0,117,9684,,,12466,0,0.00,15.061
12,Nova Scotia,Nouvelle-Écosse,17-04-2020,606,0,4,606,20432,,,21034,27,4.66,62.385
11,Prince Edward Island,Île-du-Prince-Édouard,17-04-2020,26,0,0,26,2013,,,12826,0,0.00,16.566
60,Yukon,Yukon,17-04-2020,9,0,0,9,852,,,20855,1,12.50,22.030
61,Northwest Territories,Territoires du Nord-Ouest,17-04-2020,5,0,0,5,1447,,,32280,0,0.00,11.154
62,Nunavut,Nunavut,17-04-2020,0,0,0,0,286,,,7375,0,0.00,0.000
99,Repatriated travellers,Voyageurs rapatriés,17-04-2020,13,0,,13,76,,,,0,0.00,
1,Canada,Canada,17-04-2020,31872,12,1309,31884,507701,,,13507,1792,5.96,84.822
59,British Columbia,Colombie-Britannique,18-04-2020,1618,0,78,1618,53569,966,59.70,10563,43,2.73,31.905
48,Alberta,Alberta,18-04-2020,2562,0,51,2562,92962,1162,45.36,21266,165,6.88,58.609
47,Saskatchewan,Saskatchewan,18-04-2020,310,3,4,313,21997,234,74.76,18729,6,1.95,26.651
46,Manitoba,Manitoba,18-04-2020,243,10,5,253,19412,132,52.17,14175,3,1.20,18.474
35,Ontario,Ontario,18-04-2020,10010,0,514,10010,139448,4875,48.70,9573,485,5.09,68.719
24,Quebec,Québec,18-04-2020,17521,0,805,17521,158770,3315,18.92,18712,723,4.30,206.495
10,Newfoundland and Labrador,Terre-Neuve-et-Labrador,18-04-2020,257,0,3,257,5870,189,73.54,11255,1,0.39,49.277
13,New Brunswick,Nouveau-Brunswick,18-04-2020,118,0,0,118,9958,87,73.73,12819,1,0.85,15.190
12,Nova Scotia,Nouvelle-Écosse,18-04-2020,649,0,7,649,21363,184,28.35,21992,43,7.10,66.811
11,Prince Edward Island,Île-du-Prince-Édouard,18-04-2020,26,0,0,26,2086,23,88.46,13291,0,0.00,16.566
60,Yukon,Yukon,18-04-2020,9,0,0,9,859,8,88.89,21026,0,0.00,22.030
61,Northwest Territories,Territoires du Nord-Ouest,18-04-2020,5,0,0,5,1459,3,60.00,32548,0,0.00,11.154
62,Nunavut,Nunavut,18-04-2020,0,0,0,0,304,0,N/A,7839,0,0.00,0.000
99,Repatriated travellers,Voyageurs rapatriés,18-04-2020,13,0,,13,76,,,,0,0.00,
1,Canada,Canada,18-04-2020,33341,13,1467,33354,528057,11178,33.51,14048,1470,4.61,88.733
59,British Columbia,Colombie-Britannique,19-04-2020,1618,0,78,1618,54778,966,59.70,10801,0,0.00,31.905
48,Alberta,Alberta,19-04-2020,2562,0,51,2562,97180,1162,45.36,22231,0,0.00,58.609
47,Saskatchewan,Saskatchewan,19-04-2020,314,1,4,315,22759,234,74.29,19378,2,0.64,26.821
46,Manitoba,Manitoba,19-04-2020,245,8,5,253,19634,143,56.52,14337,0,0.00,18.474
35,Ontario,Ontario,19-04-2020,10578,0,553,10578,148106,5209,49.24,10168,568,5.67,72.618
24,Quebec,Québec,19-04-2020,18357,0,877,18357,163548,3555,19.37,19275,836,4.77,216.347
10,Newfoundland and Labrador,Terre-Neuve-et-Labrador,19-04-2020,257,0,3,257,6128,191,74.32,11750,0,0.00,49.277
13,New Brunswick,Nouveau-Brunswick,19-04-2020,118,0,0,118,10290,92,77.97,13246,0,0.00,15.190
12,Nova Scotia,Nouvelle-Écosse,19-04-2020,675,0,9,675,22029,200,29.63,22678,26,4.01,69.488
11,Prince Edward Island,Île-du-Prince-Édouard,19-04-2020,26,0,0,26,2239,23,88.46,14266,0,0.00,16.566
60,Yukon,Yukon,19-04-2020,9,0,0,9,878,8,88.89,21491,0,0.00,22.030
61,Northwest Territories,Territoires du Nord-Ouest,19-04-2020,5,0,0,5,1476,3,60.00,32927,0,0.00,11.154
62,Nunavut,Nunavut,19-04-2020,0,0,0,0,304,0,N/A,7839,0,0.00,0.000
99,Repatriated travellers,Voyageurs rapatriés,19-04-2020,13,0,,13,76,,,,0,0.00,
1,Canada,Canada,19-04-2020,34777,9,1580,34786,549349,11786,33.88,14615,1432,4.29,92.542
59,British Columbia,Colombie-Britannique,20-04-2020,1699,0,86,1699,55779,1039,61.15,10999,81,5.01,33.502
48,Alberta,Alberta,20-04-2020,2908,0,59,2908,100898,1230,42.30,23082,346,13.51,66.525
47,Saskatchewan,Saskatchewan,20-04-2020,316,0,4,316,22759,238,75.32,19378,1,0.32,26.906
46,Manitoba,Manitoba,20-04-2020,246,8,6,254,19924,143,56.30,14549,1,0.40,18.547
35,Ontario,Ontario,20-04-2020,11184,0,584,11184,148106,5515,49.31,10168,606,5.73,76.779
24,Quebec,Québec,20-04-2020,19319,0,939,19319,167801,3847,19.91,19776,962,5.24,227.685
10,Newfoundland and Labrador,Terre-Neuve-et-Labrador,20-04-2020,257,0,3,257,6233,191,74.32,11951,0,0.00,49.277
13,New Brunswick,Nouveau-Brunswick,20-04-2020,118,0,0,118,10492,98,83.05,13506,0,0.00,15.190
12,Nova Scotia,Nouvelle-Écosse,20-04-2020,721,0,9,721,22669,248,34.40,23337,46,6.81,74.223
11,Prince Edward Island,Île-du-Prince-Édouard,20-04-2020,26,0,0,26,2239,23,88.46,14266,0,0.00,16.566
60,Yukon,Yukon,20-04-2020,11,0,0,11,878,8,72.73,21491,2,22.22,26.925
61,Northwest Territories,Territoires du Nord-Ouest,20-04-2020,5,0,0,5,1495,5,100.00,33351,0,0.00,11.154
62,Nunavut,Nunavut,20-04-2020,0,0,0,0,305,0,N/A,7865,0,0.00,0.000
99,Repatriated travellers,Voyageurs rapatriés,20-04-2020,13,0,,13,76,,,,0,0.00,
1,Canada,Canada,20-04-2020,36823,8,1690,36831,559578,12585,34.17,14887,2045,5.88,97.983
59,British Columbia,Colombie-Britannique,21-04-2020,1724,0,87,1724,56526,1041,60.38,11146,25,1.47,33.995
48,Alberta,Alberta,21-04-2020,3095,0,61,3095,104370,1273,41.13,23876,187,6.43,70.802
47,Saskatchewan,Saskatchewan,21-04-2020,320,0,4,320,23554,252,78.75,20055,4,1.27,27.247
46,Manitoba,Manitoba,21-04-2020,246,9,6,255,20328,150,58.82,14844,1,0.39,18.620
35,Ontario,Ontario,21-04-2020,11735,0,622,11735,148106,5806,49.48,10168,551,4.93,80.561
24,Quebec,Québec,21-04-2020,20126,0,1041,20126,171520,4048,20.11,20215,807,4.18,237.196
10,Newfoundland and Labrador,Terre-Neuve-et-Labrador,21-04-2020,257,0,3,257,6383,194,75.49,12239,0,0.00,49.277
13,New Brunswick,Nouveau-Brunswick,21-04-2020,118,0,0,118,10799,102,86.44,13901,0,0.00,15.190
12,Nova Scotia,Nouvelle-Écosse,21-04-2020,737,0,10,737,23261,286,38.81,23946,16,2.22,75.870
11,Prince Edward Island,Île-du-Prince-Édouard,21-04-2020,26,0,0,26,2330,23,88.46,14846,0,0.00,16.566
60,Yukon,Yukon,21-04-2020,11,0,0,11,872,8,72.73,21344,0,0.00,26.925
61,Northwest Territories,Territoires du Nord-Ouest,21-04-2020,5,0,0,5,1509,5,100.00,33663,0,0.00,11.154
62,Nunavut,Nunavut,21-04-2020,0,0,0,0,320,0,N/A,8252,0,0.00,0.000
99,Repatriated travellers,Voyageurs rapatriés,21-04-2020,13,0,,13,76,,,,0,0.00,
1,Canada,Canada,21-04-2020,38413,9,1834,38422,569878,13188,34.32,15161,1591,4.32,102.215
59,British Columbia,Colombie-Britannique,22-04-2020,1795,0,90,1795,57499,1079,60.11,11338,71,4.12,35.395
48,Alberta,Alberta,22-04-2020,3401,0,66,3401,108521,1310,38.52,24826,306,9.89,77.803
47,Saskatchewan,Saskatchewan,22-04-2020,326,0,4,326,24008,261,80.06,20442,6,1.88,27.757
46,Manitoba,Manitoba,22-04-2020,246,11,6,257,20651,154,59.92,15080,2,0.78,18.766
35,Ontario,Ontario,22-04-2020,12245,0,659,12245,178467,6221,50.80,12252,510,4.35,84.062
24,Quebec,Québec,22-04-2020,20965,0,1134,20965,176048,4291,20.47,20748,839,4.17,247.084
10,Newfoundland and Labrador,Terre-Neuve-et-Labrador,22-04-2020,256,0,3,256,6655,199,77.73,12760,-1,-0.39,49.085
13,New Brunswick,Nouveau-Brunswick,22-04-2020,118,0,0,118,11121,104,88.14,14316,0,0.00,15.190
12,Nova Scotia,Nouvelle-Écosse,22-04-2020,772,0,12,772,24155,330,42.75,24866,35,4.75,79.473
11,Prince Edward Island,Île-du-Prince-Édouard,22-04-2020,26,0,0,26,2344,24,92.31,14935,0,0.00,16.566
60,Yukon,Yukon,22-04-2020,11,0,0,11,878,8,72.73,21491,0,0.00,26.925
61,Northwest Territories,Territoires du Nord-Ouest,22-04-2020,5,0,0,5,1512,5,100.00,33730,0,0.00,11.154
62,Nunavut,Nunavut,22-04-2020,0,0,0,0,333,0,N/A,8587,0,0.00,0.000
99,Repatriated travellers,Voyageurs rapatriés,22-04-2020,13,0,,13,76,,,,0,0.00,
1,Canada,Canada,22-04-2020,40179,11,1974,40190,612192,13986,34.80,16286,1768,4.60,106.919
59,British Columbia,Colombie-Britannique,23-04-2020,1824,0,94,1824,58848,1092,59.87,11604,29,1.62,35.967
48,Alberta,Alberta,23-04-2020,3720,0,67,3720,112562,1357,36.48,25750,319,9.38,85.100
47,Saskatchewan,Saskatchewan,23-04-2020,331,0,4,331,24504,270,81.57,20864,5,1.53,28.183
46,Manitoba,Manitoba,23-04-2020,251,11,6,262,21229,174,66.41,15502,5,1.95,19.132
35,Ontario,Ontario,23-04-2020,12879,0,713,12879,188377,6680,51.87,12932,634,5.18,88.415
24,Quebec,Québec,23-04-2020,21838,0,1243,21838,180833,4484,20.53,21312,873,4.16,257.373
10,Newfoundland and Labrador,Terre-Neuve-et-Labrador,23-04-2020,256,0,3,256,6862,205,80.08,13157,0,0.00,49.085
13,New Brunswick,Nouveau-Brunswick,23-04-2020,118,0,0,118,11616,104,88.14,14953,0,0.00,15.190
12,Nova Scotia,Nouvelle-Écosse,23-04-2020,827,0,16,827,24884,358,43.29,25617,55,7.12,85.135
11,Prince Edward Island,Île-du-Prince-Édouard,23-04-2020,26,0,0,26,2466,24,92.31,15712,0,0.00,16.566
60,Yukon,Yukon,23-04-2020,11,0,0,11,881,8,72.73,21565,0,0.00,26.925
61,Northwest Territories,Territoires du Nord-Ouest,23-04-2020,5,0,0,5,1515,5,100.00,33797,0,0.00,11.154
62,Nunavut,Nunavut,23-04-2020,0,0,0,0,340,0,N/A,8767,0,0.00,0.000
99,Repatriated travellers,Voyageurs rapatriés,23-04-2020,13,0,,13,76,,,,0,0.00,
1,Canada,Canada,23-04-2020,42099,11,2146,42110,634917,14761,35.05,16891,1920,4.78,112.027
59,British Columbia,Colombie-Britannique,24-04-2020,1853,0,98,1853,60472,1114,60.12,11924,29,1.59,36.539
48,Alberta,Alberta,24-04-2020,4017,0,72,4017,116859,1397,34.78,26733,297,7.98,91.895
47,Saskatchewan,Saskatchewan,24-04-2020,341,0,4,341,25141,280,82.11,21406,10,3.02,29.035
46,Manitoba,Manitoba,24-04-2020,252,11,6,263,21720,196,74.52,15860,1,0.38,19.205
35,Ontario,Ontario,24-04-2020,13519,0,763,13519,200270,7087,52.42,13749,640,4.97,92.809
24,Quebec,Québec,24-04-2020,22616,0,1340,22616,185632,4724,20.89,21878,778,3.56,266.542
10,Newfoundland and Labrador,Terre-Neuve-et-Labrador,24-04-2020,256,0,3,256,7105,207,80.86,13623,0,0.00,49.085
13,New Brunswick,Nouveau-Brunswick,24-04-2020,118,0,0,118,11908,107,90.68,15329,0,0.00,15.190
12,Nova Scotia,Nouvelle-Écosse,24-04-2020,850,0,16,850,25658,392,46.12,26414,23,2.78,87.503
11,Prince Edward Island,Île-du-Prince-Édouard,24-04-2020,26,0,0,26,2564,24,92.31,16337,0,0.00,16.566
60,Yukon,Yukon,24-04-2020,11,0,0,11,888,8,72.73,21736,0,0.00,26.925
61,Northwest Territories,Territoires du Nord-Ouest,24-04-2020,5,0,0,5,1537,5,100.00,34288,0,0.00,11.154
62,Nunavut,Nunavut,24-04-2020,0,0,0,0,354,0,N/A,9128,0,0.00,0.000
99,Repatriated travellers,Voyageurs rapatriés,24-04-2020,13,0,,13,76,,,,0,0.00,
1,Canada,Canada,24-04-2020,43877,11,2302,43888,660108,15541,35.41,17561,1778,4.22,116.757
59,British Columbia,Colombie-Britannique,25-04-2020,1948,0,100,1948,63039,1137,58.37,12430,95,5.13,38.412
48,Alberta,Alberta,25-04-2020,4233,0,73,4233,121244,1471,34.75,27736,216,5.38,96.836
47,Saskatchewan,Saskatchewan,25-04-2020,347,2,4,349,25697,288,82.52,21880,8,2.35,29.716
46,Manitoba,Manitoba,25-04-2020,256,11,6,267,21720,199,74.53,15860,4,1.52,19.497
35,Ontario,Ontario,25-04-2020,13995,0,811,13995,210502,7509,53.65,14451,476,3.52,96.076
24,Quebec,Québec,25-04-2020,23267,0,1446,23267,190765,5057,21.73,22483,651,2.88,274.214
10,Newfoundland and Labrador,Terre-Neuve-et-Labrador,25-04-2020,257,0,3,257,7332,208,80.93,14058,1,0.39,49.277
13,New Brunswick,Nouveau-Brunswick,25-04-2020,118,0,0,118,12279,107,90.68,15807,0,0.00,15.190
12,Nova Scotia,Nouvelle-Écosse,25-04-2020,865,0,22,865,26320,412,47.63,27095,15,1.76,89.047
11,Prince Edward Island,Île-du-Prince-Édouard,25-04-2020,26,0,0,26,2564,24,92.31,16337,0,0.00,16.566
60,Yukon,Yukon,25-04-2020,11,0,0,11,894,8,72.73,21883,0,0.00,26.925
61,Northwest Territories,Territoires du Nord-Ouest,25-04-2020,5,0,0,5,1554,5,100.00,34667,0,0.00,11.154
62,Nunavut,Nunavut,25-04-2020,0,0,0,0,361,0,N/A,9309,0,0.00,0.000
99,Repatriated travellers,Voyageurs rapatriés,25-04-2020,13,0,,13,76,,,,0,0.00,
1,Canada,Canada,25-04-2020,45341,13,2465,45354,684271,16425,36.22,18204,1466,3.34,120.657
59,British Columbia,Colombie-Britannique,26-04-2020,1948,0,100,1948,64700,1137,58.37,12758,0,0.00,38.412
48,Alberta,Alberta,26-04-2020,4480,0,73,4480,125310,1549,34.58,28666,247,5.84,102.486
47,Saskatchewan,Saskatchewan,26-04-2020,353,0,4,353,25697,288,81.59,21880,4,1.15,30.056
46,Manitoba,Manitoba,26-04-2020,260,11,6,271,21720,199,73.43,15860,4,1.50,19.789
35,Ontario,Ontario,26-04-2020,14432,0,835,14432,222129,8000,55.43,15249,437,3.12,99.076
24,Quebec,Québec,26-04-2020,24107,0,1515,24107,195577,5342,22.16,23050,840,3.61,284.114
10,Newfoundland and Labrador,Terre-Neuve-et-Labrador,26-04-2020,258,0,3,258,7440,219,84.88,14265,1,0.39,49.469
13,New Brunswick,Nouveau-Brunswick,26-04-2020,118,0,0,118,12525,111,94.07,16123,0,0.00,15.190
12,Nova Scotia,Nouvelle-Écosse,26-04-2020,873,0,24,873,26871,439,50.29,27662,8,0.92,89.871
11,Prince Edward Island,Île-du-Prince-Édouard,26-04-2020,26,0,0,26,2688,24,92.31,17127,0,0.00,16.566
60,Yukon,Yukon,26-04-2020,11,0,0,11,908,8,72.73,22225,0,0.00,26.925
61,Northwest Territories,Territoires du Nord-Ouest,26-04-2020,5,0,0,5,1575,5,100.00,35136,0,0.00,11.154
62,Nunavut,Nunavut,26-04-2020,0,0,0,0,368,0,N/A,9489,0,0.00,0.000
99,Repatriated travellers,Voyageurs rapatriés,26-04-2020,13,0,,13,76,,,,0,0.00,
1,Canada,Canada,26-04-2020,46884,11,2560,46895,707508,17321,36.94,18822,1541,3.40,124.756
59,British Columbia,Colombie-Britannique,27-04-2020,1998,0,103,1998,67289,1190,59.56,13268,50,2.57,39.398
48,Alberta,Alberta,27-04-2020,4696,0,75,4696,128860,1664,35.43,29479,216,4.82,107.428
47,Saskatchewan,Saskatchewan,27-04-2020,365,0,5,365,26642,288,78.90,22684,12,3.40,31.078
46,Manitoba,Manitoba,27-04-2020,261,11,6,272,23149,205,75.37,16904,1,0.37,19.862
35,Ontario,Ontario,27-04-2020,14856,0,892,14856,234268,8525,57.38,16083,424,2.94,101.987
24,Quebec,Québec,27-04-2020,24982,0,1599,24982,200172,5517,22.08,23591,875,3.63,294.427
10,Newfoundland and Labrador,Terre-Neuve-et-Labrador,27-04-2020,258,0,3,258,7641,221,85.66,14651,0,0.00,49.469
13,New Brunswick,Nouveau-Brunswick,27-04-2020,118,0,0,118,12648,112,94.92,16282,0,0.00,15.190
12,Nova Scotia,Nouvelle-Écosse,27-04-2020,900,0,24,900,27437,509,56.56,28245,27,3.09,92.650
11,Prince Edward Island,Île-du-Prince-Édouard,27-04-2020,26,0,0,26,2726,24,92.31,17369,0,0.00,16.566
60,Yukon,Yukon,27-04-2020,11,0,0,11,919,8,72.73,22495,0,0.00,26.925
61,Northwest Territories,Territoires du Nord-Ouest,27-04-2020,5,0,0,5,1585,5,100.00,35359,0,0.00,11.154
62,Nunavut,Nunavut,27-04-2020,0,0,0,0,369,0,N/A,9515,0,0.00,0.000
99,Repatriated travellers,Voyageurs rapatriés,27-04-2020,13,0,,13,76,,,,0,0.00,
1,Canada,Canada,27-04-2020,48489,11,2707,48500,733705,18268,37.67,19519,1605,3.42,129.026
59,British Columbia,Colombie-Britannique,28-04-2020,2053,0,105,2053,68935,1231,59.96,13593,55,2.75,40.482
48,Alberta,Alberta,28-04-2020,4850,0,80,4850,131772,1800,37.11,30145,154,3.28,110.951
47,Saskatchewan,Saskatchewan,28-04-2020,366,0,5,366,26915,291,79.51,22917,1,0.27,31.163
46,Manitoba,Manitoba,28-04-2020,261,11,6,272,23379,209,76.84,17072,0,0.00,19.862
35,Ontario,Ontario,28-04-2020,15381,0,951,15381,244766,8964,58.28,16803,525,3.53,105.591
24,Quebec,Québec,28-04-2020,25757,0,1682,25757,204472,5841,22.68,24098,775,3.10,303.560
10,Newfoundland and Labrador,Terre-Neuve-et-Labrador,28-04-2020,258,0,3,258,7905,222,86.05,15157,0,0.00,49.469
13,New Brunswick,Nouveau-Brunswick,28-04-2020,118,0,0,118,12907,114,96.61,16615,0,0.00,15.190
12,Nova Scotia,Nouvelle-Écosse,28-04-2020,915,0,27,915,28108,522,57.05,28936,15,1.67,94.194
11,Prince Edward Island,Île-du-Prince-Édouard,28-04-2020,27,0,0,27,2726,24,88.89,17369,1,3.85,17.203
60,Yukon,Yukon,28-04-2020,11,0,0,11,953,8,72.73,23327,0,0.00,26.925
61,Northwest Territories,Territoires du Nord-Ouest,28-04-2020,5,0,0,5,1585,5,100.00,35359,0,0.00,11.154
62,Nunavut,Nunavut,28-04-2020,0,0,0,0,377,0,N/A,9722,0,0.00,0.000
99,Repatriated travellers,Voyageurs rapatriés,28-04-2020,13,0,,13,76,,,,0,0.00,
1,Canada,Canada,28-04-2020,50015,11,2859,50026,754800,19231,38.44,20080,1526,3.15,133.086
59,British Columbia,Colombie-Britannique,29-04-2020,2087,0,109,2087,71210,1305,62.53,14042,34,1.66,41.153
48,Alberta,Alberta,29-04-2020,5165,0,87,5165,136511,1953,37.81,31229,315,6.49,118.157
47,Saskatchewan,Saskatchewan,29-04-2020,383,0,6,383,27328,291,75.98,23269,17,4.64,32.611
46,Manitoba,Manitoba,29-04-2020,263,10,6,273,23817,213,78.02,17391,1,0.37,19.935
35,Ontario,Ontario,29-04-2020,15728,0,996,15728,255942,9612,61.11,17571,347,2.26,107.973
24,Quebec,Québec,29-04-2020,26594,0,1761,26594,208979,6048,22.74,24629,837,3.25,313.425
10,Newfoundland and Labrador,Terre-Neuve-et-Labrador,29-04-2020,258,0,3,258,8191,225,87.21,15705,0,0.00,49.469
13,New Brunswick,Nouveau-Brunswick,29-04-2020,118,0,0,118,13121,114,96.61,16891,0,0.00,15.190
12,Nova Scotia,Nouvelle-Écosse,29-04-2020,935,0,28,935,28731,529,56.58,29577,20,2.19,96.253
11,Prince Edward Island,Île-du-Prince-Édouard,29-04-2020,27,0,0,27,2810,24,88.89,17904,0,0.00,17.203
60,Yukon,Yukon,29-04-2020,11,0,0,11,973,8,72.73,23817,0,0.00,26.925
61,Northwest Territories,Territoires du Nord-Ouest,29-04-2020,5,0,0,5,1608,5,100.00,35872,0,0.00,11.154
62,Nunavut,Nunavut,29-04-2020,0,0,0,0,392,0,N/A,10108,0,0.00,0.000
99,Repatriated travellers,Voyageurs rapatriés,29-04-2020,13,0,,13,76,,,,0,0.00,
1,Canada,Canada,29-04-2020,51587,10,2996,51597,779613,20327,39.40,20740,1571,3.14,137.265
59,British Columbia,Colombie-Britannique,30-04-2020,2112,0,111,2112,73479,1322,62.59,14489,25,1.20,41.646
48,Alberta,Alberta,30-04-2020,5355,0,89,5355,141060,2161,40.35,32269,190,3.68,122.503
47,Saskatchewan,Saskatchewan,30-04-2020,389,0,6,389,27786,295,75.84,23658,6,1.57,33.122
46,Manitoba,Manitoba,30-04-2020,264,11,6,275,24304,220,80.00,17747,2,0.73,20.081
35,Ontario,Ontario,30-04-2020,16187,0,1082,16187,268447,10205,63.04,18429,459,2.92,111.124
24,Quebec,Québec,30-04-2020,27538,0,1859,27538,214047,6299,22.87,25227,944,3.55,324.551
10,Newfoundland and Labrador,Terre-Neuve-et-Labrador,30-04-2020,258,0,3,258,8376,225,87.21,16060,0,0.00,49.469
13,New Brunswick,Nouveau-Brunswick,30-04-2020,118,0,0,118,13598,114,96.61,17505,0,0.00,15.190
12,Nova Scotia,Nouvelle-Écosse,30-04-2020,947,0,28,947,29421,545,57.55,30287,12,1.28,97.489
11,Prince Edward Island,Île-du-Prince-Édouard,30-04-2020,27,0,0,27,2922,24,88.89,18618,0,0.00,17.203
60,Yukon,Yukon,30-04-2020,11,0,0,11,984,9,81.82,24086,0,0.00,26.925
61,Northwest Territories,Territoires du Nord-Ouest,30-04-2020,5,0,0,5,1629,5,100.00,36341,0,0.00,11.154
62,Nunavut,Nunavut,30-04-2020,0,0,0,0,396,0,N/A,10211,0,0.00,0.000
99,Repatriated travellers,Voyageurs rapatriés,30-04-2020,13,0,,13,76,,,,0,0.00,
1,Canada,Canada,30-04-2020,53225,11,3184,53236,806449,21424,40.24,21454,1639,3.18,141.626
59,British Columbia,Colombie-Britannique,01-05-2020,2145,0,112,2145,75544,1357,63.26,14896,33,1.56,42.297
48,Alberta,Alberta,01-05-2020,5573,0,92,5573,145420,2359,42.33,33267,218,4.07,127.490
47,Saskatchewan,Saskatchewan,01-05-2020,415,0,6,415,28417,297,71.57,24196,26,6.68,35.335
46,Manitoba,Manitoba,01-05-2020,268,11,6,279,24975,235,84.23,18237,4,1.45,20.373
35,Ontario,Ontario,01-05-2020,16608,0,1121,16608,284438,10825,65.18,19527,421,2.60,114.015
24,Quebec,Québec,01-05-2020,28648,0,2022,28648,219367,6700,23.39,25854,1110,4.03,337.633
10,Newfoundland and Labrador,Terre-Neuve-et-Labrador,01-05-2020,259,0,3,259,8545,230,88.80,16384,1,0.39,49.660
13,New Brunswick,Nouveau-Brunswick,01-05-2020,118,0,0,118,13998,116,98.31,18019,0,0.00,15.190
12,Nova Scotia,Nouvelle-Écosse,01-05-2020,959,0,29,959,30149,592,61.73,31037,12,1.27,98.724
11,Prince Edward Island,Île-du-Prince-Édouard,01-05-2020,27,0,0,27,3019,24,88.89,19236,0,0.00,17.203
60,Yukon,Yukon,01-05-2020,11,0,0,11,999,11,100.00,24453,0,0.00,26.925
61,Northwest Territories,Territoires du Nord-Ouest,01-05-2020,5,0,0,5,1629,5,100.00,36341,0,0.00,11.154
62,Nunavut,Nunavut,01-05-2020,0,0,0,0,421,0,N/A,10856,0,0.00,0.000
99,Repatriated travellers,Voyageurs rapatriés,01-05-2020,13,0,,13,76,,,,0,0.00,
1,Canada,Canada,01-05-2020,55050,11,3391,55061,836921,22751,41.32,22265,1825,3.43,146.481
59,British Columbia,Colombie-Britannique,02-05-2020,2171,0,114,2171,77904,1376,63.38,15362,26,1.21,42.809
48,Alberta,Alberta,02-05-2020,5670,0,94,5670,148757,2534,44.69,34030,97,1.74,129.709
47,Saskatchewan,Saskatchewan,02-05-2020,421,0,6,421,28847,302,71.73,24562,6,1.45,35.846
46,Manitoba,Manitoba,02-05-2020,269,11,6,280,25736,236,84.29,18793,1,0.36,20.446
35,Ontario,Ontario,02-05-2020,17119,0,1176,17119,300210,11390,66.53,20610,511,3.08,117.523
24,Quebec,Québec,02-05-2020,29656,0,2136,29656,224831,6965,23.49,26498,1008,3.52,349.512
10,Newfoundland and Labrador,Terre-Neuve-et-Labrador,02-05-2020,259,0,3,259,8716,231,89.19,16712,0,0.00,49.660
13,New Brunswick,Nouveau-Brunswick,02-05-2020,118,0,0,118,14252,118,100.00,18346,0,0.00,15.190
12,Nova Scotia,Nouvelle-Écosse,02-05-2020,963,0,31,963,30774,609,63.24,31680,4,0.42,99.136
11,Prince Edward Island,Île-du-Prince-Édouard,02-05-2020,27,0,0,27,3086,24,88.89,19663,0,0.00,17.203
60,Yukon,Yukon,02-05-2020,11,0,0,11,1019,11,100.00,24942,0,0.00,26.925
61,Northwest Territories,Territoires du Nord-Ouest,02-05-2020,5,0,0,5,1682,5,100.00,37523,0,0.00,11.154
62,Nunavut,Nunavut,02-05-2020,0,0,0,0,421,0,N/A,10856,0,0.00,0.000
99,Repatriated travellers,Voyageurs rapatriés,02-05-2020,13,0,,13,76,13,100.00,,0,0.00,
1,Canada,Canada,02-05-2020,56703,11,3566,56714,866235,23801,41.97,23045,1653,3.00,150.878
59,British Columbia,Colombie-Britannique,03-05-2020,2171,0,114,2171,81061,1376,63.38,15984,0,0.00,42.809
48,Alberta,Alberta,03-05-2020,5766,0,95,5766,152123,2713,47.05,34800,96,1.69,131.905
47,Saskatchewan,Saskatchewan,03-05-2020,433,0,6,433,29498,305,70.44,25116,12,2.85,36.868
46,Manitoba,Manitoba,03-05-2020,270,11,6,281,26253,237,84.34,19170,1,0.36,20.519
35,Ontario,Ontario,03-05-2020,17553,0,1216,17553,316796,12005,68.39,21748,434,2.54,120.502
24,Quebec,Québec,03-05-2020,31865,0,2205,31865,230864,7258,22.78,27209,2209,7.45,375.547
10,Newfoundland and Labrador,Terre-Neuve-et-Labrador,03-05-2020,259,0,3,259,8819,232,89.58,16909,0,0.00,49.660
13,New Brunswick,Nouveau-Brunswick,03-05-2020,118,0,0,118,14559,118,100.00,18742,0,0.00,15.190
12,Nova Scotia,Nouvelle-Écosse,03-05-2020,971,0,37,971,31192,624,64.26,32111,8,0.83,99.959
11,Prince Edward Island,Île-du-Prince-Édouard,03-05-2020,27,0,0,27,3138,24,88.89,19994,0,0.00,17.203
60,Yukon,Yukon,03-05-2020,11,0,0,11,1023,11,100.00,25040,0,0.00,26.925
61,Northwest Territories,Territoires du Nord-Ouest,03-05-2020,5,0,0,5,1697,5,100.00,37857,0,0.00,11.154
62,Nunavut,Nunavut,03-05-2020,0,0,0,0,421,0,N/A,10856,0,0.00,0.000
99,Repatriated travellers,Voyageurs rapatriés,03-05-2020,13,0,0,13,76,13,100.00,,0,0.00,
1,Canada,Canada,03-05-2020,59463,11,3682,59474,897444,24908,41.88,23875,2760,4.87,158.221
59,British Columbia,Colombie-Britannique,04-05-2020,2224,0,117,2224,82862,1417,63.71,16339,53,2.44,43.854
48,Alberta,Alberta,04-05-2020,5836,0,104,5836,152123,2942,50.41,34800,70,1.21,133.507
47,Saskatchewan,Saskatchewan,04-05-2020,467,0,6,467,30171,307,65.74,25689,34,7.85,39.763
46,Manitoba,Manitoba,04-05-2020,270,11,6,281,26857,238,84.70,19611,0,0.00,20.519
35,Ontario,Ontario,04-05-2020,17923,0,1300,17923,330875,12505,69.77,22715,370,2.11,123.042
24,Quebec,Québec,04-05-2020,32623,0,2280,32623,235136,7578,23.23,27712,758,2.38,384.480
10,Newfoundland and Labrador,Terre-Neuve-et-Labrador,04-05-2020,259,0,3,259,8935,233,89.96,17132,0,0.00,49.660
13,New Brunswick,Nouveau-Brunswick,04-05-2020,118,0,0,118,14559,118,100.00,18742,0,0.00,15.190
12,Nova Scotia,Nouvelle-Écosse,04-05-2020,985,0,38,985,31571,638,64.77,32501,14,1.44,101.401
11,Prince Edward Island,Île-du-Prince-Édouard,04-05-2020,27,0,0,27,3138,25,92.59,19994,0,0.00,17.203
60,Yukon,Yukon,04-05-2020,11,0,0,11,1023,11,100.00,25040,0,0.00,26.925
61,Northwest Territories,Territoires du Nord-Ouest,04-05-2020,5,0,0,5,1697,5,100.00,37857,0,0.00,11.154
62,Nunavut,Nunavut,04-05-2020,0,0,0,0,421,0,N/A,10856,0,0.00,0.000
99,Repatriated travellers,Voyageurs rapatriés,04-05-2020,13,0,,13,76,,,,0,0.00,
1,Canada,Canada,04-05-2020,60761,11,3854,60772,919368,26017,42.81,24458,1298,2.18,161.674
59,British Columbia,Colombie-Britannique,05-05-2020,2232,0,121,2232,84288,1472,65.95,16620,8,0.36,44.012
48,Alberta,Alberta,05-05-2020,5893,0,106,5893,157137,3219,54.62,35947,57,0.98,134.811
47,Saskatchewan,Saskatchewan,05-05-2020,487,0,6,487,30664,310,63.66,26109,20,4.28,41.466
46,Manitoba,Manitoba,05-05-2020,271,11,7,282,27202,238,84.40,19863,1,0.36,20.592
35,Ontario,Ontario,05-05-2020,18310,0,1361,18310,341180,12779,69.79,23422,387,2.16,125.699
24,Quebec,Québec,05-05-2020,33417,0,2398,33417,239241,7923,23.71,28196,794,2.43,393.838
10,Newfoundland and Labrador,Terre-Neuve-et-Labrador,05-05-2020,259,0,3,259,9127,241,93.05,17500,0,0.00,49.660
13,New Brunswick,Nouveau-Brunswick,05-05-2020,119,0,0,119,14982,118,99.16,19286,1,0.85,15.319
12,Nova Scotia,Nouvelle-Écosse,05-05-2020,991,0,41,991,32146,652,65.79,33093,6,0.61,102.018
11,Prince Edward Island,Île-du-Prince-Édouard,05-05-2020,27,0,0,27,3341,25,92.59,21287,0,0.00,17.203
60,Yukon,Yukon,05-05-2020,11,0,0,11,1028,11,100.00,25163,0,0.00,26.925
61,Northwest Territories,Territoires du Nord-Ouest,05-05-2020,5,0,0,5,1698,5,100.00,37880,0,0.00,11.154
62,Nunavut,Nunavut,05-05-2020,0,0,0,0,492,0,N/A,12687,0,0.00,0.000
99,Repatriated travellers,Voyageurs rapatriés,05-05-2020,13,0,,13,76,,,,0,0.00,
1,Canada,Canada,05-05-2020,62035,11,4043,62046,942602,26993,43.50,25076,1274,2.10,165.063
59,British Columbia,Colombie-Britannique,06-05-2020,2255,0,124,2255,85812,1494,66.25,16921,23,1.03,44.466
48,Alberta,Alberta,06-05-2020,5963,0,112,5963,160185,3552,59.57,36645,70,1.19,136.412
47,Saskatchewan,Saskatchewan,06-05-2020,512,0,6,512,31247,312,60.94,26605,25,5.13,43.594
46,Manitoba,Manitoba,06-05-2020,273,11,7,284,27712,242,85.21,20236,2,0.71,20.738
35,Ontario,Ontario,06-05-2020,18722,0,1429,18722,353717,13222,70.62,24283,412,2.25,128.527
24,Quebec,Québec,06-05-2020,34327,0,2510,34327,250654,8284,24.13,29541,910,2.72,404.563
10,Newfoundland and Labrador,Terre-Neuve-et-Labrador,06-05-2020,259,0,3,259,9295,244,94.21,17822,0,0.00,49.660
13,New Brunswick,Nouveau-Brunswick,06-05-2020,120,0,0,120,15324,118,98.33,19726,1,0.84,15.447
12,Nova Scotia,Nouvelle-Écosse,06-05-2020,998,0,41,998,32869,661,66.23,33837,7,0.71,102.739
11,Prince Edward Island,Île-du-Prince-Édouard,06-05-2020,27,0,0,27,3454,26,96.30,22007,0,0.00,17.203
60,Yukon,Yukon,06-05-2020,11,0,0,11,1041,11,100.00,25481,0,0.00,26.925
61,Northwest Territories,Territoires du Nord-Ouest,06-05-2020,5,0,0,5,1723,5,100.00,38438,0,0.00,11.154
62,Nunavut,Nunavut,06-05-2020,0,0,0,0,525,0,N/A,13538,0,0.00,0.000
99,Repatriated travellers,Voyageurs rapatriés,06-05-2020,13,0,,13,76,,,,0,0.00,
1,Canada,Canada,06-05-2020,63485,11,4232,63496,973634,28171,44.37,25902,1450,2.34,168.921
59,British Columbia,Colombie-Britannique,07-05-2020,2288,0,126,2288,87779,1512,66.08,17309,33,1.46,45.116
48,Alberta,Alberta,07-05-2020,6017,0,114,6017,163510,3809,63.30,37405,54,0.91,137.647
47,Saskatchewan,Saskatchewan,07-05-2020,531,0,6,531,31926,329,61.96,27184,19,3.71,45.212
46,Manitoba,Manitoba,07-05-2020,272,11,7,283,28232,243,85.87,20615,-1,-0.35,20.665
35,Ontario,Ontario,07-05-2020,19121,0,1477,19121,368400,13569,70.96,25291,399,2.13,131.267
24,Quebec,Québec,07-05-2020,35238,0,2631,35238,259794,8673,24.61,30618,911,2.65,415.299
10,Newfoundland and Labrador,Terre-Neuve-et-Labrador,07-05-2020,261,0,3,261,9451,244,93.49,18121,2,0.77,50.044
13,New Brunswick,Nouveau-Brunswick,07-05-2020,120,0,0,120,15700,118,98.33,20210,0,0.00,15.447
12,Nova Scotia,Nouvelle-Écosse,07-05-2020,1007,0,44,1007,33541,708,70.31,34529,9,0.90,103.665
11,Prince Edward Island,Île-du-Prince-Édouard,07-05-2020,27,0,0,27,3550,26,96.30,22619,0,0.00,17.203
60,Yukon,Yukon,07-05-2020,11,0,0,11,1065,11,100.00,26068,0,0.00,26.925
61,Northwest Territories,Territoires du Nord-Ouest,07-05-2020,5,0,0,5,1740,5,100.00,38817,0,0.00,11.154
62,Nunavut,Nunavut,07-05-2020,0,0,0,0,530,0,N/A,13667,0,0.00,0.000
99,Repatriated travellers,Voyageurs rapatriés,07-05-2020,13,0,,13,76,,,,0,0.00,
1,Canada,Canada,07-05-2020,64911,11,4408,64922,1005294,29247,45.05,26744,1426,2.25,172.714
59,British Columbia,Colombie-Britannique,08-05-2020,2315,0,127,2315,89764,1579,68.21,17700,27,1.18,45.649
48,Alberta,Alberta,08-05-2020,6098,0,115,6098,166327,4020,65.92,38050,81,1.35,139.500
47,Saskatchewan,Saskatchewan,08-05-2020,544,0,6,544,32620,335,61.58,27774,13,2.45,46.319
46,Manitoba,Manitoba,08-05-2020,273,11,7,284,28742,247,86.97,20988,1,0.35,20.738
35,Ontario,Ontario,08-05-2020,19598,0,1540,19598,384162,13990,71.38,26373,477,2.49,134.541
24,Quebec,Québec,08-05-2020,36150,0,2725,36150,266444,8928,24.70,31402,912,2.59,426.048
10,Newfoundland and Labrador,Terre-Neuve-et-Labrador,08-05-2020,261,0,3,261,9571,244,93.49,18351,0,0.00,50.044
13,New Brunswick,Nouveau-Brunswick,08-05-2020,120,0,0,120,16068,118,98.33,20684,0,0.00,15.447
12,Nova Scotia,Nouvelle-Écosse,08-05-2020,1008,0,46,1008,34081,722,71.63,35085,1,0.10,103.768
11,Prince Edward Island,Île-du-Prince-Édouard,08-05-2020,27,0,0,27,3667,27,100.00,23365,0,0.00,17.203
60,Yukon,Yukon,08-05-2020,11,0,0,11,1065,11,100.00,26068,0,0.00,26.925
61,Northwest Territories,Territoires du Nord-Ouest,08-05-2020,5,0,0,5,1768,5,100.00,39441,0,0.00,11.154
62,Nunavut,Nunavut,08-05-2020,0,0,0,0,550,0,N/A,14183,0,0.00,0.000
99,Repatriated travellers,Voyageurs rapatriés,08-05-2020,13,0,,13,76,,,,0,0.00,
1,Canada,Canada,08-05-2020,66423,11,4569,66434,1034905,30226,45.50,27532,1512,2.33,176.737
59,British Columbia,Colombie-Britannique,09-05-2020,2330,0,129,2330,91668,1659,71.20,18076,15,0.65,45.945
48,Alberta,Alberta,09-05-2020,6157,0,116,6157,169415,4204,68.28,38756,59,0.97,140.850
47,Saskatchewan,Saskatchewan,09-05-2020,553,0,6,553,33453,340,61.48,28484,9,1.65,47.085
46,Manitoba,Manitoba,09-05-2020,273,11,7,284,29438,247,86.97,21496,0,0.00,20.738
35,Ontario,Ontario,09-05-2020,19944,0,1599,19944,402761,14383,72.12,27650,346,1.77,136.916
24,Quebec,Québec,09-05-2020,36986,0,2786,36986,276787,9268,25.06,32621,836,2.31,435.900
10,Newfoundland and Labrador,Terre-Neuve-et-Labrador,09-05-2020,261,0,3,261,9699,244,93.49,18597,0,0.00,50.044
13,New Brunswick,Nouveau-Brunswick,09-05-2020,120,0,0,120,16417,118,98.33,21133,0,0.00,15.447
12,Nova Scotia,Nouvelle-Écosse,09-05-2020,1011,0,47,1011,34531,743,73.49,35548,3,0.30,104.077
11,Prince Edward Island,Île-du-Prince-Édouard,09-05-2020,27,0,0,27,3777,27,100.00,24065,0,0.00,17.203
60,Yukon,Yukon,09-05-2020,11,0,0,11,1075,11,100.00,26313,0,0.00,26.925
61,Northwest Territories,Territoires du Nord-Ouest,09-05-2020,5,0,0,5,1790,5,100.00,39932,0,0.00,11.154
62,Nunavut,Nunavut,09-05-2020,0,0,0,0,568,0,N/A,14647,0,0.00,0.000
99,Repatriated travellers,Voyageurs rapatriés,09-05-2020,13,0,,13,76,,,,0,0.00,
1,Canada,Canada,09-05-2020,67691,11,4693,67702,1071455,31249,46.16,28504,1268,1.91,180.110
59,British Columbia,Colombie-Britannique,10-05-2020,2330,0,129,2330,93431,1659,71.20,18423,0,0.00,45.945
48,Alberta,Alberta,10-05-2020,6253,0,117,6253,173023,4389,70.19,39581,96,1.56,143.046
47,Saskatchewan,Saskatchewan,10-05-2020,564,0,6,564,34093,349,61.88,29029,11,1.99,48.022
46,Manitoba,Manitoba,10-05-2020,276,11,7,287,30046,247,86.06,21940,3,1.06,20.957
35,Ontario,Ontario,10-05-2020,20238,0,1634,20238,419802,14772,72.99,28820,294,1.47,138.935
24,Quebec,Québec,10-05-2020,37721,0,2928,37721,278389,9526,25.25,32810,735,1.99,444.563
10,Newfoundland and Labrador,Terre-Neuve-et-Labrador,10-05-2020,261,0,3,261,9802,244,93.49,18794,0,0.00,50.044
13,New Brunswick,Nouveau-Brunswick,10-05-2020,120,0,0,120,16750,118,98.33,21562,0,0.00,15.447
12,Nova Scotia,Nouvelle-Écosse,10-05-2020,1018,0,47,1018,34820,749,73.58,35845,7,0.69,104.798
11,Prince Edward Island,Île-du-Prince-Édouard,10-05-2020,27,0,0,27,3846,27,100.00,24505,0,0.00,17.203
60,Yukon,Yukon,10-05-2020,11,0,0,11,1075,11,100.00,26313,0,0.00,26.925
61,Northwest Territories,Territoires du Nord-Ouest,10-05-2020,5,0,0,5,1799,5,100.00,40133,0,0.00,11.154
62,Nunavut,Nunavut,10-05-2020,0,0,0,0,568,0,N/A,14647,0,0.00,0.000
99,Repatriated travellers,Voyageurs rapatriés,10-05-2020,13,0,,13,76,,,,0,0.00,
1,Canada,Canada,10-05-2020,68837,11,4871,68848,1097520,32096,46.62,29198,1146,1.69,183.159
59,British Columbia,Colombie-Britannique,11-05-2020,2353,0,130,2353,94027,1719,73.06,18541,23,0.99,46.398
48,Alberta,Alberta,11-05-2020,6300,0,117,6300,175502,4659,73.95,40149,47,0.75,144.121
47,Saskatchewan,Saskatchewan,11-05-2020,568,0,6,568,34585,363,63.91,29448,4,0.71,48.363
46,Manitoba,Manitoba,11-05-2020,278,11,7,289,30398,247,85.47,22197,2,0.70,21.103
35,Ontario,Ontario,11-05-2020,20546,0,1669,20546,433316,15131,73.64,29747,308,1.52,141.049
24,Quebec,Québec,11-05-2020,38469,0,3013,38469,284239,9703,25.22,33499,748,1.98,453.378
10,Newfoundland and Labrador,Terre-Neuve-et-Labrador,11-05-2020,261,0,3,261,9896,244,93.49,18975,0,0.00,50.044
13,New Brunswick,Nouveau-Brunswick,11-05-2020,120,0,0,120,17184,118,98.33,22121,0,0.00,15.447
12,Nova Scotia,Nouvelle-Écosse,11-05-2020,1019,0,48,1019,35023,767,75.27,36054,1,0.10,104.901
11,Prince Edward Island,Île-du-Prince-Édouard,11-05-2020,27,0,0,27,3910,27,100.00,24913,0,0.00,17.203
60,Yukon,Yukon,11-05-2020,11,0,0,11,1088,11,100.00,26631,0,0.00,26.925
61,Northwest Territories,Territoires du Nord-Ouest,11-05-2020,5,0,0,5,1809,5,100.00,40356,0,0.00,11.154
62,Nunavut,Nunavut,11-05-2020,0,0,0,0,576,0,N/A,14853,0,0.00,0.000
99,Repatriated travellers,Voyageurs rapatriés,11-05-2020,13,0,,13,76,,,,0,0.00,
1,Canada,Canada,11-05-2020,69970,11,4993,69981,1121629,32994,47.15,29839,1133,1.65,186.173
59,British Columbia,Colombie-Britannique,12-05-2020,2360,0,131,2360,95558,1832,77.63,18843,7,0.30,46.536
48,Alberta,Alberta,12-05-2020,6345,0,118,6345,178208,4866,76.69,40768,45,0.71,145.151
47,Saskatchewan,Saskatchewan,12-05-2020,573,0,6,573,34801,374,65.27,29631,5,0.88,48.788
46,Manitoba,Manitoba,12-05-2020,279,11,7,290,30799,251,86.55,22490,1,0.35,21.176
35,Ontario,Ontario,12-05-2020,20907,0,1725,20907,444882,15391,73.62,30541,361,1.76,143.527
24,Quebec,Québec,12-05-2020,39225,0,3131,39225,290888,10056,25.64,34283,756,1.97,462.288
10,Newfoundland and Labrador,Terre-Neuve-et-Labrador,12-05-2020,261,0,3,261,10043,247,94.64,19256,0,0.00,50.044
13,New Brunswick,Nouveau-Brunswick,12-05-2020,120,0,0,120,17339,118,98.33,22320,0,0.00,15.447
12,Nova Scotia,Nouvelle-Écosse,12-05-2020,1020,0,48,1020,35430,864,84.71,36473,1,0.10,105.004
11,Prince Edward Island,Île-du-Prince-Édouard,12-05-2020,27,0,0,27,4029,27,100.00,25671,0,0.00,17.203
60,Yukon,Yukon,12-05-2020,11,0,0,11,1094,11,100.00,26778,0,0.00,26.925
61,Northwest Territories,Territoires du Nord-Ouest,12-05-2020,5,0,0,5,1817,5,100.00,40535,0,0.00,11.154
62,Nunavut,Nunavut,12-05-2020,0,0,0,0,604,0,N/A,15575,0,0.00,0.000
99,Repatriated travellers,Voyageurs rapatriés,12-05-2020,13,0,,13,76,,,,0,0.00,
1,Canada,Canada,12-05-2020,71146,11,5169,71157,1145568,34042,47.84,30476,1176,1.68,189.301
59,British Columbia,Colombie-Britannique,13-05-2020,2376,0,132,2376,97060,1859,78.24,19139,16,0.68,46.852
48,Alberta,Alberta,13-05-2020,6407,0,120,6407,181624,5076,79.23,41549,62,0.98,146.569
47,Saskatchewan,Saskatchewan,13-05-2020,577,0,6,577,35189,385,66.72,29962,4,0.70,49.129
46,Manitoba,Manitoba,13-05-2020,279,11,7,290,31416,251,86.55,22940,0,0.00,21.176
35,Ontario,Ontario,13-05-2020,21236,0,1765,21236,459524,15845,74.61,31547,329,1.57,145.786
24,Quebec,Québec,13-05-2020,39931,0,3220,39931,296528,10470,26.22,34947,706,1.80,470.609
10,Newfoundland and Labrador,Terre-Neuve-et-Labrador,13-05-2020,261,0,3,261,10149,247,94.64,19460,0,0.00,50.044
13,New Brunswick,Nouveau-Brunswick,13-05-2020,120,0,0,120,17765,118,98.33,22869,0,0.00,15.447
12,Nova Scotia,Nouvelle-Écosse,13-05-2020,1024,0,51,1024,35811,870,84.96,36866,4,0.39,105.415
11,Prince Edward Island,Île-du-Prince-Édouard,13-05-2020,27,0,0,27,4199,27,100.00,26754,0,0.00,17.203
60,Yukon,Yukon,13-05-2020,11,0,0,11,1106,11,100.00,27072,0,0.00,26.925
61,Northwest Territories,Territoires du Nord-Ouest,13-05-2020,5,0,0,5,1817,5,100.00,40535,0,0.00,11.154
62,Nunavut,Nunavut,13-05-2020,0,0,0,0,608,0,N/A,15678,0,0.00,0.000
99,Repatriated travellers,Voyageurs rapatriés,13-05-2020,13,0,,13,76,,,,0,0.00,
1,Canada,Canada,13-05-2020,72267,11,5304,72278,1172872,35164,48.65,31202,1121,1.58,192.284
59,British Columbia,Colombie-Britannique,14-05-2020,2392,0,135,2392,98747,1885,78.80,19472,16,0.67,47.167
48,Alberta,Alberta,14-05-2020,6457,0,121,6457,185545,5205,80.61,42446,50,0.78,147.713
47,Saskatchewan,Saskatchewan,14-05-2020,582,0,6,582,35664,398,68.38,30366,5,0.87,49.555
46,Manitoba,Manitoba,14-05-2020,278,11,7,289,31742,252,87.20,23178,-1,-0.34,21.103
35,Ontario,Ontario,14-05-2020,21581,0,1798,21581,476383,16204,75.08,32704,345,1.62,148.155
24,Quebec,Québec,14-05-2020,40724,0,3351,40724,302929,10829,26.59,35702,793,1.99,479.955
10,Newfoundland and Labrador,Terre-Neuve-et-Labrador,14-05-2020,261,0,3,261,10275,248,95.02,19701,0,0.00,50.044
13,New Brunswick,Nouveau-Brunswick,14-05-2020,120,0,0,120,18172,118,98.33,23393,0,0.00,15.447
12,Nova Scotia,Nouvelle-Écosse,14-05-2020,1026,0,51,1026,36192,909,88.60,37258,2,0.20,105.621
11,Prince Edward Island,Île-du-Prince-Édouard,14-05-2020,27,0,0,27,4306,27,100.00,27436,0,0.00,17.203
60,Yukon,Yukon,14-05-2020,11,0,0,11,1112,11,100.00,27219,0,0.00,26.925
61,Northwest Territories,Territoires du Nord-Ouest,14-05-2020,5,0,0,5,1828,5,100.00,40780,0,0.00,11.154
62,Nunavut,Nunavut,14-05-2020,0,0,0,0,617,0,N/A,15910,0,0.00,0.000
99,Repatriated travellers,Voyageurs rapatriés,14-05-2020,13,0,,13,76,,,,0,0.00,
1,Canada,Canada,14-05-2020,73477,11,5472,73488,1203588,36091,49.11,32019,1210,1.67,195.503
59,British Columbia,Colombie-Britannique,15-05-2020,2407,0,140,2407,100289,1908,79.27,19776,15,0.63,47.463
48,Alberta,Alberta,15-05-2020,6515,0,125,6515,189225,5317,81.61,43288,58,0.90,149.040
47,Saskatchewan,Saskatchewan,15-05-2020,590,0,6,590,36086,408,69.15,30726,8,1.37,50.236
46,Manitoba,Manitoba,15-05-2020,278,11,7,289,32492,254,87.89,23726,0,0.00,21.103
35,Ontario,Ontario,15-05-2020,21922,0,1825,21922,494136,16641,75.91,33923,341,1.58,150.496
24,Quebec,Québec,15-05-2020,41420,0,3401,41420,310868,11039,26.65,36638,696,1.71,488.158
10,Newfoundland and Labrador,Terre-Neuve-et-Labrador,15-05-2020,260,0,3,260,10343,248,95.38,19832,-1,-0.38,49.852
13,New Brunswick,Nouveau-Brunswick,15-05-2020,120,0,0,120,18587,119,99.17,23927,0,0.00,15.447
12,Nova Scotia,Nouvelle-Écosse,15-05-2020,1034,0,55,1034,36587,918,88.78,37664,8,0.78,106.445
11,Prince Edward Island,Île-du-Prince-Édouard,15-05-2020,27,0,0,27,4469,27,100.00,28475,0,0.00,17.203
60,Yukon,Yukon,15-05-2020,11,0,0,11,1119,11,100.00,27390,0,0.00,26.925
61,Northwest Territories,Territoires du Nord-Ouest,15-05-2020,5,0,0,5,1841,5,100.00,41070,0,0.00,11.154
62,Nunavut,Nunavut,15-05-2020,0,0,0,0,628,0,N/A,16194,0,0.00,0.000
99,Repatriated travellers,Voyageurs rapatriés,15-05-2020,13,0,,13,76,,,,0,0.00,
1,Canada,Canada,15-05-2020,74602,11,5562,74613,1236746,36895,49.45,32902,1125,1.53,198.496
59,British Columbia,Colombie-Britannique,16-05-2020,2428,0,141,2428,101886,1932,79.57,20091,21,0.87,47.877
48,Alberta,Alberta,16-05-2020,6587,0,126,6587,193098,5377,81.63,44174,72,1.11,150.687
47,Saskatchewan,Saskatchewan,16-05-2020,591,0,6,591,36817,433,73.27,31348,1,0.17,50.321
46,Manitoba,Manitoba,16-05-2020,278,11,7,289,33295,257,88.93,24312,0,0.00,21.103
35,Ontario,Ontario,16-05-2020,22313,0,1858,22313,511323,17020,76.28,35103,391,1.78,153.180
24,Quebec,Québec,16-05-2020,42183,0,3483,42183,319472,11458,27.16,37652,763,1.84,497.150
10,Newfoundland and Labrador,Terre-Neuve-et-Labrador,16-05-2020,260,0,3,260,10524,249,95.77,20179,0,0.00,49.852
13,New Brunswick,Nouveau-Brunswick,16-05-2020,120,0,0,120,18775,120,100.00,24169,0,0.00,15.447
12,Nova Scotia,Nouvelle-Écosse,16-05-2020,1037,0,55,1037,36916,930,89.68,38003,3,0.29,106.754
11,Prince Edward Island,Île-du-Prince-Édouard,16-05-2020,27,0,0,27,4469,27,100.00,28475,0,0.00,17.203
60,Yukon,Yukon,16-05-2020,11,0,0,11,1124,11,100.00,27513,0,0.00,26.925
61,Northwest Territories,Territoires du Nord-Ouest,16-05-2020,5,0,0,5,1851,5,100.00,41293,0,0.00,11.154
62,Nunavut,Nunavut,16-05-2020,0,0,0,0,628,0,N/A,16194,0,0.00,0.000
99,Repatriated travellers,Voyageurs rapatriés,16-05-2020,13,0,,13,76,,,,0,0.00,
1,Canada,Canada,16-05-2020,75853,11,5679,75864,1270254,37819,49.85,33793,1251,1.68,201.824
59,British Columbia,Colombie-Britannique,17-05-2020,2428,0,141,2428,103026,1932,79.57,20315,0,0.00,47.877
48,Alberta,Alberta,17-05-2020,6644,0,127,6644,196309,5453,82.07,44908,57,0.87,151.991
47,Saskatchewan,Saskatchewan,17-05-2020,592,0,6,592,37403,444,75.00,31847,1,0.17,50.406
46,Manitoba,Manitoba,17-05-2020,278,11,7,289,34042,257,88.93,24858,0,0.00,21.103
35,Ontario,Ontario,17-05-2020,22653,0,1881,22653,527010,17360,76.63,36179,340,1.52,155.514
24,Quebec,Québec,17-05-2020,42920,0,3562,42920,327782,11754,27.39,38631,737,1.75,505.836
10,Newfoundland and Labrador,Terre-Neuve-et-Labrador,17-05-2020,260,0,3,260,10622,249,95.77,20367,0,0.00,49.852
13,New Brunswick,Nouveau-Brunswick,17-05-2020,120,0,0,120,19010,120,100.00,24471,0,0.00,15.447
12,Nova Scotia,Nouvelle-Écosse,17-05-2020,1040,0,55,1040,37183,938,90.19,38278,3,0.29,107.063
11,Prince Edward Island,Île-du-Prince-Édouard,17-05-2020,27,0,0,27,4619,27,100.00,29430,0,0.00,17.203
60,Yukon,Yukon,17-05-2020,11,0,0,11,1124,11,100.00,27513,0,0.00,26.925
61,Northwest Territories,Territoires du Nord-Ouest,17-05-2020,5,0,0,5,1865,5,100.00,41605,0,0.00,11.154
62,Nunavut,Nunavut,17-05-2020,0,0,0,0,658,0,N/A,16968,0,0.00,0.000
99,Repatriated travellers,Voyageurs rapatriés,17-05-2020,13,0,,13,76,,,,0,0.00,
1,Canada,Canada,17-05-2020,76991,11,5782,77002,1300729,38550,50.06,34604,1138,1.50,204.851
59,British Columbia,Colombie-Britannique,18-05-2020,2444,0,143,2444,105078,1966,80.44,20720,16,0.66,48.192
48,Alberta,Alberta,18-05-2020,6683,0,128,6683,199237,5519,82.58,45578,39,0.59,152.883
47,Saskatchewan,Saskatchewan,18-05-2020,592,0,6,592,37697,455,76.86,32097,0,0.00,50.406
46,Manitoba,Manitoba,18-05-2020,279,11,7,290,34498,257,88.62,25191,1,0.35,21.176
35,Ontario,Ontario,18-05-2020,22957,0,1904,22957,535866,17638,76.83,36787,304,1.34,157.601
24,Quebec,Québec,18-05-2020,43627,0,3596,43627,335232,12045,27.61,39509,707,1.65,514.168
10,Newfoundland and Labrador,Terre-Neuve-et-Labrador,18-05-2020,260,0,3,260,10673,249,95.77,20464,0,0.00,49.852
13,New Brunswick,Nouveau-Brunswick,18-05-2020,120,0,0,120,19260,120,100.00,24793,0,0.00,15.447
12,Nova Scotia,Nouvelle-Écosse,18-05-2020,1043,0,55,1043,37406,946,90.70,38508,3,0.29,107.371
11,Prince Edward Island,Île-du-Prince-Édouard,18-05-2020,27,0,0,27,4761,27,100.00,30335,0,0.00,17.203
60,Yukon,Yukon,18-05-2020,11,0,0,11,1124,11,100.00,27513,0,0.00,26.925
61,Northwest Territories,Territoires du Nord-Ouest,18-05-2020,5,0,0,5,1879,5,100.00,41918,0,0.00,11.154
62,Nunavut,Nunavut,18-05-2020,0,0,0,0,660,0,N/A,17019,0,0.00,0.000
99,Repatriated travellers,Voyageurs rapatriés,18-05-2020,13,0,,13,76,,,,0,0.00,
1,Canada,Canada,18-05-2020,78061,11,5842,78072,1323447,39238,50.26,35208,1070,1.39,207.698
59,British Columbia,Colombie-Britannique,19-05-2020,2446,0,146,2446,106824,1975,80.74,21064,2,0.08,48.232
48,Alberta,Alberta,19-05-2020,6716,0,128,6716,201283,5584,83.14,46046,33,0.49,153.638
47,Saskatchewan,Saskatchewan,19-05-2020,599,0,6,599,38064,470,78.46,32410,7,1.18,51.002
46,Manitoba,Manitoba,19-05-2020,279,11,7,290,34892,257,88.62,25479,0,0.00,21.176
35,Ontario,Ontario,19-05-2020,23384,0,1919,23384,541489,17898,76.54,37173,427,1.86,160.532
24,Quebec,Québec,19-05-2020,44197,0,3647,44197,341102,12497,28.28,40201,570,1.31,520.886
10,Newfoundland and Labrador,Terre-Neuve-et-Labrador,19-05-2020,260,0,3,260,10744,250,96.15,20600,0,0.00,49.852
13,New Brunswick,Nouveau-Brunswick,19-05-2020,120,0,0,120,19453,120,100.00,25042,0,0.00,15.447
12,Nova Scotia,Nouvelle-Écosse,19-05-2020,1044,0,56,1044,37594,956,91.57,38701,1,0.10,107.474
11,Prince Edward Island,Île-du-Prince-Édouard,19-05-2020,27,0,0,27,4761,27,100.00,30335,0,0.00,17.203
60,Yukon,Yukon,19-05-2020,11,0,0,11,1134,11,100.00,27757,0,0.00,26.925
61,Northwest Territories,Territoires du Nord-Ouest,19-05-2020,5,0,0,5,1890,5,100.00,42163,0,0.00,11.154
62,Nunavut,Nunavut,19-05-2020,0,0,0,0,665,0,N/A,17148,0,0.00,0.000
99,Repatriated travellers,Voyageurs rapatriés,19-05-2020,13,0,,13,76,,,,0,0.00,
1,Canada,Canada,19-05-2020,79101,11,5912,79112,1339971,40050,50.62,35648,1040,1.33,210.464
59,British Columbia,Colombie-Britannique,20-05-2020,2467,0,149,2467,107152,2001,81.11,21129,21,0.86,48.646
48,Alberta,Alberta,20-05-2020,6716,0,128,6716,203397,5584,83.14,46530,0,0.00,153.638
47,Saskatchewan,Saskatchewan,20-05-2020,599,0,6,599,38332,470,78.46,32638,0,0.00,51.002
46,Manitoba,Manitoba,20-05-2020,279,11,7,290,35133,257,88.62,25655,0,0.00,21.176
35,Ontario,Ontario,20-05-2020,23774,0,1962,23774,567176,18190,76.51,38937,390,1.67,163.210
24,Quebec,Québec,20-05-2020,44775,0,3718,44775,346684,12822,28.64,40859,578,1.31,527.698
10,Newfoundland and Labrador,Terre-Neuve-et-Labrador,20-05-2020,260,0,3,260,10841,250,96.15,20786,0,0.00,49.852
13,New Brunswick,Nouveau-Brunswick,20-05-2020,120,0,0,120,19745,120,100.00,25417,0,0.00,15.447
12,Nova Scotia,Nouvelle-Écosse,20-05-2020,1045,0,57,1045,37932,956,91.48,39049,1,0.10,107.577
11,Prince Edward Island,Île-du-Prince-Édouard,20-05-2020,27,0,0,27,4951,27,100.00,31546,0,0.00,17.203
60,Yukon,Yukon,20-05-2020,11,0,0,11,1141,11,100.00,27929,0,0.00,26.925
61,Northwest Territories,Territoires du Nord-Ouest,20-05-2020,5,0,0,5,1890,5,100.00,42163,0,0.00,11.154
62,Nunavut,Nunavut,20-05-2020,0,0,0,0,676,0,N/A,17432,0,0.00,0.000
99,Repatriated travellers,Voyageurs rapatriés,20-05-2020,13,0,,13,76,,,,0,0.00,
1,Canada,Canada,20-05-2020,80091,11,6030,80102,1375126,40693,50.80,36583,990,1.25,213.098
59,British Columbia,Colombie-Britannique,21-05-2020,2479,0,152,2479,108320,2020,81.48,21359,12,0.49,48.883
48,Alberta,Alberta,21-05-2020,6768,0,132,6768,205778,5710,84.37,47075,52,0.77,154.828
47,Saskatchewan,Saskatchewan,21-05-2020,622,0,7,622,38732,509,81.83,32979,23,3.84,52.960
46,Manitoba,Manitoba,21-05-2020,279,11,7,290,35723,265,91.38,26085,0,0.00,21.176
35,Ontario,Ontario,21-05-2020,24187,0,1993,24187,558792,18509,76.52,38361,413,1.74,166.045
24,Quebec,Québec,21-05-2020,45495,0,3800,45495,354172,13327,29.29,41741,720,1.61,536.184
10,Newfoundland and Labrador,Terre-Neuve-et-Labrador,21-05-2020,260,0,3,260,10967,253,97.31,21028,0,0.00,49.852
13,New Brunswick,Nouveau-Brunswick,21-05-2020,121,0,0,121,20104,120,99.17,25880,1,0.83,15.576
12,Nova Scotia,Nouvelle-Écosse,21-05-2020,1046,0,58,1046,38275,959,91.68,39402,1,0.10,107.680
11,Prince Edward Island,Île-du-Prince-Édouard,21-05-2020,27,0,0,27,5066,27,100.00,32278,0,0.00,17.203
60,Yukon,Yukon,21-05-2020,11,0,0,11,1142,11,100.00,27953,0,0.00,26.925
61,Northwest Territories,Territoires du Nord-Ouest,21-05-2020,5,0,0,5,1899,5,100.00,42364,0,0.00,11.154
62,Nunavut,Nunavut,21-05-2020,0,0,0,0,685,0,N/A,17664,0,0.00,0.000
99,Repatriated travellers,Voyageurs rapatriés,21-05-2020,13,0,,13,76,13,100.00,,0,0.00,
1,Canada,Canada,21-05-2020,81313,11,6152,81324,1379731,41728,51.31,36705,1222,1.53,216.349
59,British Columbia,Colombie-Britannique,22-05-2020,2479,0,152,2479,109844,2020,81.48,21660,,,
48,Alberta,Alberta,22-05-2020,6768,0,132,6768,205778,5710,84.37,47075,,,
47,Saskatchewan,Saskatchewan,22-05-2020,622,0,7,622,39072,509,81.83,33268,,,
46,Manitoba,Manitoba,22-05-2020,279,11,7,290,36590,265,91.38,26718,,,
35,Ontario,Ontario,22-05-2020,24628,0,2021,24628,569699,18767,76.20,39110,,,
24,Quebec,Québec,22-05-2020,45495,0,3800,45495,354172,13327,29.29,41741,,,
10,Newfoundland and Labrador,Terre-Neuve-et-Labrador,22-05-2020,260,0,3,260,11096,253,97.31,21275,,,
13,New Brunswick,Nouveau-Brunswick,22-05-2020,121,0,0,121,20309,120,99.17,26144,,,
12,Nova Scotia,Nouvelle-Écosse,22-05-2020,1046,0,58,1046,38613,959,91.68,39750,,,
11,Prince Edward Island,Île-du-Prince-Édouard,22-05-2020,27,0,0,27,5201,27,100.00,33139,,,
60,Yukon,Yukon,22-05-2020,11,0,0,11,1142,11,100.00,27953,,,
61,Northwest Territories,Territoires du Nord-Ouest,22-05-2020,5,0,0,5,1899,5,100.00,42364,,,
62,Nunavut,Nunavut,22-05-2020,0,0,0,0,693,0,N/A,17870,,,
99,Repatriated travellers,Voyageurs rapatriés,22-05-2020,13,0,,13,76,13,100.00,,,,
1,Canada,Canada,22-05-2020,81754,11,6180,81765,1394184,41986,51.35,37090,,,
