country_code,match_string,date,total_confirmed,total_deceased,new_confirmed,new_deceased,key
PL,dolnośląskie,2020-03-18,40,2,,,PL_02
PL,dolnośląskie,2020-03-19,53,2,13,0,PL_02
PL,dolnośląskie,2020-03-20,58,2,5,0,PL_02
PL,dolnośląskie,2020-03-21,66,2,8,0,PL_02
PL,dolnośląskie,2020-03-22,79,2,13,0,PL_02
PL,dolnośląskie,2020-03-23,101,2,22,0,PL_02
PL,dolnośląskie,2020-03-24,134,2,33,0,PL_02
PL,dolnośląskie,2020-03-25,150,5,16,3,PL_02
PL,dolnośląskie,2020-03-26,165,4,15,-1,PL_02
PL,dolnośląskie,2020-03-27,193,4,28,0,PL_02
PL,dolnośląskie,2020-03-28,214,4,21,0,PL_02
PL,dolnośląskie,2020-03-29,234,4,20,0,PL_02
PL,dolnośląskie,2020-03-30,258,4,24,0,PL_02
PL,dolnośląskie,2020-03-31,274,4,16,0,PL_02
PL,dolnośląskie,2020-04-01,326,4,52,0,PL_02
PL,dolnośląskie,2020-04-02,338,6,12,2,PL_02
PL,dolnośląskie,2020-04-03,400,6,62,0,PL_02
PL,dolnośląskie,2020-04-04,407,6,7,0,PL_02
PL,dolnośląskie,2020-04-05,468,10,61,4,PL_02
PL,dolnośląskie,2020-04-06,488,13,20,3,PL_02
PL,dolnośląskie,2020-04-07,527,14,39,1,PL_02
PL,dolnośląskie,2020-04-08,539,15,12,1,PL_02
PL,dolnośląskie,2020-04-09,568,18,29,3,PL_02
PL,dolnośląskie,2020-04-10,637,20,69,2,PL_02
PL,dolnośląskie,2020-04-11,660,22,23,2,PL_02
PL,dolnośląskie,2020-04-12,697,23,37,1,PL_02
PL,dolnośląskie,2020-04-13,709,24,12,1,PL_02
PL,dolnośląskie,2020-04-14,723,25,14,1,PL_02
PL,dolnośląskie,2020-04-15,764,25,41,0,PL_02
PL,dolnośląskie,2020-04-16,819,28,55,3,PL_02
PL,dolnośląskie,2020-04-17,893,30,74,2,PL_02
PL,dolnośląskie,2020-04-18,949,30,56,0,PL_02
PL,dolnośląskie,2020-04-19,1044,30,95,0,PL_02
PL,dolnośląskie,2020-04-20,1077,33,33,3,PL_02
PL,dolnośląskie,2020-04-21,1118,33,41,0,PL_02
PL,dolnośląskie,2020-04-22,1144,36,26,3,PL_02
PL,dolnośląskie,2020-04-23,1212,36,68,0,PL_02
PL,dolnośląskie,2020-04-24,1235,37,23,1,PL_02
PL,dolnośląskie,2020-04-25,1278,40,43,3,PL_02
PL,dolnośląskie,2020-04-26,1341,41,63,1,PL_02
PL,dolnośląskie,2020-04-27,1412,41,71,0,PL_02
PL,dolnośląskie,2020-04-28,1461,44,49,3,PL_02
PL,dolnośląskie,2020-04-29,1520,47,59,3,PL_02
PL,dolnośląskie,2020-04-30,1563,48,43,1,PL_02
PL,dolnośląskie,2020-05-01,1580,48,17,0,PL_02
PL,dolnośląskie,2020-05-02,1620,49,40,1,PL_02
PL,dolnośląskie,2020-05-03,1645,52,25,3,PL_02
PL,dolnośląskie,2020-05-04,1723,53,78,1,PL_02
PL,dolnośląskie,2020-05-05,1769,57,46,4,PL_02
PL,dolnośląskie,2020-05-06,1789,57,20,0,PL_02
PL,dolnośląskie,2020-05-07,1825,59,36,2,PL_02
PL,dolnośląskie,2020-05-08,1870,66,45,7,PL_02
PL,dolnośląskie,2020-05-09,1903,67,33,1,PL_02
PL,dolnośląskie,2020-05-10,2002,67,99,0,PL_02
PL,dolnośląskie,2020-05-11,2024,72,22,5,PL_02
PL,dolnośląskie,2020-05-12,2056,78,32,6,PL_02
PL,dolnośląskie,2020-05-13,2100,79,44,1,PL_02
PL,dolnośląskie,2020-05-14,2125,82,25,3,PL_02
PL,dolnośląskie,2020-05-15,2141,89,16,7,PL_02
PL,dolnośląskie,2020-05-16,2160,89,19,0,PL_02
PL,dolnośląskie,2020-05-17,2166,89,6,0,PL_02
PL,dolnośląskie,2020-05-18,2226,91,60,2,PL_02
PL,dolnośląskie,2020-05-19,2257,93,31,2,PL_02
PL,dolnośląskie,2020-05-20,2276,94,19,1,PL_02
PL,dolnośląskie,2020-05-21,2295,94,19,0,PL_02
PL,dolnośląskie,2020-05-22,2366,96,71,2,PL_02
PL,dolnośląskie,2020-05-23,2399,96,33,0,PL_02
PL,dolnośląskie,2020-05-24,2418,96,19,0,PL_02
PL,dolnośląskie,2020-05-25,2455,98,37,2,PL_02
PL,dolnośląskie,2020-05-26,2471,101,16,3,PL_02
PL,dolnośląskie,2020-05-27,2512,101,41,0,PL_02
PL,dolnośląskie,2020-05-28,2530,102,18,1,PL_02
PL,dolnośląskie,2020-05-29,2556,102,26,0,PL_02
PL,dolnośląskie,2020-05-30,2581,104,25,2,PL_02
PL,dolnośląskie,2020-05-31,2594,104,13,0,PL_02
PL,dolnośląskie,2020-06-01,2630,105,36,1,PL_02
PL,dolnośląskie,2020-06-02,2639,105,9,0,PL_02
PL,dolnośląskie,2020-06-03,2649,112,10,7,PL_02
PL,dolnośląskie,2020-06-04,2660,112,11,0,PL_02
PL,dolnośląskie,2020-06-05,2680,117,20,5,PL_02
PL,dolnośląskie,2020-06-06,2700,117,20,0,PL_02
PL,dolnośląskie,2020-06-07,2708,117,8,0,PL_02
PL,dolnośląskie,2020-06-08,2724,120,16,3,PL_02
PL,dolnośląskie,2020-06-09,2736,122,12,2,PL_02
PL,dolnośląskie,2020-06-10,2739,124,3,2,PL_02
PL,dolnośląskie,2020-06-11,2749,124,10,0,PL_02
PL,dolnośląskie,2020-06-12,2750,124,1,0,PL_02
PL,dolnośląskie,2020-06-13,17,125,-2733,1,PL_02
PL,dolnośląskie,2020-06-14,2767,125,2750,0,PL_02
PL,dolnośląskie,2020-06-15,2767,126,0,1,PL_02
PL,dolnośląskie,2020-06-16,2778,129,11,3,PL_02
PL,dolnośląskie,2020-06-17,2814,129,36,0,PL_02
PL,kujawsko-pomorskie,2020-03-18,8,0,,,PL_04
PL,kujawsko-pomorskie,2020-03-19,11,0,3,0,PL_04
PL,kujawsko-pomorskie,2020-03-20,14,0,3,0,PL_04
PL,kujawsko-pomorskie,2020-03-21,18,0,4,0,PL_04
PL,kujawsko-pomorskie,2020-03-22,18,0,0,0,PL_04
PL,kujawsko-pomorskie,2020-03-23,21,0,3,0,PL_04
PL,kujawsko-pomorskie,2020-03-24,22,0,1,0,PL_04
PL,kujawsko-pomorskie,2020-03-25,27,0,5,0,PL_04
PL,kujawsko-pomorskie,2020-03-26,31,0,4,0,PL_04
PL,kujawsko-pomorskie,2020-03-27,33,0,2,0,PL_04
PL,kujawsko-pomorskie,2020-03-28,37,0,4,0,PL_04
PL,kujawsko-pomorskie,2020-03-29,47,0,10,0,PL_04
PL,kujawsko-pomorskie,2020-03-30,72,0,25,0,PL_04
PL,kujawsko-pomorskie,2020-03-31,76,0,4,0,PL_04
PL,kujawsko-pomorskie,2020-04-01,84,0,8,0,PL_04
PL,kujawsko-pomorskie,2020-04-02,157,0,73,0,PL_04
PL,kujawsko-pomorskie,2020-04-03,199,1,42,1,PL_04
PL,kujawsko-pomorskie,2020-04-04,224,1,25,0,PL_04
PL,kujawsko-pomorskie,2020-04-05,241,1,17,0,PL_04
PL,kujawsko-pomorskie,2020-04-06,245,1,4,0,PL_04
PL,kujawsko-pomorskie,2020-04-07,264,1,19,0,PL_04
PL,kujawsko-pomorskie,2020-04-08,277,5,13,4,PL_04
PL,kujawsko-pomorskie,2020-04-09,280,6,3,1,PL_04
PL,kujawsko-pomorskie,2020-04-10,290,7,10,1,PL_04
PL,kujawsko-pomorskie,2020-04-11,313,7,23,0,PL_04
PL,kujawsko-pomorskie,2020-04-12,336,7,23,0,PL_04
PL,kujawsko-pomorskie,2020-04-13,345,7,9,0,PL_04
PL,kujawsko-pomorskie,2020-04-14,352,9,7,2,PL_04
PL,kujawsko-pomorskie,2020-04-15,359,12,7,3,PL_04
PL,kujawsko-pomorskie,2020-04-16,367,13,8,1,PL_04
PL,kujawsko-pomorskie,2020-04-17,387,13,20,0,PL_04
PL,kujawsko-pomorskie,2020-04-18,398,16,11,3,PL_04
PL,kujawsko-pomorskie,2020-04-19,406,16,8,0,PL_04
PL,kujawsko-pomorskie,2020-04-20,421,17,15,1,PL_04
PL,kujawsko-pomorskie,2020-04-21,438,17,17,0,PL_04
PL,kujawsko-pomorskie,2020-04-22,452,20,14,3,PL_04
PL,kujawsko-pomorskie,2020-04-23,460,20,8,0,PL_04
PL,kujawsko-pomorskie,2020-04-24,471,24,11,4,PL_04
PL,kujawsko-pomorskie,2020-04-25,474,26,3,2,PL_04
PL,kujawsko-pomorskie,2020-04-26,478,26,4,0,PL_04
PL,kujawsko-pomorskie,2020-04-27,483,26,5,0,PL_04
PL,kujawsko-pomorskie,2020-04-28,518,27,35,1,PL_04
PL,kujawsko-pomorskie,2020-04-29,537,28,19,1,PL_04
PL,kujawsko-pomorskie,2020-04-30,544,28,7,0,PL_04
PL,kujawsko-pomorskie,2020-05-01,550,28,6,0,PL_04
PL,kujawsko-pomorskie,2020-05-02,554,29,4,1,PL_04
PL,kujawsko-pomorskie,2020-05-03,557,29,3,0,PL_04
PL,kujawsko-pomorskie,2020-05-04,557,30,0,1,PL_04
PL,kujawsko-pomorskie,2020-05-05,561,30,4,0,PL_04
PL,kujawsko-pomorskie,2020-05-06,561,30,0,0,PL_04
PL,kujawsko-pomorskie,2020-05-07,566,31,5,1,PL_04
PL,kujawsko-pomorskie,2020-05-08,571,32,5,1,PL_04
PL,kujawsko-pomorskie,2020-05-09,572,32,1,0,PL_04
PL,kujawsko-pomorskie,2020-05-10,574,32,2,0,PL_04
PL,kujawsko-pomorskie,2020-05-11,577,32,3,0,PL_04
PL,kujawsko-pomorskie,2020-05-12,577,34,0,2,PL_04
PL,kujawsko-pomorskie,2020-05-13,577,39,0,5,PL_04
PL,kujawsko-pomorskie,2020-05-14,578,40,1,1,PL_04
PL,kujawsko-pomorskie,2020-05-15,581,42,3,2,PL_04
PL,kujawsko-pomorskie,2020-05-16,582,42,1,0,PL_04
PL,kujawsko-pomorskie,2020-05-17,582,43,0,1,PL_04
PL,kujawsko-pomorskie,2020-05-18,582,44,0,1,PL_04
PL,kujawsko-pomorskie,2020-05-19,583,44,1,0,PL_04
PL,kujawsko-pomorskie,2020-05-20,584,44,1,0,PL_04
PL,kujawsko-pomorskie,2020-05-21,587,44,3,0,PL_04
PL,kujawsko-pomorskie,2020-05-22,590,45,3,1,PL_04
PL,kujawsko-pomorskie,2020-05-23,592,45,2,0,PL_04
PL,kujawsko-pomorskie,2020-05-24,593,45,1,0,PL_04
PL,kujawsko-pomorskie,2020-05-25,594,46,1,1,PL_04
PL,kujawsko-pomorskie,2020-05-26,594,46,0,0,PL_04
PL,kujawsko-pomorskie,2020-05-27,595,46,1,0,PL_04
PL,kujawsko-pomorskie,2020-05-28,595,46,0,0,PL_04
PL,kujawsko-pomorskie,2020-05-29,594,46,-1,0,PL_04
PL,kujawsko-pomorskie,2020-05-30,594,46,0,0,PL_04
PL,kujawsko-pomorskie,2020-05-31,594,46,0,0,PL_04
PL,kujawsko-pomorskie,2020-06-01,593,47,-1,1,PL_04
PL,kujawsko-pomorskie,2020-06-02,594,47,1,0,PL_04
PL,kujawsko-pomorskie,2020-06-03,595,47,1,0,PL_04
PL,kujawsko-pomorskie,2020-06-04,599,47,4,0,PL_04
PL,kujawsko-pomorskie,2020-06-05,601,47,2,0,PL_04
PL,kujawsko-pomorskie,2020-06-06,601,47,0,0,PL_04
PL,kujawsko-pomorskie,2020-06-07,601,47,0,0,PL_04
PL,kujawsko-pomorskie,2020-06-08,602,47,1,0,PL_04
PL,kujawsko-pomorskie,2020-06-09,603,47,1,0,PL_04
PL,kujawsko-pomorskie,2020-06-10,606,47,3,0,PL_04
PL,kujawsko-pomorskie,2020-06-11,608,47,2,0,PL_04
PL,kujawsko-pomorskie,2020-06-12,610,47,2,0,PL_04
PL,kujawsko-pomorskie,2020-06-13,4,49,-606,2,PL_04
PL,kujawsko-pomorskie,2020-06-14,626,49,622,0,PL_04
PL,kujawsko-pomorskie,2020-06-15,626,49,0,0,PL_04
PL,kujawsko-pomorskie,2020-06-16,627,49,1,0,PL_04
PL,kujawsko-pomorskie,2020-06-17,630,49,3,0,PL_04
PL,lubelskie,2020-03-18,22,1,,,PL_06
PL,lubelskie,2020-03-19,25,1,3,0,PL_06
PL,lubelskie,2020-03-20,28,1,3,0,PL_06
PL,lubelskie,2020-03-21,31,1,3,0,PL_06
PL,lubelskie,2020-03-22,39,1,8,0,PL_06
PL,lubelskie,2020-03-23,48,1,9,0,PL_06
PL,lubelskie,2020-03-24,54,2,6,1,PL_06
PL,lubelskie,2020-03-25,63,2,9,0,PL_06
PL,lubelskie,2020-03-26,74,2,11,0,PL_06
PL,lubelskie,2020-03-27,78,2,4,0,PL_06
PL,lubelskie,2020-03-28,87,3,9,1,PL_06
PL,lubelskie,2020-03-29,105,3,18,0,PL_06
PL,lubelskie,2020-03-30,114,4,9,1,PL_06
PL,lubelskie,2020-03-31,132,4,18,0,PL_06
PL,lubelskie,2020-04-01,133,5,1,1,PL_06
PL,lubelskie,2020-04-02,150,5,17,0,PL_06
PL,lubelskie,2020-04-03,157,6,7,1,PL_06
PL,lubelskie,2020-04-04,165,6,8,0,PL_06
PL,lubelskie,2020-04-05,174,6,9,0,PL_06
PL,lubelskie,2020-04-06,181,7,7,1,PL_06
PL,lubelskie,2020-04-07,192,7,11,0,PL_06
PL,lubelskie,2020-04-08,199,9,7,2,PL_06
PL,lubelskie,2020-04-09,204,8,5,-1,PL_06
PL,lubelskie,2020-04-10,221,9,17,1,PL_06
PL,lubelskie,2020-04-11,225,10,4,1,PL_06
PL,lubelskie,2020-04-12,234,10,9,0,PL_06
PL,lubelskie,2020-04-13,240,10,6,0,PL_06
PL,lubelskie,2020-04-14,245,10,5,0,PL_06
PL,lubelskie,2020-04-15,270,10,25,0,PL_06
PL,lubelskie,2020-04-16,279,10,9,0,PL_06
PL,lubelskie,2020-04-17,290,10,11,0,PL_06
PL,lubelskie,2020-04-18,293,10,3,0,PL_06
PL,lubelskie,2020-04-19,308,10,15,0,PL_06
PL,lubelskie,2020-04-20,311,10,3,0,PL_06
PL,lubelskie,2020-04-21,325,10,14,0,PL_06
PL,lubelskie,2020-04-22,332,10,7,0,PL_06
PL,lubelskie,2020-04-23,336,10,4,0,PL_06
PL,lubelskie,2020-04-24,342,10,6,0,PL_06
PL,lubelskie,2020-04-25,346,10,4,0,PL_06
PL,lubelskie,2020-04-26,351,12,5,2,PL_06
PL,lubelskie,2020-04-27,353,13,2,1,PL_06
PL,lubelskie,2020-04-28,356,13,3,0,PL_06
PL,lubelskie,2020-04-29,359,13,3,0,PL_06
PL,lubelskie,2020-04-30,360,13,1,0,PL_06
PL,lubelskie,2020-05-01,365,13,5,0,PL_06
PL,lubelskie,2020-05-02,367,13,2,0,PL_06
PL,lubelskie,2020-05-03,374,14,7,1,PL_06
PL,lubelskie,2020-05-04,374,14,0,0,PL_06
PL,lubelskie,2020-05-05,374,14,0,0,PL_06
PL,lubelskie,2020-05-06,380,14,6,0,PL_06
PL,lubelskie,2020-05-07,381,14,1,0,PL_06
PL,lubelskie,2020-05-08,384,14,3,0,PL_06
PL,lubelskie,2020-05-09,386,14,2,0,PL_06
PL,lubelskie,2020-05-10,388,14,2,0,PL_06
PL,lubelskie,2020-05-11,392,14,4,0,PL_06
PL,lubelskie,2020-05-12,396,14,4,0,PL_06
PL,lubelskie,2020-05-13,398,14,2,0,PL_06
PL,lubelskie,2020-05-14,400,14,2,0,PL_06
PL,lubelskie,2020-05-15,401,14,1,0,PL_06
PL,lubelskie,2020-05-16,401,14,0,0,PL_06
PL,lubelskie,2020-05-17,402,14,1,0,PL_06
PL,lubelskie,2020-05-18,409,14,7,0,PL_06
PL,lubelskie,2020-05-19,409,14,0,0,PL_06
PL,lubelskie,2020-05-20,411,14,2,0,PL_06
PL,lubelskie,2020-05-21,417,15,6,1,PL_06
PL,lubelskie,2020-05-22,420,15,3,0,PL_06
PL,lubelskie,2020-05-23,421,15,1,0,PL_06
PL,lubelskie,2020-05-24,434,15,13,0,PL_06
PL,lubelskie,2020-05-25,446,15,12,0,PL_06
PL,lubelskie,2020-05-26,449,15,3,0,PL_06
PL,lubelskie,2020-05-27,471,15,22,0,PL_06
PL,lubelskie,2020-05-28,487,15,16,0,PL_06
PL,lubelskie,2020-05-29,486,15,-1,0,PL_06
PL,lubelskie,2020-05-30,486,15,0,0,PL_06
PL,lubelskie,2020-05-31,493,15,7,0,PL_06
PL,lubelskie,2020-06-01,495,15,2,0,PL_06
PL,lubelskie,2020-06-02,495,15,0,0,PL_06
PL,lubelskie,2020-06-03,503,15,8,0,PL_06
PL,lubelskie,2020-06-04,504,15,1,0,PL_06
PL,lubelskie,2020-06-05,505,15,1,0,PL_06
PL,lubelskie,2020-06-06,508,16,3,1,PL_06
PL,lubelskie,2020-06-07,514,16,6,0,PL_06
PL,lubelskie,2020-06-08,515,16,1,0,PL_06
PL,lubelskie,2020-06-09,519,16,4,0,PL_06
PL,lubelskie,2020-06-10,520,16,1,0,PL_06
PL,lubelskie,2020-06-11,522,16,2,0,PL_06
PL,lubelskie,2020-06-12,524,16,2,0,PL_06
PL,lubelskie,2020-06-13,6,16,-518,0,PL_06
PL,lubelskie,2020-06-14,543,16,537,0,PL_06
PL,lubelskie,2020-06-15,544,16,1,0,PL_06
PL,lubelskie,2020-06-16,553,16,9,0,PL_06
PL,lubelskie,2020-06-17,555,16,2,0,PL_06
PL,lubuskie,2020-03-18,3,0,,,PL_08
PL,lubuskie,2020-03-19,9,0,6,0,PL_08
PL,lubuskie,2020-03-20,9,0,0,0,PL_08
PL,lubuskie,2020-03-21,9,0,0,0,PL_08
PL,lubuskie,2020-03-22,11,0,2,0,PL_08
PL,lubuskie,2020-03-23,16,0,5,0,PL_08
PL,lubuskie,2020-03-24,21,0,5,0,PL_08
PL,lubuskie,2020-03-25,20,0,-1,0,PL_08
PL,lubuskie,2020-03-26,30,0,10,0,PL_08
PL,lubuskie,2020-03-27,31,0,1,0,PL_08
PL,lubuskie,2020-03-28,33,0,2,0,PL_08
PL,lubuskie,2020-03-29,33,0,0,0,PL_08
PL,lubuskie,2020-03-30,36,0,3,0,PL_08
PL,lubuskie,2020-03-31,42,0,6,0,PL_08
PL,lubuskie,2020-04-01,47,0,5,0,PL_08
PL,lubuskie,2020-04-02,49,0,2,0,PL_08
PL,lubuskie,2020-04-03,51,0,2,0,PL_08
PL,lubuskie,2020-04-04,56,0,5,0,PL_08
PL,lubuskie,2020-04-05,59,0,3,0,PL_08
PL,lubuskie,2020-04-06,62,0,3,0,PL_08
PL,lubuskie,2020-04-07,62,0,0,0,PL_08
PL,lubuskie,2020-04-08,66,0,4,0,PL_08
PL,lubuskie,2020-04-09,69,0,3,0,PL_08
PL,lubuskie,2020-04-10,74,0,5,0,PL_08
PL,lubuskie,2020-04-11,76,0,2,0,PL_08
PL,lubuskie,2020-04-12,78,0,2,0,PL_08
PL,lubuskie,2020-04-13,78,0,0,0,PL_08
PL,lubuskie,2020-04-14,79,0,1,0,PL_08
PL,lubuskie,2020-04-15,79,0,0,0,PL_08
PL,lubuskie,2020-04-16,81,0,2,0,PL_08
PL,lubuskie,2020-04-17,81,0,0,0,PL_08
PL,lubuskie,2020-04-18,81,0,0,0,PL_08
PL,lubuskie,2020-04-19,81,0,0,0,PL_08
PL,lubuskie,2020-04-20,82,0,1,0,PL_08
PL,lubuskie,2020-04-21,84,0,2,0,PL_08
PL,lubuskie,2020-04-22,85,0,1,0,PL_08
PL,lubuskie,2020-04-23,85,0,0,0,PL_08
PL,lubuskie,2020-04-24,85,0,0,0,PL_08
PL,lubuskie,2020-04-25,85,0,0,0,PL_08
PL,lubuskie,2020-04-26,87,0,2,0,PL_08
PL,lubuskie,2020-04-27,87,0,0,0,PL_08
PL,lubuskie,2020-04-28,87,0,0,0,PL_08
PL,lubuskie,2020-04-29,87,0,0,0,PL_08
PL,lubuskie,2020-04-30,87,0,0,0,PL_08
PL,lubuskie,2020-05-01,87,0,0,0,PL_08
PL,lubuskie,2020-05-02,87,0,0,0,PL_08
PL,lubuskie,2020-05-03,88,0,1,0,PL_08
PL,lubuskie,2020-05-04,90,0,2,0,PL_08
PL,lubuskie,2020-05-05,92,0,2,0,PL_08
PL,lubuskie,2020-05-06,90,0,-2,0,PL_08
PL,lubuskie,2020-05-07,92,0,2,0,PL_08
PL,lubuskie,2020-05-08,92,0,0,0,PL_08
PL,lubuskie,2020-05-09,92,0,0,0,PL_08
PL,lubuskie,2020-05-10,92,0,0,0,PL_08
PL,lubuskie,2020-05-11,92,0,0,0,PL_08
PL,lubuskie,2020-05-12,92,0,0,0,PL_08
PL,lubuskie,2020-05-13,92,0,0,0,PL_08
PL,lubuskie,2020-05-14,92,0,0,0,PL_08
PL,lubuskie,2020-05-15,92,0,0,0,PL_08
PL,lubuskie,2020-05-16,92,0,0,0,PL_08
PL,lubuskie,2020-05-17,92,0,0,0,PL_08
PL,lubuskie,2020-05-18,92,0,0,0,PL_08
PL,lubuskie,2020-05-19,92,0,0,0,PL_08
PL,lubuskie,2020-05-20,92,0,0,0,PL_08
PL,lubuskie,2020-05-21,95,0,3,0,PL_08
PL,lubuskie,2020-05-22,97,0,2,0,PL_08
PL,lubuskie,2020-05-23,99,0,2,0,PL_08
PL,lubuskie,2020-05-24,103,0,4,0,PL_08
PL,lubuskie,2020-05-25,108,0,5,0,PL_08
PL,lubuskie,2020-05-26,111,0,3,0,PL_08
PL,lubuskie,2020-05-27,111,0,0,0,PL_08
PL,lubuskie,2020-05-28,113,0,2,0,PL_08
PL,lubuskie,2020-05-29,114,0,1,0,PL_08
PL,lubuskie,2020-05-30,116,0,2,0,PL_08
PL,lubuskie,2020-05-31,116,0,0,0,PL_08
PL,lubuskie,2020-06-01,118,0,2,0,PL_08
PL,lubuskie,2020-06-02,120,0,2,0,PL_08
PL,lubuskie,2020-06-03,122,0,2,0,PL_08
PL,lubuskie,2020-06-04,122,0,0,0,PL_08
PL,lubuskie,2020-06-05,124,0,2,0,PL_08
PL,lubuskie,2020-06-06,124,0,0,0,PL_08
PL,lubuskie,2020-06-07,126,0,2,0,PL_08
PL,lubuskie,2020-06-08,126,0,0,0,PL_08
PL,lubuskie,2020-06-09,129,0,3,0,PL_08
PL,lubuskie,2020-06-10,129,0,0,0,PL_08
PL,lubuskie,2020-06-11,129,0,0,0,PL_08
PL,lubuskie,2020-06-12,130,0,1,0,PL_08
PL,lubuskie,2020-06-13,1,0,-129,0,PL_08
PL,lubuskie,2020-06-14,132,0,131,0,PL_08
PL,lubuskie,2020-06-15,133,0,1,0,PL_08
PL,lubuskie,2020-06-16,133,0,0,0,PL_08
PL,lubuskie,2020-06-17,149,0,16,0,PL_08
PL,mazowieckie,2020-03-18,66,0,,,PL_14
PL,mazowieckie,2020-03-19,82,0,16,0,PL_14
PL,mazowieckie,2020-03-20,107,0,25,0,PL_14
PL,mazowieckie,2020-03-21,127,0,20,0,PL_14
PL,mazowieckie,2020-03-22,147,1,20,1,PL_14
PL,mazowieckie,2020-03-23,175,1,28,0,PL_14
PL,mazowieckie,2020-03-24,212,1,37,0,PL_14
PL,mazowieckie,2020-03-25,251,1,39,0,PL_14
PL,mazowieckie,2020-03-26,291,3,40,2,PL_14
PL,mazowieckie,2020-03-27,318,3,27,0,PL_14
PL,mazowieckie,2020-03-28,421,4,103,1,PL_14
PL,mazowieckie,2020-03-29,461,4,40,0,PL_14
PL,mazowieckie,2020-03-30,487,7,26,3,PL_14
PL,mazowieckie,2020-03-31,544,8,57,1,PL_14
PL,mazowieckie,2020-04-01,612,11,68,3,PL_14
PL,mazowieckie,2020-04-02,754,14,142,3,PL_14
PL,mazowieckie,2020-04-03,819,14,65,0,PL_14
PL,mazowieckie,2020-04-04,808,14,-11,0,PL_14
PL,mazowieckie,2020-04-05,967,20,159,6,PL_14
PL,mazowieckie,2020-04-06,1065,23,98,3,PL_14
PL,mazowieckie,2020-04-07,1247,25,182,2,PL_14
PL,mazowieckie,2020-04-08,1314,37,67,12,PL_14
PL,mazowieckie,2020-04-09,1424,41,110,4,PL_14
PL,mazowieckie,2020-04-10,1501,41,77,0,PL_14
PL,mazowieckie,2020-04-11,1629,53,128,12,PL_14
PL,mazowieckie,2020-04-12,1664,69,35,16,PL_14
PL,mazowieckie,2020-04-13,1688,70,24,1,PL_14
PL,mazowieckie,2020-04-14,1715,75,27,5,PL_14
PL,mazowieckie,2020-04-15,1792,83,77,8,PL_14
PL,mazowieckie,2020-04-16,1846,95,54,12,PL_14
PL,mazowieckie,2020-04-17,1883,100,37,5,PL_14
PL,mazowieckie,2020-04-18,1936,107,53,7,PL_14
PL,mazowieckie,2020-04-19,1992,108,56,1,PL_14
PL,mazowieckie,2020-04-20,2030,116,38,8,PL_14
PL,mazowieckie,2020-04-21,2059,126,29,10,PL_14
PL,mazowieckie,2020-04-22,2098,132,39,6,PL_14
PL,mazowieckie,2020-04-23,2166,142,68,10,PL_14
PL,mazowieckie,2020-04-24,2206,160,40,18,PL_14
PL,mazowieckie,2020-04-25,2302,172,96,12,PL_14
PL,mazowieckie,2020-04-26,2348,174,46,2,PL_14
PL,mazowieckie,2020-04-27,2376,184,28,10,PL_14
PL,mazowieckie,2020-04-28,2391,195,15,11,PL_14
PL,mazowieckie,2020-04-29,2427,198,36,3,PL_14
PL,mazowieckie,2020-04-30,2452,206,25,8,PL_14
PL,mazowieckie,2020-05-01,2452,206,0,0,PL_14
PL,mazowieckie,2020-05-02,2477,207,25,1,PL_14
PL,mazowieckie,2020-05-03,2508,207,31,0,PL_14
PL,mazowieckie,2020-05-04,2553,211,45,4,PL_14
PL,mazowieckie,2020-05-05,2631,214,78,3,PL_14
PL,mazowieckie,2020-05-06,2673,215,42,1,PL_14
PL,mazowieckie,2020-05-07,2709,217,36,2,PL_14
PL,mazowieckie,2020-05-08,2731,219,22,2,PL_14
PL,mazowieckie,2020-05-09,2765,222,34,3,PL_14
PL,mazowieckie,2020-05-10,2791,224,26,2,PL_14
PL,mazowieckie,2020-05-11,2808,222,17,-2,PL_14
PL,mazowieckie,2020-05-12,2829,225,21,3,PL_14
PL,mazowieckie,2020-05-13,2880,228,51,3,PL_14
PL,mazowieckie,2020-05-14,2902,230,22,2,PL_14
PL,mazowieckie,2020-05-15,2930,230,28,0,PL_14
PL,mazowieckie,2020-05-16,2949,231,19,1,PL_14
PL,mazowieckie,2020-05-17,2970,232,21,1,PL_14
PL,mazowieckie,2020-05-18,3003,234,33,2,PL_14
PL,mazowieckie,2020-05-19,3040,237,37,3,PL_14
PL,mazowieckie,2020-05-20,3082,242,42,5,PL_14
PL,mazowieckie,2020-05-21,3128,245,46,3,PL_14
PL,mazowieckie,2020-05-22,3157,247,29,2,PL_14
PL,mazowieckie,2020-05-23,3197,247,40,0,PL_14
PL,mazowieckie,2020-05-24,3217,247,20,0,PL_14
PL,mazowieckie,2020-05-25,3283,253,66,6,PL_14
PL,mazowieckie,2020-05-26,3359,256,76,3,PL_14
PL,mazowieckie,2020-05-27,3396,256,37,0,PL_14
PL,mazowieckie,2020-05-28,3461,257,65,1,PL_14
PL,mazowieckie,2020-05-29,3494,262,33,5,PL_14
PL,mazowieckie,2020-05-30,3546,264,52,2,PL_14
PL,mazowieckie,2020-05-31,3581,264,35,0,PL_14
PL,mazowieckie,2020-06-01,3628,269,47,5,PL_14
PL,mazowieckie,2020-06-02,3660,275,32,6,PL_14
PL,mazowieckie,2020-06-03,3688,279,28,4,PL_14
PL,mazowieckie,2020-06-04,3738,279,50,0,PL_14
PL,mazowieckie,2020-06-05,3796,281,58,2,PL_14
PL,mazowieckie,2020-06-06,3843,285,47,4,PL_14
PL,mazowieckie,2020-06-07,3879,285,36,0,PL_14
PL,mazowieckie,2020-06-08,3953,286,74,1,PL_14
PL,mazowieckie,2020-06-09,4033,285,80,-1,PL_14
PL,mazowieckie,2020-06-10,4033,294,0,9,PL_14
PL,mazowieckie,2020-06-11,4172,294,139,0,PL_14
PL,mazowieckie,2020-06-12,4240,297,68,3,PL_14
PL,mazowieckie,2020-06-13,66,297,-4174,0,PL_14
PL,mazowieckie,2020-06-14,4358,298,4292,1,PL_14
PL,mazowieckie,2020-06-15,4414,300,56,2,PL_14
PL,mazowieckie,2020-06-16,4450,303,36,3,PL_14
PL,mazowieckie,2020-06-17,4507,308,57,5,PL_14
PL,małopolskie,2020-03-18,6,0,,,PL_12
PL,małopolskie,2020-03-19,7,0,1,0,PL_12
PL,małopolskie,2020-03-20,14,0,7,0,PL_12
PL,małopolskie,2020-03-21,16,0,2,0,PL_12
PL,małopolskie,2020-03-22,24,0,8,0,PL_12
PL,małopolskie,2020-03-23,33,0,9,0,PL_12
PL,małopolskie,2020-03-24,49,0,16,0,PL_12
PL,małopolskie,2020-03-25,56,0,7,0,PL_12
PL,małopolskie,2020-03-26,69,0,13,0,PL_12
PL,małopolskie,2020-03-27,93,0,24,0,PL_12
PL,małopolskie,2020-03-28,112,0,19,0,PL_12
PL,małopolskie,2020-03-29,150,1,38,1,PL_12
PL,małopolskie,2020-03-30,174,1,24,0,PL_12
PL,małopolskie,2020-03-31,192,1,18,0,PL_12
PL,małopolskie,2020-04-01,209,1,17,0,PL_12
PL,małopolskie,2020-04-02,230,4,21,3,PL_12
PL,małopolskie,2020-04-03,262,5,32,1,PL_12
PL,małopolskie,2020-04-04,308,5,46,0,PL_12
PL,małopolskie,2020-04-05,327,7,19,2,PL_12
PL,małopolskie,2020-04-06,349,7,22,0,PL_12
PL,małopolskie,2020-04-07,371,8,22,1,PL_12
PL,małopolskie,2020-04-08,398,9,27,1,PL_12
PL,małopolskie,2020-04-09,432,8,34,-1,PL_12
PL,małopolskie,2020-04-10,452,9,20,1,PL_12
PL,małopolskie,2020-04-11,486,10,34,1,PL_12
PL,małopolskie,2020-04-12,505,11,19,1,PL_12
PL,małopolskie,2020-04-13,519,12,14,1,PL_12
PL,małopolskie,2020-04-14,537,13,18,1,PL_12
PL,małopolskie,2020-04-15,561,15,24,2,PL_12
PL,małopolskie,2020-04-16,575,15,14,0,PL_12
PL,małopolskie,2020-04-17,596,16,21,1,PL_12
PL,małopolskie,2020-04-18,630,16,34,0,PL_12
PL,małopolskie,2020-04-19,646,17,16,1,PL_12
PL,małopolskie,2020-04-20,679,19,33,2,PL_12
PL,małopolskie,2020-04-21,707,20,28,1,PL_12
PL,małopolskie,2020-04-22,734,21,27,1,PL_12
PL,małopolskie,2020-04-23,766,23,32,2,PL_12
PL,małopolskie,2020-04-24,788,25,22,2,PL_12
PL,małopolskie,2020-04-25,812,27,24,2,PL_12
PL,małopolskie,2020-04-26,821,27,9,0,PL_12
PL,małopolskie,2020-04-27,841,29,20,2,PL_12
PL,małopolskie,2020-04-28,852,29,11,0,PL_12
PL,małopolskie,2020-04-29,876,30,24,1,PL_12
PL,małopolskie,2020-04-30,897,30,21,0,PL_12
PL,małopolskie,2020-05-01,913,30,16,0,PL_12
PL,małopolskie,2020-05-02,934,31,21,1,PL_12
PL,małopolskie,2020-05-03,944,31,10,0,PL_12
PL,małopolskie,2020-05-04,976,31,32,0,PL_12
PL,małopolskie,2020-05-05,997,32,21,1,PL_12
PL,małopolskie,2020-05-06,1009,32,12,0,PL_12
PL,małopolskie,2020-05-07,1019,33,10,1,PL_12
PL,małopolskie,2020-05-08,1033,33,14,0,PL_12
PL,małopolskie,2020-05-09,1043,34,10,1,PL_12
PL,małopolskie,2020-05-10,1047,35,4,1,PL_12
PL,małopolskie,2020-05-11,1071,35,24,0,PL_12
PL,małopolskie,2020-05-12,1074,35,3,0,PL_12
PL,małopolskie,2020-05-13,1084,35,10,0,PL_12
PL,małopolskie,2020-05-14,1108,35,24,0,PL_12
PL,małopolskie,2020-05-15,1117,35,9,0,PL_12
PL,małopolskie,2020-05-16,1124,37,7,2,PL_12
PL,małopolskie,2020-05-17,1128,39,4,2,PL_12
PL,małopolskie,2020-05-18,1133,39,5,0,PL_12
PL,małopolskie,2020-05-19,1148,39,15,0,PL_12
PL,małopolskie,2020-05-20,1150,40,2,1,PL_12
PL,małopolskie,2020-05-21,1165,40,15,0,PL_12
PL,małopolskie,2020-05-22,1167,40,2,0,PL_12
PL,małopolskie,2020-05-23,1171,40,4,0,PL_12
PL,małopolskie,2020-05-24,1176,40,5,0,PL_12
PL,małopolskie,2020-05-25,1176,40,0,0,PL_12
PL,małopolskie,2020-05-26,1179,40,3,0,PL_12
PL,małopolskie,2020-05-27,1181,40,2,0,PL_12
PL,małopolskie,2020-05-28,1190,40,9,0,PL_12
PL,małopolskie,2020-05-29,1199,40,9,0,PL_12
PL,małopolskie,2020-05-30,1215,40,16,0,PL_12
PL,małopolskie,2020-05-31,1225,40,10,0,PL_12
PL,małopolskie,2020-06-01,1232,40,7,0,PL_12
PL,małopolskie,2020-06-02,1241,40,9,0,PL_12
PL,małopolskie,2020-06-03,1257,40,16,0,PL_12
PL,małopolskie,2020-06-04,1278,40,21,0,PL_12
PL,małopolskie,2020-06-05,1305,40,27,0,PL_12
PL,małopolskie,2020-06-06,1327,40,22,0,PL_12
PL,małopolskie,2020-06-07,1359,40,32,0,PL_12
PL,małopolskie,2020-06-08,1389,40,30,0,PL_12
PL,małopolskie,2020-06-09,1432,40,43,0,PL_12
PL,małopolskie,2020-06-10,1452,40,20,0,PL_12
PL,małopolskie,2020-06-11,1461,40,9,0,PL_12
PL,małopolskie,2020-06-12,1474,40,13,0,PL_12
PL,małopolskie,2020-06-13,18,40,-1456,0,PL_12
PL,małopolskie,2020-06-14,1508,40,1490,0,PL_12
PL,małopolskie,2020-06-15,1517,40,9,0,PL_12
PL,małopolskie,2020-06-16,1529,40,12,0,PL_12
PL,małopolskie,2020-06-17,1552,40,23,0,PL_12
PL,opolskie,2020-03-18,9,0,,,PL_16
PL,opolskie,2020-03-19,10,0,1,0,PL_16
PL,opolskie,2020-03-20,10,0,0,0,PL_16
PL,opolskie,2020-03-21,10,0,0,0,PL_16
PL,opolskie,2020-03-22,14,0,4,0,PL_16
PL,opolskie,2020-03-23,19,0,5,0,PL_16
PL,opolskie,2020-03-24,21,0,2,0,PL_16
PL,opolskie,2020-03-25,23,0,2,0,PL_16
PL,opolskie,2020-03-26,26,0,3,0,PL_16
PL,opolskie,2020-03-27,28,0,2,0,PL_16
PL,opolskie,2020-03-28,31,0,3,0,PL_16
PL,opolskie,2020-03-29,43,0,12,0,PL_16
PL,opolskie,2020-03-30,54,0,11,0,PL_16
PL,opolskie,2020-03-31,70,0,16,0,PL_16
PL,opolskie,2020-04-01,75,0,5,0,PL_16
PL,opolskie,2020-04-02,78,1,3,1,PL_16
PL,opolskie,2020-04-03,79,1,1,0,PL_16
PL,opolskie,2020-04-04,90,1,11,0,PL_16
PL,opolskie,2020-04-05,94,1,4,0,PL_16
PL,opolskie,2020-04-06,101,2,7,1,PL_16
PL,opolskie,2020-04-07,107,3,6,1,PL_16
PL,opolskie,2020-04-08,116,5,9,2,PL_16
PL,opolskie,2020-04-09,125,6,9,1,PL_16
PL,opolskie,2020-04-10,130,6,5,0,PL_16
PL,opolskie,2020-04-11,143,6,13,0,PL_16
PL,opolskie,2020-04-12,151,7,8,1,PL_16
PL,opolskie,2020-04-13,171,7,20,0,PL_16
PL,opolskie,2020-04-14,206,7,35,0,PL_16
PL,opolskie,2020-04-15,219,9,13,2,PL_16
PL,opolskie,2020-04-16,230,10,11,1,PL_16
PL,opolskie,2020-04-17,254,13,24,3,PL_16
PL,opolskie,2020-04-18,271,13,17,0,PL_16
PL,opolskie,2020-04-19,276,14,5,1,PL_16
PL,opolskie,2020-04-20,292,14,16,0,PL_16
PL,opolskie,2020-04-21,298,15,6,1,PL_16
PL,opolskie,2020-04-22,324,15,26,0,PL_16
PL,opolskie,2020-04-23,330,17,6,2,PL_16
PL,opolskie,2020-04-24,345,21,15,4,PL_16
PL,opolskie,2020-04-25,352,23,7,2,PL_16
PL,opolskie,2020-04-26,363,24,11,1,PL_16
PL,opolskie,2020-04-27,373,26,10,2,PL_16
PL,opolskie,2020-04-28,378,27,5,1,PL_16
PL,opolskie,2020-04-29,390,28,12,1,PL_16
PL,opolskie,2020-04-30,394,28,4,0,PL_16
PL,opolskie,2020-05-01,398,28,4,0,PL_16
PL,opolskie,2020-05-02,407,28,9,0,PL_16
PL,opolskie,2020-05-03,422,28,15,0,PL_16
PL,opolskie,2020-05-04,435,29,13,1,PL_16
PL,opolskie,2020-05-05,440,30,5,1,PL_16
PL,opolskie,2020-05-06,450,31,10,1,PL_16
PL,opolskie,2020-05-07,459,32,9,1,PL_16
PL,opolskie,2020-05-08,475,33,16,1,PL_16
PL,opolskie,2020-05-09,478,33,3,0,PL_16
PL,opolskie,2020-05-10,490,34,12,1,PL_16
PL,opolskie,2020-05-11,495,35,5,1,PL_16
PL,opolskie,2020-05-12,498,35,3,0,PL_16
PL,opolskie,2020-05-13,502,36,4,1,PL_16
PL,opolskie,2020-05-14,510,38,8,2,PL_16
PL,opolskie,2020-05-15,527,39,17,1,PL_16
PL,opolskie,2020-05-16,535,39,8,0,PL_16
PL,opolskie,2020-05-17,544,39,9,0,PL_16
PL,opolskie,2020-05-18,551,39,7,0,PL_16
PL,opolskie,2020-05-19,555,41,4,2,PL_16
PL,opolskie,2020-05-20,568,43,13,2,PL_16
PL,opolskie,2020-05-21,576,43,8,0,PL_16
PL,opolskie,2020-05-22,586,44,10,1,PL_16
PL,opolskie,2020-05-23,590,44,4,0,PL_16
PL,opolskie,2020-05-24,593,45,3,1,PL_16
PL,opolskie,2020-05-25,598,45,5,0,PL_16
PL,opolskie,2020-05-26,601,47,3,2,PL_16
PL,opolskie,2020-05-27,610,47,9,0,PL_16
PL,opolskie,2020-05-28,622,47,12,0,PL_16
PL,opolskie,2020-05-29,631,47,9,0,PL_16
PL,opolskie,2020-05-30,642,47,11,0,PL_16
PL,opolskie,2020-05-31,643,47,1,0,PL_16
PL,opolskie,2020-06-01,652,47,9,0,PL_16
PL,opolskie,2020-06-02,666,48,14,1,PL_16
PL,opolskie,2020-06-03,685,49,19,1,PL_16
PL,opolskie,2020-06-04,693,49,8,0,PL_16
PL,opolskie,2020-06-05,710,49,17,0,PL_16
PL,opolskie,2020-06-06,720,49,10,0,PL_16
PL,opolskie,2020-06-07,728,49,8,0,PL_16
PL,opolskie,2020-06-08,737,49,9,0,PL_16
PL,opolskie,2020-06-09,747,49,10,0,PL_16
PL,opolskie,2020-06-10,760,49,13,0,PL_16
PL,opolskie,2020-06-11,763,49,3,0,PL_16
PL,opolskie,2020-06-12,772,49,9,0,PL_16
PL,opolskie,2020-06-13,18,49,-754,0,PL_16
PL,opolskie,2020-06-14,795,49,777,0,PL_16
PL,opolskie,2020-06-15,803,50,8,1,PL_16
PL,opolskie,2020-06-16,811,50,8,0,PL_16
PL,opolskie,2020-06-17,818,50,7,0,PL_16
PL,podkarpackie,2020-03-18,14,1,,,PL_18
PL,podkarpackie,2020-03-19,17,1,3,0,PL_18
PL,podkarpackie,2020-03-20,19,1,2,0,PL_18
PL,podkarpackie,2020-03-21,25,1,6,0,PL_18
PL,podkarpackie,2020-03-22,29,1,4,0,PL_18
PL,podkarpackie,2020-03-23,30,1,1,0,PL_18
PL,podkarpackie,2020-03-24,37,1,7,0,PL_18
PL,podkarpackie,2020-03-25,43,1,6,0,PL_18
PL,podkarpackie,2020-03-26,53,1,10,0,PL_18
PL,podkarpackie,2020-03-27,61,1,8,0,PL_18
PL,podkarpackie,2020-03-28,71,1,10,0,PL_18
PL,podkarpackie,2020-03-29,76,1,5,0,PL_18
PL,podkarpackie,2020-03-30,80,3,4,2,PL_18
PL,podkarpackie,2020-03-31,95,3,15,0,PL_18
PL,podkarpackie,2020-04-01,104,3,9,0,PL_18
PL,podkarpackie,2020-04-02,111,4,7,1,PL_18
PL,podkarpackie,2020-04-03,125,4,14,0,PL_18
PL,podkarpackie,2020-04-04,136,4,11,0,PL_18
PL,podkarpackie,2020-04-05,149,5,13,1,PL_18
PL,podkarpackie,2020-04-06,156,6,7,1,PL_18
PL,podkarpackie,2020-04-07,168,7,12,1,PL_18
PL,podkarpackie,2020-04-08,182,7,14,0,PL_18
PL,podkarpackie,2020-04-09,196,10,14,3,PL_18
PL,podkarpackie,2020-04-10,211,10,15,0,PL_18
PL,podkarpackie,2020-04-11,220,11,9,1,PL_18
PL,podkarpackie,2020-04-12,221,11,1,0,PL_18
PL,podkarpackie,2020-04-13,225,13,4,2,PL_18
PL,podkarpackie,2020-04-14,234,13,9,0,PL_18
PL,podkarpackie,2020-04-15,243,14,9,1,PL_18
PL,podkarpackie,2020-04-16,246,15,3,1,PL_18
PL,podkarpackie,2020-04-17,251,15,5,0,PL_18
PL,podkarpackie,2020-04-18,259,15,8,0,PL_18
PL,podkarpackie,2020-04-19,263,16,4,1,PL_18
PL,podkarpackie,2020-04-20,266,16,3,0,PL_18
PL,podkarpackie,2020-04-21,270,16,4,0,PL_18
PL,podkarpackie,2020-04-22,276,16,6,0,PL_18
PL,podkarpackie,2020-04-23,279,16,3,0,PL_18
PL,podkarpackie,2020-04-24,288,16,9,0,PL_18
PL,podkarpackie,2020-04-25,311,16,23,0,PL_18
PL,podkarpackie,2020-04-26,313,16,2,0,PL_18
PL,podkarpackie,2020-04-27,316,18,3,2,PL_18
PL,podkarpackie,2020-04-28,325,19,9,1,PL_18
PL,podkarpackie,2020-04-29,328,23,3,4,PL_18
PL,podkarpackie,2020-04-30,329,23,1,0,PL_18
PL,podkarpackie,2020-05-01,337,23,8,0,PL_18
PL,podkarpackie,2020-05-02,341,23,4,0,PL_18
PL,podkarpackie,2020-05-03,350,24,9,1,PL_18
PL,podkarpackie,2020-05-04,363,24,13,0,PL_18
PL,podkarpackie,2020-05-05,366,24,3,0,PL_18
PL,podkarpackie,2020-05-06,366,25,0,1,PL_18
PL,podkarpackie,2020-05-07,368,27,2,2,PL_18
PL,podkarpackie,2020-05-08,370,27,2,0,PL_18
PL,podkarpackie,2020-05-09,370,27,0,0,PL_18
PL,podkarpackie,2020-05-10,371,28,1,1,PL_18
PL,podkarpackie,2020-05-11,371,29,0,1,PL_18
PL,podkarpackie,2020-05-12,371,29,0,0,PL_18
PL,podkarpackie,2020-05-13,371,29,0,0,PL_18
PL,podkarpackie,2020-05-14,373,30,2,1,PL_18
PL,podkarpackie,2020-05-15,373,31,0,1,PL_18
PL,podkarpackie,2020-05-16,374,31,1,0,PL_18
PL,podkarpackie,2020-05-17,374,31,0,0,PL_18
PL,podkarpackie,2020-05-18,374,34,0,3,PL_18
PL,podkarpackie,2020-05-19,374,34,0,0,PL_18
PL,podkarpackie,2020-05-20,374,34,0,0,PL_18
PL,podkarpackie,2020-05-21,375,34,1,0,PL_18
PL,podkarpackie,2020-05-22,376,34,1,0,PL_18
PL,podkarpackie,2020-05-23,377,35,1,1,PL_18
PL,podkarpackie,2020-05-24,378,35,1,0,PL_18
PL,podkarpackie,2020-05-25,378,35,0,0,PL_18
PL,podkarpackie,2020-05-26,378,35,0,0,PL_18
PL,podkarpackie,2020-05-27,378,35,0,0,PL_18
PL,podkarpackie,2020-05-28,380,35,2,0,PL_18
PL,podkarpackie,2020-05-29,382,35,2,0,PL_18
PL,podkarpackie,2020-05-30,382,35,0,0,PL_18
PL,podkarpackie,2020-05-31,387,35,5,0,PL_18
PL,podkarpackie,2020-06-01,387,35,0,0,PL_18
PL,podkarpackie,2020-06-02,387,35,0,0,PL_18
PL,podkarpackie,2020-06-03,388,36,1,1,PL_18
PL,podkarpackie,2020-06-04,388,36,0,0,PL_18
PL,podkarpackie,2020-06-05,388,36,0,0,PL_18
PL,podkarpackie,2020-06-06,389,37,1,1,PL_18
PL,podkarpackie,2020-06-07,391,37,2,0,PL_18
PL,podkarpackie,2020-06-08,396,38,5,1,PL_18
PL,podkarpackie,2020-06-09,407,38,11,0,PL_18
PL,podkarpackie,2020-06-10,412,38,5,0,PL_18
PL,podkarpackie,2020-06-11,414,38,2,0,PL_18
PL,podkarpackie,2020-06-12,422,38,8,0,PL_18
PL,podkarpackie,2020-06-13,16,38,-406,0,PL_18
PL,podkarpackie,2020-06-14,458,40,442,2,PL_18
PL,podkarpackie,2020-06-15,472,40,14,0,PL_18
PL,podkarpackie,2020-06-16,485,40,13,0,PL_18
PL,podkarpackie,2020-06-17,504,40,19,0,PL_18
PL,podlaskie,2020-03-18,2,0,,,PL_20
PL,podlaskie,2020-03-19,1,0,-1,0,PL_20
PL,podlaskie,2020-03-20,3,0,2,0,PL_20
PL,podlaskie,2020-03-21,5,0,2,0,PL_20
PL,podlaskie,2020-03-22,6,0,1,0,PL_20
PL,podlaskie,2020-03-23,7,0,1,0,PL_20
PL,podlaskie,2020-03-24,7,0,0,0,PL_20
PL,podlaskie,2020-03-25,10,0,3,0,PL_20
PL,podlaskie,2020-03-26,13,0,3,0,PL_20
PL,podlaskie,2020-03-27,17,0,4,0,PL_20
PL,podlaskie,2020-03-28,26,0,9,0,PL_20
PL,podlaskie,2020-03-29,28,0,2,0,PL_20
PL,podlaskie,2020-03-30,36,0,8,0,PL_20
PL,podlaskie,2020-03-31,36,0,0,0,PL_20
PL,podlaskie,2020-04-01,47,0,11,0,PL_20
PL,podlaskie,2020-04-02,59,0,12,0,PL_20
PL,podlaskie,2020-04-03,74,0,15,0,PL_20
PL,podlaskie,2020-04-04,82,0,8,0,PL_20
PL,podlaskie,2020-04-05,91,1,9,1,PL_20
PL,podlaskie,2020-04-06,109,1,18,0,PL_20
PL,podlaskie,2020-04-07,127,1,18,0,PL_20
PL,podlaskie,2020-04-08,149,2,22,1,PL_20
PL,podlaskie,2020-04-09,168,2,19,0,PL_20
PL,podlaskie,2020-04-10,189,2,21,0,PL_20
PL,podlaskie,2020-04-11,195,2,6,0,PL_20
PL,podlaskie,2020-04-12,222,2,27,0,PL_20
PL,podlaskie,2020-04-13,238,2,16,0,PL_20
PL,podlaskie,2020-04-14,256,2,18,0,PL_20
PL,podlaskie,2020-04-15,259,2,3,0,PL_20
PL,podlaskie,2020-04-16,278,3,19,1,PL_20
PL,podlaskie,2020-04-17,291,3,13,0,PL_20
PL,podlaskie,2020-04-18,316,3,25,0,PL_20
PL,podlaskie,2020-04-19,321,3,5,0,PL_20
PL,podlaskie,2020-04-20,327,3,6,0,PL_20
PL,podlaskie,2020-04-21,332,3,5,0,PL_20
PL,podlaskie,2020-04-22,335,3,3,0,PL_20
PL,podlaskie,2020-04-23,341,3,6,0,PL_20
PL,podlaskie,2020-04-24,344,4,3,1,PL_20
PL,podlaskie,2020-04-25,358,3,14,-1,PL_20
PL,podlaskie,2020-04-26,361,3,3,0,PL_20
PL,podlaskie,2020-04-27,365,3,4,0,PL_20
PL,podlaskie,2020-04-28,367,3,2,0,PL_20
PL,podlaskie,2020-04-29,367,3,0,0,PL_20
PL,podlaskie,2020-04-30,375,3,8,0,PL_20
PL,podlaskie,2020-05-01,375,4,0,1,PL_20
PL,podlaskie,2020-05-02,377,5,2,1,PL_20
PL,podlaskie,2020-05-03,378,5,1,0,PL_20
PL,podlaskie,2020-05-04,378,5,0,0,PL_20
PL,podlaskie,2020-05-05,379,6,1,1,PL_20
PL,podlaskie,2020-05-06,380,6,1,0,PL_20
PL,podlaskie,2020-05-07,381,7,1,1,PL_20
PL,podlaskie,2020-05-08,383,7,2,0,PL_20
PL,podlaskie,2020-05-09,383,7,0,0,PL_20
PL,podlaskie,2020-05-10,384,7,1,0,PL_20
PL,podlaskie,2020-05-11,384,7,0,0,PL_20
PL,podlaskie,2020-05-12,385,7,1,0,PL_20
PL,podlaskie,2020-05-13,385,7,0,0,PL_20
PL,podlaskie,2020-05-14,386,8,1,1,PL_20
PL,podlaskie,2020-05-15,387,9,1,1,PL_20
PL,podlaskie,2020-05-16,387,8,0,-1,PL_20
PL,podlaskie,2020-05-17,388,9,1,1,PL_20
PL,podlaskie,2020-05-18,389,9,1,0,PL_20
PL,podlaskie,2020-05-19,398,9,9,0,PL_20
PL,podlaskie,2020-05-20,405,9,7,0,PL_20
PL,podlaskie,2020-05-21,405,9,0,0,PL_20
PL,podlaskie,2020-05-22,411,9,6,0,PL_20
PL,podlaskie,2020-05-23,414,9,3,0,PL_20
PL,podlaskie,2020-05-24,418,9,4,0,PL_20
PL,podlaskie,2020-05-25,423,9,5,0,PL_20
PL,podlaskie,2020-05-26,430,9,7,0,PL_20
PL,podlaskie,2020-05-27,439,9,9,0,PL_20
PL,podlaskie,2020-05-28,442,9,3,0,PL_20
PL,podlaskie,2020-05-29,445,9,3,0,PL_20
PL,podlaskie,2020-05-30,449,9,4,0,PL_20
PL,podlaskie,2020-05-31,450,9,1,0,PL_20
PL,podlaskie,2020-06-01,458,9,8,0,PL_20
PL,podlaskie,2020-06-02,463,9,5,0,PL_20
PL,podlaskie,2020-06-03,473,9,10,0,PL_20
PL,podlaskie,2020-06-04,485,9,12,0,PL_20
PL,podlaskie,2020-06-05,493,9,8,0,PL_20
PL,podlaskie,2020-06-06,497,9,4,0,PL_20
PL,podlaskie,2020-06-07,518,9,21,0,PL_20
PL,podlaskie,2020-06-08,524,9,6,0,PL_20
PL,podlaskie,2020-06-09,539,9,15,0,PL_20
PL,podlaskie,2020-06-10,550,9,11,0,PL_20
PL,podlaskie,2020-06-11,559,9,9,0,PL_20
PL,podlaskie,2020-06-12,576,9,17,0,PL_20
PL,podlaskie,2020-06-13,9,9,-567,0,PL_20
PL,podlaskie,2020-06-14,608,9,599,0,PL_20
PL,podlaskie,2020-06-15,621,9,13,0,PL_20
PL,podlaskie,2020-06-16,628,9,7,0,PL_20
PL,podlaskie,2020-06-17,646,9,18,0,PL_20
PL,pomorskie,2020-03-18,9,0,,,PL_22
PL,pomorskie,2020-03-19,9,0,0,0,PL_22
PL,pomorskie,2020-03-20,10,0,1,0,PL_22
PL,pomorskie,2020-03-21,14,0,4,0,PL_22
PL,pomorskie,2020-03-22,17,0,3,0,PL_22
PL,pomorskie,2020-03-23,21,0,4,0,PL_22
PL,pomorskie,2020-03-24,22,0,1,0,PL_22
PL,pomorskie,2020-03-25,22,0,0,0,PL_22
PL,pomorskie,2020-03-26,28,0,6,0,PL_22
PL,pomorskie,2020-03-27,32,0,4,0,PL_22
PL,pomorskie,2020-03-28,36,0,4,0,PL_22
PL,pomorskie,2020-03-29,45,0,9,0,PL_22
PL,pomorskie,2020-03-30,48,0,3,0,PL_22
PL,pomorskie,2020-03-31,54,0,6,0,PL_22
PL,pomorskie,2020-04-01,60,0,6,0,PL_22
PL,pomorskie,2020-04-02,70,0,10,0,PL_22
PL,pomorskie,2020-04-03,82,0,12,0,PL_22
PL,pomorskie,2020-04-04,104,0,22,0,PL_22
PL,pomorskie,2020-04-05,117,0,13,0,PL_22
PL,pomorskie,2020-04-06,125,0,8,0,PL_22
PL,pomorskie,2020-04-07,135,0,10,0,PL_22
PL,pomorskie,2020-04-08,143,1,8,1,PL_22
PL,pomorskie,2020-04-09,153,1,10,0,PL_22
PL,pomorskie,2020-04-10,157,1,4,0,PL_22
PL,pomorskie,2020-04-11,163,1,6,0,PL_22
PL,pomorskie,2020-04-12,171,1,8,0,PL_22
PL,pomorskie,2020-04-13,175,1,4,0,PL_22
PL,pomorskie,2020-04-14,175,1,0,0,PL_22
PL,pomorskie,2020-04-15,179,1,4,0,PL_22
PL,pomorskie,2020-04-16,181,2,2,1,PL_22
PL,pomorskie,2020-04-17,185,2,4,0,PL_22
PL,pomorskie,2020-04-18,207,2,22,0,PL_22
PL,pomorskie,2020-04-19,209,2,2,0,PL_22
PL,pomorskie,2020-04-20,215,2,6,0,PL_22
PL,pomorskie,2020-04-21,219,2,4,0,PL_22
PL,pomorskie,2020-04-22,231,3,12,1,PL_22
PL,pomorskie,2020-04-23,243,3,12,0,PL_22
PL,pomorskie,2020-04-24,257,3,14,0,PL_22
PL,pomorskie,2020-04-25,296,3,39,0,PL_22
PL,pomorskie,2020-04-26,346,3,50,0,PL_22
PL,pomorskie,2020-04-27,357,5,11,2,PL_22
PL,pomorskie,2020-04-28,394,8,37,3,PL_22
PL,pomorskie,2020-04-29,424,10,30,2,PL_22
PL,pomorskie,2020-04-30,428,11,4,1,PL_22
PL,pomorskie,2020-05-01,434,12,6,1,PL_22
PL,pomorskie,2020-05-02,440,14,6,2,PL_22
PL,pomorskie,2020-05-03,444,15,4,1,PL_22
PL,pomorskie,2020-05-04,444,18,0,3,PL_22
PL,pomorskie,2020-05-05,451,19,7,1,PL_22
PL,pomorskie,2020-05-06,460,21,9,2,PL_22
PL,pomorskie,2020-05-07,468,22,8,1,PL_22
PL,pomorskie,2020-05-08,477,23,9,1,PL_22
PL,pomorskie,2020-05-09,478,24,1,1,PL_22
PL,pomorskie,2020-05-10,481,26,3,2,PL_22
PL,pomorskie,2020-05-11,485,27,4,1,PL_22
PL,pomorskie,2020-05-12,489,28,4,1,PL_22
PL,pomorskie,2020-05-13,491,28,2,0,PL_22
PL,pomorskie,2020-05-14,492,28,1,0,PL_22
PL,pomorskie,2020-05-15,493,28,1,0,PL_22
PL,pomorskie,2020-05-16,500,28,7,0,PL_22
PL,pomorskie,2020-05-17,502,28,2,0,PL_22
PL,pomorskie,2020-05-18,502,28,0,0,PL_22
PL,pomorskie,2020-05-19,503,29,1,1,PL_22
PL,pomorskie,2020-05-20,508,29,5,0,PL_22
PL,pomorskie,2020-05-21,513,29,5,0,PL_22
PL,pomorskie,2020-05-22,517,29,4,0,PL_22
PL,pomorskie,2020-05-23,527,30,10,1,PL_22
PL,pomorskie,2020-05-24,533,30,6,0,PL_22
PL,pomorskie,2020-05-25,540,30,7,0,PL_22
PL,pomorskie,2020-05-26,542,32,2,2,PL_22
PL,pomorskie,2020-05-27,546,33,4,1,PL_22
PL,pomorskie,2020-05-28,548,33,2,0,PL_22
PL,pomorskie,2020-05-29,552,34,4,1,PL_22
PL,pomorskie,2020-05-30,552,35,0,1,PL_22
PL,pomorskie,2020-05-31,553,35,1,0,PL_22
PL,pomorskie,2020-06-01,558,35,5,0,PL_22
PL,pomorskie,2020-06-02,559,35,1,0,PL_22
PL,pomorskie,2020-06-03,559,35,0,0,PL_22
PL,pomorskie,2020-06-04,560,35,1,0,PL_22
PL,pomorskie,2020-06-05,564,36,4,1,PL_22
PL,pomorskie,2020-06-06,568,36,4,0,PL_22
PL,pomorskie,2020-06-07,569,36,1,0,PL_22
PL,pomorskie,2020-06-08,569,37,0,1,PL_22
PL,pomorskie,2020-06-09,574,37,5,0,PL_22
PL,pomorskie,2020-06-10,579,37,5,0,PL_22
PL,pomorskie,2020-06-11,579,37,0,0,PL_22
PL,pomorskie,2020-06-12,581,37,2,0,PL_22
PL,pomorskie,2020-06-13,6,37,-575,0,PL_22
PL,pomorskie,2020-06-14,588,37,582,0,PL_22
PL,pomorskie,2020-06-15,588,38,0,1,PL_22
PL,pomorskie,2020-06-16,590,38,2,0,PL_22
PL,pomorskie,2020-06-17,596,38,6,0,PL_22
PL,warmińsko-mazurskie,2020-03-18,11,0,,,PL_28
PL,warmińsko-mazurskie,2020-03-19,12,0,1,0,PL_28
PL,warmińsko-mazurskie,2020-03-20,17,0,5,0,PL_28
PL,warmińsko-mazurskie,2020-03-21,20,0,3,0,PL_28
PL,warmińsko-mazurskie,2020-03-22,22,0,2,0,PL_28
PL,warmińsko-mazurskie,2020-03-23,25,0,3,0,PL_28
PL,warmińsko-mazurskie,2020-03-24,29,0,4,0,PL_28
PL,warmińsko-mazurskie,2020-03-25,33,0,4,0,PL_28
PL,warmińsko-mazurskie,2020-03-26,39,0,6,0,PL_28
PL,warmińsko-mazurskie,2020-03-27,44,0,5,0,PL_28
PL,warmińsko-mazurskie,2020-03-28,46,0,2,0,PL_28
PL,warmińsko-mazurskie,2020-03-29,56,0,10,0,PL_28
PL,warmińsko-mazurskie,2020-03-30,57,0,1,0,PL_28
PL,warmińsko-mazurskie,2020-03-31,58,0,1,0,PL_28
PL,warmińsko-mazurskie,2020-04-01,61,0,3,0,PL_28
PL,warmińsko-mazurskie,2020-04-02,67,0,6,0,PL_28
PL,warmińsko-mazurskie,2020-04-03,75,0,8,0,PL_28
PL,warmińsko-mazurskie,2020-04-04,78,1,3,1,PL_28
PL,warmińsko-mazurskie,2020-04-05,80,1,2,0,PL_28
PL,warmińsko-mazurskie,2020-04-06,83,1,3,0,PL_28
PL,warmińsko-mazurskie,2020-04-07,87,1,4,0,PL_28
PL,warmińsko-mazurskie,2020-04-08,92,1,5,0,PL_28
PL,warmińsko-mazurskie,2020-04-09,95,1,3,0,PL_28
PL,warmińsko-mazurskie,2020-04-10,110,1,15,0,PL_28
PL,warmińsko-mazurskie,2020-04-11,111,1,1,0,PL_28
PL,warmińsko-mazurskie,2020-04-12,122,1,11,0,PL_28
PL,warmińsko-mazurskie,2020-04-13,122,1,0,0,PL_28
PL,warmińsko-mazurskie,2020-04-14,122,1,0,0,PL_28
PL,warmińsko-mazurskie,2020-04-15,125,1,3,0,PL_28
PL,warmińsko-mazurskie,2020-04-16,129,1,4,0,PL_28
PL,warmińsko-mazurskie,2020-04-17,139,1,10,0,PL_28
PL,warmińsko-mazurskie,2020-04-18,139,1,0,0,PL_28
PL,warmińsko-mazurskie,2020-04-19,142,1,3,0,PL_28
PL,warmińsko-mazurskie,2020-04-20,143,1,1,0,PL_28
PL,warmińsko-mazurskie,2020-04-21,145,1,2,0,PL_28
PL,warmińsko-mazurskie,2020-04-22,145,1,0,0,PL_28
PL,warmińsko-mazurskie,2020-04-23,145,1,0,0,PL_28
PL,warmińsko-mazurskie,2020-04-24,146,1,1,0,PL_28
PL,warmińsko-mazurskie,2020-04-25,146,1,0,0,PL_28
PL,warmińsko-mazurskie,2020-04-26,146,1,0,0,PL_28
PL,warmińsko-mazurskie,2020-04-27,146,1,0,0,PL_28
PL,warmińsko-mazurskie,2020-04-28,146,1,0,0,PL_28
PL,warmińsko-mazurskie,2020-04-29,146,1,0,0,PL_28
PL,warmińsko-mazurskie,2020-04-30,148,1,2,0,PL_28
PL,warmińsko-mazurskie,2020-05-01,148,1,0,0,PL_28
PL,warmińsko-mazurskie,2020-05-02,148,1,0,0,PL_28
PL,warmińsko-mazurskie,2020-05-03,148,1,0,0,PL_28
PL,warmińsko-mazurskie,2020-05-04,150,1,2,0,PL_28
PL,warmińsko-mazurskie,2020-05-05,154,1,4,0,PL_28
PL,warmińsko-mazurskie,2020-05-06,152,1,-2,0,PL_28
PL,warmińsko-mazurskie,2020-05-07,156,1,4,0,PL_28
PL,warmińsko-mazurskie,2020-05-08,157,1,1,0,PL_28
PL,warmińsko-mazurskie,2020-05-09,160,1,3,0,PL_28
PL,warmińsko-mazurskie,2020-05-10,162,1,2,0,PL_28
PL,warmińsko-mazurskie,2020-05-11,162,1,0,0,PL_28
PL,warmińsko-mazurskie,2020-05-12,164,1,2,0,PL_28
PL,warmińsko-mazurskie,2020-05-13,168,1,4,0,PL_28
PL,warmińsko-mazurskie,2020-05-14,169,1,1,0,PL_28
PL,warmińsko-mazurskie,2020-05-15,170,1,1,0,PL_28
PL,warmińsko-mazurskie,2020-05-16,170,1,0,0,PL_28
PL,warmińsko-mazurskie,2020-05-17,170,1,0,0,PL_28
PL,warmińsko-mazurskie,2020-05-18,170,1,0,0,PL_28
PL,warmińsko-mazurskie,2020-05-19,175,1,5,0,PL_28
PL,warmińsko-mazurskie,2020-05-20,175,1,0,0,PL_28
PL,warmińsko-mazurskie,2020-05-21,174,1,-1,0,PL_28
PL,warmińsko-mazurskie,2020-05-22,174,1,0,0,PL_28
PL,warmińsko-mazurskie,2020-05-23,175,1,1,0,PL_28
PL,warmińsko-mazurskie,2020-05-24,175,1,0,0,PL_28
PL,warmińsko-mazurskie,2020-05-25,175,1,0,0,PL_28
PL,warmińsko-mazurskie,2020-05-26,179,1,4,0,PL_28
PL,warmińsko-mazurskie,2020-05-27,179,1,0,0,PL_28
PL,warmińsko-mazurskie,2020-05-28,179,1,0,0,PL_28
PL,warmińsko-mazurskie,2020-05-29,179,1,0,0,PL_28
PL,warmińsko-mazurskie,2020-05-30,179,1,0,0,PL_28
PL,warmińsko-mazurskie,2020-05-31,179,1,0,0,PL_28
PL,warmińsko-mazurskie,2020-06-01,179,1,0,0,PL_28
PL,warmińsko-mazurskie,2020-06-02,179,1,0,0,PL_28
PL,warmińsko-mazurskie,2020-06-03,179,1,0,0,PL_28
PL,warmińsko-mazurskie,2020-06-04,179,1,0,0,PL_28
PL,warmińsko-mazurskie,2020-06-05,180,1,1,0,PL_28
PL,warmińsko-mazurskie,2020-06-06,180,1,0,0,PL_28
PL,warmińsko-mazurskie,2020-06-07,180,1,0,0,PL_28
PL,warmińsko-mazurskie,2020-06-08,181,1,1,0,PL_28
PL,warmińsko-mazurskie,2020-06-09,181,1,0,0,PL_28
PL,warmińsko-mazurskie,2020-06-10,181,1,0,0,PL_28
PL,warmińsko-mazurskie,2020-06-11,185,1,4,0,PL_28
PL,warmińsko-mazurskie,2020-06-12,185,1,0,0,PL_28
PL,warmińsko-mazurskie,2020-06-13,,1,0,0,PL_28
PL,warmińsko-mazurskie,2020-06-14,186,1,1,0,PL_28
PL,warmińsko-mazurskie,2020-06-15,186,1,0,0,PL_28
PL,warmińsko-mazurskie,2020-06-16,192,1,6,0,PL_28
PL,warmińsko-mazurskie,2020-06-17,201,1,9,0,PL_28
PL,wielkopolskie,2020-03-18,13,1,,,PL_30
PL,wielkopolskie,2020-03-19,15,1,2,0,PL_30
PL,wielkopolskie,2020-03-20,18,1,3,0,PL_30
PL,wielkopolskie,2020-03-21,31,1,13,0,PL_30
PL,wielkopolskie,2020-03-22,36,2,5,1,PL_30
PL,wielkopolskie,2020-03-23,41,2,5,0,PL_30
PL,wielkopolskie,2020-03-24,42,2,1,0,PL_30
PL,wielkopolskie,2020-03-25,57,2,15,0,PL_30
PL,wielkopolskie,2020-03-26,69,2,12,0,PL_30
PL,wielkopolskie,2020-03-27,90,2,21,0,PL_30
PL,wielkopolskie,2020-03-28,99,2,9,0,PL_30
PL,wielkopolskie,2020-03-29,108,2,9,0,PL_30
PL,wielkopolskie,2020-03-30,132,3,24,1,PL_30
PL,wielkopolskie,2020-03-31,148,3,16,0,PL_30
PL,wielkopolskie,2020-04-01,169,6,21,3,PL_30
PL,wielkopolskie,2020-04-02,195,8,26,2,PL_30
PL,wielkopolskie,2020-04-03,213,12,18,4,PL_30
PL,wielkopolskie,2020-04-04,233,13,20,1,PL_30
PL,wielkopolskie,2020-04-05,273,14,40,1,PL_30
PL,wielkopolskie,2020-04-06,327,15,54,1,PL_30
PL,wielkopolskie,2020-04-07,349,22,22,7,PL_30
PL,wielkopolskie,2020-04-08,394,23,45,1,PL_30
PL,wielkopolskie,2020-04-09,431,24,37,1,PL_30
PL,wielkopolskie,2020-04-10,477,26,46,2,PL_30
PL,wielkopolskie,2020-04-11,535,31,58,5,PL_30
PL,wielkopolskie,2020-04-12,564,35,29,4,PL_30
PL,wielkopolskie,2020-04-13,650,40,86,5,PL_30
PL,wielkopolskie,2020-04-14,683,43,33,3,PL_30
PL,wielkopolskie,2020-04-15,785,43,102,0,PL_30
PL,wielkopolskie,2020-04-16,829,45,44,2,PL_30
PL,wielkopolskie,2020-04-17,880,48,51,3,PL_30
PL,wielkopolskie,2020-04-18,898,49,18,1,PL_30
PL,wielkopolskie,2020-04-19,1020,51,122,2,PL_30
PL,wielkopolskie,2020-04-20,1050,57,30,6,PL_30
PL,wielkopolskie,2020-04-21,1081,61,31,4,PL_30
PL,wielkopolskie,2020-04-22,1099,66,18,5,PL_30
PL,wielkopolskie,2020-04-23,1166,68,67,2,PL_30
PL,wielkopolskie,2020-04-24,1236,72,70,4,PL_30
PL,wielkopolskie,2020-04-25,1266,75,30,3,PL_30
PL,wielkopolskie,2020-04-26,1307,77,41,2,PL_30
PL,wielkopolskie,2020-04-27,1343,80,36,3,PL_30
PL,wielkopolskie,2020-04-28,1376,85,33,5,PL_30
PL,wielkopolskie,2020-04-29,1415,85,39,0,PL_30
PL,wielkopolskie,2020-04-30,1441,86,26,1,PL_30
PL,wielkopolskie,2020-05-01,1443,86,2,0,PL_30
PL,wielkopolskie,2020-05-02,1494,90,51,4,PL_30
PL,wielkopolskie,2020-05-03,1518,93,24,3,PL_30
PL,wielkopolskie,2020-05-04,1529,95,11,2,PL_30
PL,wielkopolskie,2020-05-05,1598,98,69,3,PL_30
PL,wielkopolskie,2020-05-06,1616,102,18,4,PL_30
PL,wielkopolskie,2020-05-07,1640,105,24,3,PL_30
PL,wielkopolskie,2020-05-08,1655,108,15,3,PL_30
PL,wielkopolskie,2020-05-09,1670,111,15,3,PL_30
PL,wielkopolskie,2020-05-10,1672,114,2,3,PL_30
PL,wielkopolskie,2020-05-11,1699,118,27,4,PL_30
PL,wielkopolskie,2020-05-12,1710,123,11,5,PL_30
PL,wielkopolskie,2020-05-13,1722,133,12,10,PL_30
PL,wielkopolskie,2020-05-14,1735,135,13,2,PL_30
PL,wielkopolskie,2020-05-15,1752,136,17,1,PL_30
PL,wielkopolskie,2020-05-16,1757,138,5,2,PL_30
PL,wielkopolskie,2020-05-17,1797,139,40,1,PL_30
PL,wielkopolskie,2020-05-18,1810,140,13,1,PL_30
PL,wielkopolskie,2020-05-19,1815,140,5,0,PL_30
PL,wielkopolskie,2020-05-20,1899,141,84,1,PL_30
PL,wielkopolskie,2020-05-21,1925,143,26,2,PL_30
PL,wielkopolskie,2020-05-22,1941,145,16,2,PL_30
PL,wielkopolskie,2020-05-23,1953,145,12,0,PL_30
PL,wielkopolskie,2020-05-24,2055,145,102,0,PL_30
PL,wielkopolskie,2020-05-25,2040,146,-15,1,PL_30
PL,wielkopolskie,2020-05-26,2059,147,19,1,PL_30
PL,wielkopolskie,2020-05-27,2118,147,59,0,PL_30
PL,wielkopolskie,2020-05-28,2133,149,15,2,PL_30
PL,wielkopolskie,2020-05-29,2146,151,13,2,PL_30
PL,wielkopolskie,2020-05-30,2147,152,1,1,PL_30
PL,wielkopolskie,2020-05-31,2150,153,3,1,PL_30
PL,wielkopolskie,2020-06-01,2155,153,5,0,PL_30
PL,wielkopolskie,2020-06-02,2188,153,33,0,PL_30
PL,wielkopolskie,2020-06-03,2206,154,18,1,PL_30
PL,wielkopolskie,2020-06-04,2216,154,10,0,PL_30
PL,wielkopolskie,2020-06-05,2219,154,3,0,PL_30
PL,wielkopolskie,2020-06-06,2259,157,40,3,PL_30
PL,wielkopolskie,2020-06-07,2273,157,14,0,PL_30
PL,wielkopolskie,2020-06-08,2286,157,13,0,PL_30
PL,wielkopolskie,2020-06-09,2300,158,14,1,PL_30
PL,wielkopolskie,2020-06-10,2306,161,6,3,PL_30
PL,wielkopolskie,2020-06-11,2333,162,27,1,PL_30
PL,wielkopolskie,2020-06-12,2345,163,12,1,PL_30
PL,wielkopolskie,2020-06-13,24,164,-2321,1,PL_30
PL,wielkopolskie,2020-06-14,2383,165,2359,1,PL_30
PL,wielkopolskie,2020-06-15,2400,165,17,0,PL_30
PL,wielkopolskie,2020-06-16,2408,166,8,1,PL_30
PL,wielkopolskie,2020-06-17,2420,166,12,0,PL_30
PL,zachodniopomorskie,2020-03-18,8,0,,,PL_32
PL,zachodniopomorskie,2020-03-19,9,0,1,0,PL_32
PL,zachodniopomorskie,2020-03-20,9,0,0,0,PL_32
PL,zachodniopomorskie,2020-03-21,10,0,1,0,PL_32
PL,zachodniopomorskie,2020-03-22,12,0,2,0,PL_32
PL,zachodniopomorskie,2020-03-23,16,0,4,0,PL_32
PL,zachodniopomorskie,2020-03-24,27,0,11,0,PL_32
PL,zachodniopomorskie,2020-03-25,31,0,4,0,PL_32
PL,zachodniopomorskie,2020-03-26,33,1,2,1,PL_32
PL,zachodniopomorskie,2020-03-27,40,1,7,0,PL_32
PL,zachodniopomorskie,2020-03-28,51,1,11,0,PL_32
PL,zachodniopomorskie,2020-03-29,57,1,6,0,PL_32
PL,zachodniopomorskie,2020-03-30,59,1,2,0,PL_32
PL,zachodniopomorskie,2020-03-31,69,1,10,0,PL_32
PL,zachodniopomorskie,2020-04-01,79,1,10,0,PL_32
PL,zachodniopomorskie,2020-04-02,89,2,10,1,PL_32
PL,zachodniopomorskie,2020-04-03,89,2,0,0,PL_32
PL,zachodniopomorskie,2020-04-04,100,2,11,0,PL_32
PL,zachodniopomorskie,2020-04-05,106,2,6,0,PL_32
PL,zachodniopomorskie,2020-04-06,117,2,11,0,PL_32
PL,zachodniopomorskie,2020-04-07,133,2,16,0,PL_32
PL,zachodniopomorskie,2020-04-08,165,2,32,0,PL_32
PL,zachodniopomorskie,2020-04-09,174,2,9,0,PL_32
PL,zachodniopomorskie,2020-04-10,184,2,10,0,PL_32
PL,zachodniopomorskie,2020-04-11,191,2,7,0,PL_32
PL,zachodniopomorskie,2020-04-12,193,2,2,0,PL_32
PL,zachodniopomorskie,2020-04-13,203,2,10,0,PL_32
PL,zachodniopomorskie,2020-04-14,211,2,8,0,PL_32
PL,zachodniopomorskie,2020-04-15,217,2,6,0,PL_32
PL,zachodniopomorskie,2020-04-16,223,2,6,0,PL_32
PL,zachodniopomorskie,2020-04-17,230,2,7,0,PL_32
PL,zachodniopomorskie,2020-04-18,249,2,19,0,PL_32
PL,zachodniopomorskie,2020-04-19,266,4,17,2,PL_32
PL,zachodniopomorskie,2020-04-20,277,4,11,0,PL_32
PL,zachodniopomorskie,2020-04-21,279,4,2,0,PL_32
PL,zachodniopomorskie,2020-04-22,288,4,9,0,PL_32
PL,zachodniopomorskie,2020-04-23,304,4,16,0,PL_32
PL,zachodniopomorskie,2020-04-24,336,6,32,2,PL_32
PL,zachodniopomorskie,2020-04-25,343,7,7,1,PL_32
PL,zachodniopomorskie,2020-04-26,355,9,12,2,PL_32
PL,zachodniopomorskie,2020-04-27,370,9,15,0,PL_32
PL,zachodniopomorskie,2020-04-28,376,9,6,0,PL_32
PL,zachodniopomorskie,2020-04-29,380,10,4,1,PL_32
PL,zachodniopomorskie,2020-04-30,396,10,16,0,PL_32
PL,zachodniopomorskie,2020-05-01,401,10,5,0,PL_32
PL,zachodniopomorskie,2020-05-02,406,10,5,0,PL_32
PL,zachodniopomorskie,2020-05-03,414,10,8,0,PL_32
PL,zachodniopomorskie,2020-05-04,428,14,14,4,PL_32
PL,zachodniopomorskie,2020-05-05,441,14,13,0,PL_32
PL,zachodniopomorskie,2020-05-06,452,15,11,1,PL_32
PL,zachodniopomorskie,2020-05-07,460,16,8,1,PL_32
PL,zachodniopomorskie,2020-05-08,464,16,4,0,PL_32
PL,zachodniopomorskie,2020-05-09,469,16,5,0,PL_32
PL,zachodniopomorskie,2020-05-10,473,16,4,0,PL_32
PL,zachodniopomorskie,2020-05-11,474,16,1,0,PL_32
PL,zachodniopomorskie,2020-05-12,480,16,6,0,PL_32
PL,zachodniopomorskie,2020-05-13,486,16,6,0,PL_32
PL,zachodniopomorskie,2020-05-14,488,17,2,1,PL_32
PL,zachodniopomorskie,2020-05-15,491,18,3,1,PL_32
PL,zachodniopomorskie,2020-05-16,492,18,1,0,PL_32
PL,zachodniopomorskie,2020-05-17,494,18,2,0,PL_32
PL,zachodniopomorskie,2020-05-18,497,18,3,0,PL_32
PL,zachodniopomorskie,2020-05-19,502,18,5,0,PL_32
PL,zachodniopomorskie,2020-05-20,503,18,1,0,PL_32
PL,zachodniopomorskie,2020-05-21,515,18,12,0,PL_32
PL,zachodniopomorskie,2020-05-22,517,19,2,1,PL_32
PL,zachodniopomorskie,2020-05-23,521,19,4,0,PL_32
PL,zachodniopomorskie,2020-05-24,522,19,1,0,PL_32
PL,zachodniopomorskie,2020-05-25,521,19,-1,0,PL_32
PL,zachodniopomorskie,2020-05-26,525,19,4,0,PL_32
PL,zachodniopomorskie,2020-05-27,527,19,2,0,PL_32
PL,zachodniopomorskie,2020-05-28,527,19,0,0,PL_32
PL,zachodniopomorskie,2020-05-29,531,19,4,0,PL_32
PL,zachodniopomorskie,2020-05-30,535,19,4,0,PL_32
PL,zachodniopomorskie,2020-05-31,536,19,1,0,PL_32
PL,zachodniopomorskie,2020-06-01,536,19,0,0,PL_32
PL,zachodniopomorskie,2020-06-02,541,19,5,0,PL_32
PL,zachodniopomorskie,2020-06-03,548,19,7,0,PL_32
PL,zachodniopomorskie,2020-06-04,550,19,2,0,PL_32
PL,zachodniopomorskie,2020-06-05,553,19,3,0,PL_32
PL,zachodniopomorskie,2020-06-06,553,19,0,0,PL_32
PL,zachodniopomorskie,2020-06-07,554,19,1,0,PL_32
PL,zachodniopomorskie,2020-06-08,554,19,0,0,PL_32
PL,zachodniopomorskie,2020-06-09,560,19,6,0,PL_32
PL,zachodniopomorskie,2020-06-10,565,19,5,0,PL_32
PL,zachodniopomorskie,2020-06-11,567,19,2,0,PL_32
PL,zachodniopomorskie,2020-06-12,569,19,2,0,PL_32
PL,zachodniopomorskie,2020-06-13,7,19,-562,0,PL_32
PL,zachodniopomorskie,2020-06-14,581,19,574,0,PL_32
PL,zachodniopomorskie,2020-06-15,583,20,2,1,PL_32
PL,zachodniopomorskie,2020-06-16,588,20,5,0,PL_32
PL,zachodniopomorskie,2020-06-17,591,20,3,0,PL_32
PL,łódzkie,2020-03-18,42,0,,,PL_10
PL,łódzkie,2020-03-19,48,0,6,0,PL_10
PL,łódzkie,2020-03-20,57,0,9,0,PL_10
PL,łódzkie,2020-03-21,91,0,34,0,PL_10
PL,łódzkie,2020-03-22,106,0,15,0,PL_10
PL,łódzkie,2020-03-23,111,0,5,0,PL_10
PL,łódzkie,2020-03-24,129,0,18,0,PL_10
PL,łódzkie,2020-03-25,144,0,15,0,PL_10
PL,łódzkie,2020-03-26,158,0,14,0,PL_10
PL,łódzkie,2020-03-27,168,0,10,0,PL_10
PL,łódzkie,2020-03-28,182,0,14,0,PL_10
PL,łódzkie,2020-03-29,190,0,8,0,PL_10
PL,łódzkie,2020-03-30,202,0,12,0,PL_10
PL,łódzkie,2020-03-31,208,0,6,0,PL_10
PL,łódzkie,2020-04-01,221,1,13,1,PL_10
PL,łódzkie,2020-04-02,236,1,15,0,PL_10
PL,łódzkie,2020-04-03,248,3,12,2,PL_10
PL,łódzkie,2020-04-04,259,3,11,0,PL_10
PL,łódzkie,2020-04-05,326,3,67,0,PL_10
PL,łódzkie,2020-04-06,340,3,14,0,PL_10
PL,łódzkie,2020-04-07,358,5,18,2,PL_10
PL,łódzkie,2020-04-08,400,5,42,0,PL_10
PL,łódzkie,2020-04-09,432,7,32,2,PL_10
PL,łódzkie,2020-04-10,463,7,31,0,PL_10
PL,łódzkie,2020-04-11,492,7,29,0,PL_10
PL,łódzkie,2020-04-12,529,7,37,0,PL_10
PL,łódzkie,2020-04-13,551,7,22,0,PL_10
PL,łódzkie,2020-04-14,567,8,16,1,PL_10
PL,łódzkie,2020-04-15,572,9,5,1,PL_10
PL,łódzkie,2020-04-16,590,9,18,0,PL_10
PL,łódzkie,2020-04-17,607,8,17,-1,PL_10
PL,łódzkie,2020-04-18,640,10,33,2,PL_10
PL,łódzkie,2020-04-19,660,10,20,0,PL_10
PL,łódzkie,2020-04-20,682,10,22,0,PL_10
PL,łódzkie,2020-04-21,695,10,13,0,PL_10
PL,łódzkie,2020-04-22,765,12,70,2,PL_10
PL,łódzkie,2020-04-23,781,19,16,7,PL_10
PL,łódzkie,2020-04-24,813,20,32,1,PL_10
PL,łódzkie,2020-04-25,836,21,23,1,PL_10
PL,łódzkie,2020-04-26,855,21,19,0,PL_10
PL,łódzkie,2020-04-27,890,21,35,0,PL_10
PL,łódzkie,2020-04-28,904,23,14,2,PL_10
PL,łódzkie,2020-04-29,936,27,32,4,PL_10
PL,łódzkie,2020-04-30,954,31,18,4,PL_10
PL,łódzkie,2020-05-01,972,34,18,3,PL_10
PL,łódzkie,2020-05-02,1006,34,34,0,PL_10
PL,łódzkie,2020-05-03,1049,34,43,0,PL_10
PL,łódzkie,2020-05-04,1068,33,19,-1,PL_10
PL,łódzkie,2020-05-05,1088,35,20,2,PL_10
PL,łódzkie,2020-05-06,1115,36,27,1,PL_10
PL,łódzkie,2020-05-07,1157,39,42,3,PL_10
PL,łódzkie,2020-05-08,1150,40,-7,1,PL_10
PL,łódzkie,2020-05-09,1166,40,16,0,PL_10
PL,łódzkie,2020-05-10,1178,40,12,0,PL_10
PL,łódzkie,2020-05-11,1188,40,10,0,PL_10
PL,łódzkie,2020-05-12,1201,44,13,4,PL_10
PL,łódzkie,2020-05-13,1212,45,11,1,PL_10
PL,łódzkie,2020-05-14,1219,45,7,0,PL_10
PL,łódzkie,2020-05-15,1227,46,8,1,PL_10
PL,łódzkie,2020-05-16,1234,47,7,1,PL_10
PL,łódzkie,2020-05-17,1240,48,6,1,PL_10
PL,łódzkie,2020-05-18,1251,48,11,0,PL_10
PL,łódzkie,2020-05-19,1257,49,6,1,PL_10
PL,łódzkie,2020-05-20,1273,51,16,2,PL_10
PL,łódzkie,2020-05-21,1279,51,6,0,PL_10
PL,łódzkie,2020-05-22,1316,51,37,0,PL_10
PL,łódzkie,2020-05-23,1324,58,8,7,PL_10
PL,łódzkie,2020-05-24,1347,58,23,0,PL_10
PL,łódzkie,2020-05-25,1362,58,15,0,PL_10
PL,łódzkie,2020-05-26,1384,61,22,3,PL_10
PL,łódzkie,2020-05-27,1412,63,28,2,PL_10
PL,łódzkie,2020-05-28,1458,63,46,0,PL_10
PL,łódzkie,2020-05-29,1488,64,30,1,PL_10
PL,łódzkie,2020-05-30,1523,66,35,2,PL_10
PL,łódzkie,2020-05-31,1553,66,30,0,PL_10
PL,łódzkie,2020-06-01,1610,66,57,0,PL_10
PL,łódzkie,2020-06-02,1613,71,3,5,PL_10
PL,łódzkie,2020-06-03,1667,73,54,2,PL_10
PL,łódzkie,2020-06-04,1779,74,112,1,PL_10
PL,łódzkie,2020-06-05,1826,76,47,2,PL_10
PL,łódzkie,2020-06-06,1888,79,62,3,PL_10
PL,łódzkie,2020-06-07,2007,79,119,0,PL_10
PL,łódzkie,2020-06-08,2084,82,77,3,PL_10
PL,łódzkie,2020-06-09,2129,86,45,4,PL_10
PL,łódzkie,2020-06-10,2167,93,38,7,PL_10
PL,łódzkie,2020-06-11,2240,101,73,8,PL_10
PL,łódzkie,2020-06-12,2330,101,90,0,PL_10
PL,łódzkie,2020-06-13,37,107,-2293,6,PL_10
PL,łódzkie,2020-06-14,2406,107,2369,0,PL_10
PL,łódzkie,2020-06-15,2479,107,73,0,PL_10
PL,łódzkie,2020-06-16,2541,113,62,6,PL_10
PL,łódzkie,2020-06-17,2605,117,64,4,PL_10
PL,śląskie,2020-03-18,30,0,,,PL_24
PL,śląskie,2020-03-19,42,0,12,0,PL_24
PL,śląskie,2020-03-20,46,0,4,0,PL_24
PL,śląskie,2020-03-21,56,0,10,0,PL_24
PL,śląskie,2020-03-22,66,0,10,0,PL_24
PL,śląskie,2020-03-23,77,1,11,1,PL_24
PL,śląskie,2020-03-24,87,2,10,1,PL_24
PL,śląskie,2020-03-25,107,2,20,0,PL_24
PL,śląskie,2020-03-26,127,2,20,0,PL_24
PL,śląskie,2020-03-27,141,2,14,0,PL_24
PL,śląskie,2020-03-28,165,2,24,0,PL_24
PL,śląskie,2020-03-29,195,5,30,3,PL_24
PL,śląskie,2020-03-30,209,7,14,2,PL_24
PL,śląskie,2020-03-31,264,8,55,1,PL_24
PL,śląskie,2020-04-01,272,10,8,2,PL_24
PL,śląskie,2020-04-02,301,11,29,1,PL_24
PL,śląskie,2020-04-03,431,16,130,5,PL_24
PL,śląskie,2020-04-04,496,22,65,6,PL_24
PL,śląskie,2020-04-05,537,22,41,0,PL_24
PL,śląskie,2020-04-06,562,25,25,3,PL_24
PL,śląskie,2020-04-07,601,32,39,7,PL_24
PL,śląskie,2020-04-08,644,36,43,4,PL_24
PL,śląskie,2020-04-09,695,38,51,2,PL_24
PL,śląskie,2020-04-10,729,38,34,0,PL_24
PL,śląskie,2020-04-11,781,43,52,5,PL_24
PL,śląskie,2020-04-12,846,44,65,1,PL_24
PL,śląskie,2020-04-13,879,47,33,3,PL_24
PL,śląskie,2020-04-14,943,52,64,5,PL_24
PL,śląskie,2020-04-15,988,58,45,6,PL_24
PL,śląskie,2020-04-16,1070,63,82,5,PL_24
PL,śląskie,2020-04-17,1219,67,149,4,PL_24
PL,śląskie,2020-04-18,1273,69,54,2,PL_24
PL,śląskie,2020-04-19,1443,74,170,5,PL_24
PL,śląskie,2020-04-20,1514,74,71,0,PL_24
PL,śląskie,2020-04-21,1568,79,54,5,PL_24
PL,śląskie,2020-04-22,1614,83,46,4,PL_24
PL,śląskie,2020-04-23,1649,86,35,3,PL_24
PL,śląskie,2020-04-24,1746,89,97,3,PL_24
PL,śląskie,2020-04-25,1813,93,67,4,PL_24
PL,śląskie,2020-04-26,1887,94,74,1,PL_24
PL,śląskie,2020-04-27,1929,99,42,5,PL_24
PL,śląskie,2020-04-28,2023,105,94,6,PL_24
PL,śląskie,2020-04-29,2182,113,159,8,PL_24
PL,śląskie,2020-04-30,2239,118,57,5,PL_24
PL,śląskie,2020-05-01,2380,120,141,2,PL_24
PL,śląskie,2020-05-02,2446,122,66,2,PL_24
PL,śląskie,2020-05-03,2576,127,130,5,PL_24
PL,śląskie,2020-05-04,2656,132,80,5,PL_24
PL,śląskie,2020-05-05,2790,133,134,1,PL_24
PL,śląskie,2020-05-06,2947,138,157,5,PL_24
PL,śląskie,2020-05-07,3063,142,116,4,PL_24
PL,śląskie,2020-05-08,3242,146,179,4,PL_24
PL,śląskie,2020-05-09,3395,146,153,0,PL_24
PL,śląskie,2020-05-10,3566,150,171,4,PL_24
PL,śląskie,2020-05-11,3779,151,213,1,PL_24
PL,śląskie,2020-05-12,4271,157,492,6,PL_24
PL,śląskie,2020-05-13,4399,158,128,1,PL_24
PL,śląskie,2020-05-14,4701,166,302,8,PL_24
PL,śląskie,2020-05-15,4994,172,293,6,PL_24
PL,śląskie,2020-05-16,5159,175,165,3,PL_24
PL,śląskie,2020-05-17,5339,178,180,3,PL_24
PL,śląskie,2020-05-18,5544,179,205,1,PL_24
PL,śląskie,2020-05-19,5807,181,263,2,PL_24
PL,śląskie,2020-05-20,6082,182,275,1,PL_24
PL,śląskie,2020-05-21,6333,186,251,4,PL_24
PL,śląskie,2020-05-22,6618,187,285,1,PL_24
PL,śląskie,2020-05-23,6797,189,179,2,PL_24
PL,śląskie,2020-05-24,6982,191,185,2,PL_24
PL,śląskie,2020-05-25,7140,192,158,1,PL_24
PL,śląskie,2020-05-26,7414,194,274,2,PL_24
PL,śląskie,2020-05-27,7590,195,176,1,PL_24
PL,śląskie,2020-05-28,7728,201,138,6,PL_24
PL,śląskie,2020-05-29,7919,204,191,3,PL_24
PL,śląskie,2020-05-30,8151,206,232,2,PL_24
PL,śląskie,2020-05-31,8252,208,101,2,PL_24
PL,śląskie,2020-06-01,8448,211,196,3,PL_24
PL,śląskie,2020-06-02,8557,217,109,6,PL_24
PL,śląskie,2020-06-03,8666,224,109,7,PL_24
PL,śląskie,2020-06-04,8786,225,120,1,PL_24
PL,śląskie,2020-06-05,8963,235,177,10,PL_24
PL,śląskie,2020-06-06,9314,239,351,4,PL_24
PL,śląskie,2020-06-07,9639,242,325,3,PL_24
PL,śląskie,2020-06-08,9965,241,326,-1,PL_24
PL,śląskie,2020-06-09,10102,252,137,11,PL_24
PL,śląskie,2020-06-10,10178,253,76,1,PL_24
PL,śląskie,2020-06-11,10335,253,157,0,PL_24
PL,śląskie,2020-06-12,10473,255,138,2,PL_24
PL,śląskie,2020-06-13,209,260,-10264,5,PL_24
PL,śląskie,2020-06-14,10842,266,10633,6,PL_24
PL,śląskie,2020-06-15,11030,269,188,3,PL_24
PL,śląskie,2020-06-16,11246,272,216,3,PL_24
PL,śląskie,2020-06-17,11455,276,209,4,PL_24
PL,świętokrzyskie,2020-03-18,4,0,,,PL_26
PL,świętokrzyskie,2020-03-19,5,0,1,0,PL_26
PL,świętokrzyskie,2020-03-20,6,0,1,0,PL_26
PL,świętokrzyskie,2020-03-21,7,0,1,0,PL_26
PL,świętokrzyskie,2020-03-22,7,0,0,0,PL_26
PL,świętokrzyskie,2020-03-23,8,0,1,0,PL_26
PL,świętokrzyskie,2020-03-24,8,0,0,0,PL_26
PL,świętokrzyskie,2020-03-25,14,1,6,1,PL_26
PL,świętokrzyskie,2020-03-26,15,1,1,0,PL_26
PL,świętokrzyskie,2020-03-27,22,1,7,0,PL_26
PL,świętokrzyskie,2020-03-28,27,1,5,0,PL_26
PL,świętokrzyskie,2020-03-29,34,1,7,0,PL_26
PL,świętokrzyskie,2020-03-30,37,1,3,0,PL_26
PL,świętokrzyskie,2020-03-31,49,1,12,0,PL_26
PL,świętokrzyskie,2020-04-01,55,1,6,0,PL_26
PL,świętokrzyskie,2020-04-02,62,1,7,0,PL_26
PL,świętokrzyskie,2020-04-03,79,1,17,0,PL_26
PL,świętokrzyskie,2020-04-04,81,1,2,0,PL_26
PL,świętokrzyskie,2020-04-05,93,1,12,0,PL_26
PL,świętokrzyskie,2020-04-06,103,1,10,0,PL_26
PL,świętokrzyskie,2020-04-07,120,1,17,0,PL_26
PL,świętokrzyskie,2020-04-08,127,2,7,1,PL_26
PL,świętokrzyskie,2020-04-09,129,2,2,0,PL_26
PL,świętokrzyskie,2020-04-10,130,2,1,0,PL_26
PL,świętokrzyskie,2020-04-11,136,2,6,0,PL_26
PL,świętokrzyskie,2020-04-12,141,2,5,0,PL_26
PL,świętokrzyskie,2020-04-13,141,2,0,0,PL_26
PL,świętokrzyskie,2020-04-14,154,2,13,0,PL_26
PL,świętokrzyskie,2020-04-15,170,2,16,0,PL_26
PL,świętokrzyskie,2020-04-16,175,3,5,1,PL_26
PL,świętokrzyskie,2020-04-17,193,4,18,1,PL_26
PL,świętokrzyskie,2020-04-18,203,4,10,0,PL_26
PL,świętokrzyskie,2020-04-19,210,4,7,0,PL_26
PL,świętokrzyskie,2020-04-20,227,4,17,0,PL_26
PL,świętokrzyskie,2020-04-21,238,4,11,0,PL_26
PL,świętokrzyskie,2020-04-22,247,4,9,0,PL_26
PL,świętokrzyskie,2020-04-23,248,6,1,2,PL_26
PL,świętokrzyskie,2020-04-24,254,6,6,0,PL_26
PL,świętokrzyskie,2020-04-25,255,7,1,1,PL_26
PL,świętokrzyskie,2020-04-26,258,7,3,0,PL_26
PL,świętokrzyskie,2020-04-27,261,7,3,0,PL_26
PL,świętokrzyskie,2020-04-28,264,8,3,1,PL_26
PL,świętokrzyskie,2020-04-29,266,8,2,0,PL_26
PL,świętokrzyskie,2020-04-30,270,8,4,0,PL_26
PL,świętokrzyskie,2020-05-01,270,8,0,0,PL_26
PL,świętokrzyskie,2020-05-02,271,8,1,0,PL_26
PL,świętokrzyskie,2020-05-03,278,8,7,0,PL_26
PL,świętokrzyskie,2020-05-04,282,8,4,0,PL_26
PL,świętokrzyskie,2020-05-05,300,9,18,1,PL_26
PL,świętokrzyskie,2020-05-06,300,10,0,1,PL_26
PL,świętokrzyskie,2020-05-07,303,10,3,0,PL_26
PL,świętokrzyskie,2020-05-08,312,11,9,1,PL_26
PL,świętokrzyskie,2020-05-09,321,11,9,0,PL_26
PL,świętokrzyskie,2020-05-10,325,12,4,1,PL_26
PL,świętokrzyskie,2020-05-11,325,12,0,0,PL_26
PL,świętokrzyskie,2020-05-12,328,13,3,1,PL_26
PL,świętokrzyskie,2020-05-13,337,13,9,0,PL_26
PL,świętokrzyskie,2020-05-14,337,14,0,1,PL_26
PL,świętokrzyskie,2020-05-15,340,17,3,3,PL_26
PL,świętokrzyskie,2020-05-16,341,17,1,0,PL_26
PL,świętokrzyskie,2020-05-17,341,17,0,0,PL_26
PL,świętokrzyskie,2020-05-18,352,18,11,1,PL_26
PL,świętokrzyskie,2020-05-19,353,19,1,1,PL_26
PL,świętokrzyskie,2020-05-20,357,20,4,1,PL_26
PL,świętokrzyskie,2020-05-21,361,20,4,0,PL_26
PL,świętokrzyskie,2020-05-22,366,20,5,0,PL_26
PL,świętokrzyskie,2020-05-23,374,20,8,0,PL_26
PL,świętokrzyskie,2020-05-24,382,20,8,0,PL_26
PL,świętokrzyskie,2020-05-25,392,20,10,0,PL_26
PL,świętokrzyskie,2020-05-26,399,21,7,1,PL_26
PL,świętokrzyskie,2020-05-27,408,21,9,0,PL_26
PL,świętokrzyskie,2020-05-28,432,21,24,0,PL_26
PL,świętokrzyskie,2020-05-29,439,22,7,1,PL_26
PL,świętokrzyskie,2020-05-30,473,22,34,0,PL_26
PL,świętokrzyskie,2020-05-31,480,22,7,0,PL_26
PL,świętokrzyskie,2020-06-01,486,22,6,0,PL_26
PL,świętokrzyskie,2020-06-02,493,22,7,0,PL_26
PL,świętokrzyskie,2020-06-03,502,22,9,0,PL_26
PL,świętokrzyskie,2020-06-04,511,22,9,0,PL_26
PL,świętokrzyskie,2020-06-05,512,22,1,0,PL_26
PL,świętokrzyskie,2020-06-06,515,22,3,0,PL_26
PL,świętokrzyskie,2020-06-07,515,23,0,1,PL_26
PL,świętokrzyskie,2020-06-08,555,24,40,1,PL_26
PL,świętokrzyskie,2020-06-09,569,24,14,0,PL_26
PL,świętokrzyskie,2020-06-10,580,25,11,1,PL_26
PL,świętokrzyskie,2020-06-11,585,25,5,0,PL_26
PL,świętokrzyskie,2020-06-12,596,26,11,1,PL_26
PL,świętokrzyskie,2020-06-13,2,26,-594,0,PL_26
PL,świętokrzyskie,2020-06-14,611,26,609,0,PL_26
PL,świętokrzyskie,2020-06-15,625,26,14,0,PL_26
PL,świętokrzyskie,2020-06-16,636,26,11,0,PL_26
PL,świętokrzyskie,2020-06-17,658,27,22,1,PL_26
