match_string,date,confirmed,deceased,new_confirmed,total_confirmed,new_deceased,total_deceased,country_code,subregion2_code,_match_string,key
Maule,2020-03-03,1,,1,1,,,CL,,maule,CL_ML
Maule,2020-03-04,1,,1,2,,,CL,,maule,CL_ML
Maule,2020-03-08,1,,1,3,,,CL,,maule,CL_ML
Maule,2020-03-09,1,,1,4,,,CL,,maule,CL_ML
Maule,2020-03-10,1,,1,5,,,CL,,maule,CL_ML
Maule,2020-03-11,2,,2,7,,,CL,,maule,CL_ML
Maule,2020-03-13,1,,1,8,,,CL,,maule,CL_ML
Maule,2020-03-14,1,,1,9,,,CL,,maule,CL_ML
Maule,2020-03-18,2,,2,11,,,CL,,maule,CL_ML
Maule,2020-03-19,3,,3,14,,,CL,,maule,CL_ML
Maule,2020-03-21,1,,1,15,,,CL,,maule,CL_ML
Maule,2020-03-22,10,,10,25,,,CL,,maule,CL_ML
Maule,2020-03-23,3,,3,28,,,CL,,maule,CL_ML
Maule,2020-03-24,1,,1,29,,,CL,,maule,CL_ML
Maule,2020-03-25,1,,1,30,,,CL,,maule,CL_ML
Maule,2020-03-26,1,,1,31,,,CL,,maule,CL_ML
Maule,2020-03-27,1,,1,32,,,CL,,maule,CL_ML
Maule,2020-03-28,5,,5,37,,,CL,,maule,CL_ML
Maule,2020-03-29,5,,5,42,,,CL,,maule,CL_ML
Maule,2020-03-30,13,,13,55,,,CL,,maule,CL_ML
Maule,2020-03-31,8,,8,63,,,CL,,maule,CL_ML
Maule,2020-04-01,9,,9,72,,,CL,,maule,CL_ML
Maule,2020-04-02,11,,11,83,,,CL,,maule,CL_ML
Maule,2020-04-03,7,,7,90,,,CL,,maule,CL_ML
Maule,2020-04-04,8,,8,98,,,CL,,maule,CL_ML
Maule,2020-04-05,6,,6,104,,,CL,,maule,CL_ML
Maule,2020-04-06,5,,5,109,,,CL,,maule,CL_ML
Maule,2020-04-07,1,,1,110,,,CL,,maule,CL_ML
Maule,2020-04-08,11,,11,121,,,CL,,maule,CL_ML
Maule,2020-04-09,9,,9,130,,,CL,,maule,CL_ML
Maule,2020-04-10,3,,3,133,,,CL,,maule,CL_ML
Maule,2020-04-11,4,,4,137,,,CL,,maule,CL_ML
Maule,2020-04-12,4,,4,141,,,CL,,maule,CL_ML
Maule,2020-04-13,3,,3,144,,,CL,,maule,CL_ML
Maule,2020-04-14,2,,2,146,,,CL,,maule,CL_ML
Maule,2020-04-15,10,,10,156,,,CL,,maule,CL_ML
Maule,2020-04-16,15,,15,171,,,CL,,maule,CL_ML
Maule,2020-04-17,59,,59,230,,,CL,,maule,CL_ML
Maule,2020-04-18,54,,54,284,,,CL,,maule,CL_ML
Maule,2020-04-19,26,,26,310,,,CL,,maule,CL_ML
Maule,2020-04-20,4,,4,314,,,CL,,maule,CL_ML
Maule,2020-04-21,12,,12,326,,,CL,,maule,CL_ML
Maule,2020-04-22,12,,12,338,,,CL,,maule,CL_ML
Maule,2020-04-23,5,,5,343,,,CL,,maule,CL_ML
Maule,2020-04-24,16,,16,359,,,CL,,maule,CL_ML
Maule,2020-04-25,1,,1,360,,,CL,,maule,CL_ML
Maule,2020-04-26,5,,5,365,,,CL,,maule,CL_ML
Maule,2020-04-27,10,,10,375,,,CL,,maule,CL_ML
Maule,2020-04-28,21,,21,396,,,CL,,maule,CL_ML
Maule,2020-04-29,9,,9,405,,,CL,,maule,CL_ML
Maule,2020-04-30,1,,1,406,,,CL,,maule,CL_ML
Maule,2020-05-01,1,,1,407,,,CL,,maule,CL_ML
Maule,2020-05-02,2,,2,409,,,CL,,maule,CL_ML
Maule,2020-05-03,1,,1,410,,,CL,,maule,CL_ML
Maule,2020-05-04,2,,2,412,,,CL,,maule,CL_ML
Maule,2020-05-05,9,,9,421,,,CL,,maule,CL_ML
Maule,2020-05-07,6,,6,427,,,CL,,maule,CL_ML
Maule,2020-05-08,11,,11,438,,,CL,,maule,CL_ML
Maule,2020-05-09,8,,8,446,,,CL,,maule,CL_ML
Maule,2020-05-10,9,,9,455,,,CL,,maule,CL_ML
Maule,2020-05-11,13,,13,468,,,CL,,maule,CL_ML
Maule,2020-05-12,12,,12,480,,,CL,,maule,CL_ML
Maule,2020-05-13,19,,19,499,,,CL,,maule,CL_ML
Maule,2020-05-14,34,,34,533,,,CL,,maule,CL_ML
Maule,2020-05-15,21,,21,554,,,CL,,maule,CL_ML
Maule,2020-05-16,11,,11,565,,,CL,,maule,CL_ML
Maule,2020-05-17,22,,22,587,,,CL,,maule,CL_ML
Maule,2020-05-18,29,,29,616,,,CL,,maule,CL_ML
Maule,2020-05-19,38,,38,654,,,CL,,maule,CL_ML
Maule,2020-05-20,40,,40,694,,,CL,,maule,CL_ML
Maule,2020-05-21,52,,52,746,,,CL,,maule,CL_ML
Maule,2020-05-22,51,,51,797,,,CL,,maule,CL_ML
Maule,2020-05-23,41,,41,838,,,CL,,maule,CL_ML
Maule,2020-05-24,69,,69,907,,,CL,,maule,CL_ML
Maule,2020-05-25,61,,61,968,,,CL,,maule,CL_ML
Maule,2020-05-26,60,,60,1028,,,CL,,maule,CL_ML
Maule,2020-05-27,53,,53,1081,,,CL,,maule,CL_ML
Maule,2020-05-28,54,,54,1135,,,CL,,maule,CL_ML
Maule,2020-05-29,60,,60,1195,,,CL,,maule,CL_ML
Maule,2020-05-30,76,,76,1271,,,CL,,maule,CL_ML
Maule,2020-05-31,41,,41,1312,,,CL,,maule,CL_ML
Maule,2020-06-01,46,,46,1358,,,CL,,maule,CL_ML
Maule,2020-06-02,40,,40,1398,,,CL,,maule,CL_ML
Maule,2020-06-03,216,,216,1614,,,CL,,maule,CL_ML
Maule,2020-06-04,139,,139,1753,,,CL,,maule,CL_ML
Maule,2020-06-05,105,,105,1858,,,CL,,maule,CL_ML
Maule,2020-06-06,135,,135,1993,,,CL,,maule,CL_ML
Maule,2020-06-07,140,,140,2133,,,CL,,maule,CL_ML
Maule,2020-06-08,67,,67,2200,,,CL,,maule,CL_ML
Maule,2020-06-09,113,,113,2313,,,CL,,maule,CL_ML
Maule,2020-06-10,151,,151,2464,,,CL,,maule,CL_ML
Maule,2020-06-11,121,,121,2585,,,CL,,maule,CL_ML
Maule,2020-06-12,131,,131,2716,,,CL,,maule,CL_ML
Maule,2020-06-13,154,,154,2870,,,CL,,maule,CL_ML
Maule,2020-06-14,156,,156,3026,,,CL,,maule,CL_ML
Maule,2020-06-15,94,,94,3120,,,CL,,maule,CL_ML
Maule,2020-06-16,98,,98,3218,,,CL,,maule,CL_ML
Maule,2020-06-17,94,,94,3312,,,CL,,maule,CL_ML
Maule,2020-06-18,207,,207,3519,,,CL,,maule,CL_ML
Santiago Metropolitan,2020-03-04,1,,1,1,,,CL,,santiago metropolitan,CL_RM
Santiago Metropolitan,2020-03-05,1,,1,2,,,CL,,santiago metropolitan,CL_RM
Santiago Metropolitan,2020-03-06,1,,1,3,,,CL,,santiago metropolitan,CL_RM
Santiago Metropolitan,2020-03-07,1,,1,4,,,CL,,santiago metropolitan,CL_RM
Santiago Metropolitan,2020-03-08,2,,2,6,,,CL,,santiago metropolitan,CL_RM
Santiago Metropolitan,2020-03-09,3,,3,9,,,CL,,santiago metropolitan,CL_RM
Santiago Metropolitan,2020-03-10,1,,1,10,,,CL,,santiago metropolitan,CL_RM
Santiago Metropolitan,2020-03-11,4,,4,14,,,CL,,santiago metropolitan,CL_RM
Santiago Metropolitan,2020-03-12,9,,9,23,,,CL,,santiago metropolitan,CL_RM
Santiago Metropolitan,2020-03-13,6,,6,29,,,CL,,santiago metropolitan,CL_RM
Santiago Metropolitan,2020-03-14,11,,11,40,,,CL,,santiago metropolitan,CL_RM
Santiago Metropolitan,2020-03-15,14,,14,54,,,CL,,santiago metropolitan,CL_RM
Santiago Metropolitan,2020-03-16,69,,69,123,,,CL,,santiago metropolitan,CL_RM
Santiago Metropolitan,2020-03-17,29,,29,152,,,CL,,santiago metropolitan,CL_RM
Santiago Metropolitan,2020-03-18,22,,22,174,,,CL,,santiago metropolitan,CL_RM
Santiago Metropolitan,2020-03-19,73,,73,247,,,CL,,santiago metropolitan,CL_RM
Santiago Metropolitan,2020-03-20,57,,57,304,,,CL,,santiago metropolitan,CL_RM
Santiago Metropolitan,2020-03-21,56,,56,360,,,CL,,santiago metropolitan,CL_RM
Santiago Metropolitan,2020-03-22,50,,50,410,,,CL,,santiago metropolitan,CL_RM
Santiago Metropolitan,2020-03-23,51,,51,461,,,CL,,santiago metropolitan,CL_RM
Santiago Metropolitan,2020-03-24,81,,81,542,,,CL,,santiago metropolitan,CL_RM
Santiago Metropolitan,2020-03-25,142,,142,684,,,CL,,santiago metropolitan,CL_RM
Santiago Metropolitan,2020-03-26,64,,64,748,,,CL,,santiago metropolitan,CL_RM
Santiago Metropolitan,2020-03-27,193,,193,941,,,CL,,santiago metropolitan,CL_RM
Santiago Metropolitan,2020-03-28,146,,146,1087,,,CL,,santiago metropolitan,CL_RM
Santiago Metropolitan,2020-03-29,83,,83,1170,,,CL,,santiago metropolitan,CL_RM
Santiago Metropolitan,2020-03-30,128,,128,1298,,,CL,,santiago metropolitan,CL_RM
Santiago Metropolitan,2020-03-31,126,,126,1424,,,CL,,santiago metropolitan,CL_RM
Santiago Metropolitan,2020-04-01,102,,102,1526,,,CL,,santiago metropolitan,CL_RM
Santiago Metropolitan,2020-04-02,116,,116,1642,,,CL,,santiago metropolitan,CL_RM
Santiago Metropolitan,2020-04-03,108,,108,1750,,,CL,,santiago metropolitan,CL_RM
Santiago Metropolitan,2020-04-04,216,,216,1966,,,CL,,santiago metropolitan,CL_RM
Santiago Metropolitan,2020-04-05,146,,146,2112,,,CL,,santiago metropolitan,CL_RM
Santiago Metropolitan,2020-04-06,142,,142,2254,,,CL,,santiago metropolitan,CL_RM
Santiago Metropolitan,2020-04-07,108,,108,2362,,,CL,,santiago metropolitan,CL_RM
Santiago Metropolitan,2020-04-08,200,,200,2562,,,CL,,santiago metropolitan,CL_RM
Santiago Metropolitan,2020-04-09,291,,291,2853,,,CL,,santiago metropolitan,CL_RM
Santiago Metropolitan,2020-04-10,369,,369,3222,,,CL,,santiago metropolitan,CL_RM
Santiago Metropolitan,2020-04-11,258,,258,3480,,,CL,,santiago metropolitan,CL_RM
Santiago Metropolitan,2020-04-12,154,,154,3634,,,CL,,santiago metropolitan,CL_RM
Santiago Metropolitan,2020-04-13,205,,205,3839,,,CL,,santiago metropolitan,CL_RM
Santiago Metropolitan,2020-04-14,287,,287,4126,,,CL,,santiago metropolitan,CL_RM
Santiago Metropolitan,2020-04-15,249,,249,4375,,,CL,,santiago metropolitan,CL_RM
Santiago Metropolitan,2020-04-16,355,,355,4730,,,CL,,santiago metropolitan,CL_RM
Santiago Metropolitan,2020-04-17,236,,236,4966,,,CL,,santiago metropolitan,CL_RM
Santiago Metropolitan,2020-04-18,284,,284,5250,,,CL,,santiago metropolitan,CL_RM
Santiago Metropolitan,2020-04-19,194,,194,5444,,,CL,,santiago metropolitan,CL_RM
Santiago Metropolitan,2020-04-20,266,,266,5710,,,CL,,santiago metropolitan,CL_RM
Santiago Metropolitan,2020-04-21,147,,147,5857,,,CL,,santiago metropolitan,CL_RM
Santiago Metropolitan,2020-04-22,304,,304,6161,,,CL,,santiago metropolitan,CL_RM
Santiago Metropolitan,2020-04-23,358,,358,6519,,,CL,,santiago metropolitan,CL_RM
Santiago Metropolitan,2020-04-24,328,,328,6847,,,CL,,santiago metropolitan,CL_RM
Santiago Metropolitan,2020-04-25,407,,407,7254,,,CL,,santiago metropolitan,CL_RM
Santiago Metropolitan,2020-04-26,333,,333,7587,,,CL,,santiago metropolitan,CL_RM
Santiago Metropolitan,2020-04-27,366,,366,7953,,,CL,,santiago metropolitan,CL_RM
Santiago Metropolitan,2020-04-28,447,,447,8400,,,CL,,santiago metropolitan,CL_RM
Santiago Metropolitan,2020-04-29,593,,593,8993,,,CL,,santiago metropolitan,CL_RM
Santiago Metropolitan,2020-04-30,742,,742,9735,,,CL,,santiago metropolitan,CL_RM
Santiago Metropolitan,2020-05-01,895,,895,10630,,,CL,,santiago metropolitan,CL_RM
Santiago Metropolitan,2020-05-02,1153,,1153,11783,,,CL,,santiago metropolitan,CL_RM
Santiago Metropolitan,2020-05-03,1008,,1008,12791,,,CL,,santiago metropolitan,CL_RM
Santiago Metropolitan,2020-05-04,880,,880,13671,,,CL,,santiago metropolitan,CL_RM
Santiago Metropolitan,2020-05-05,1182,,1182,14853,,,CL,,santiago metropolitan,CL_RM
Santiago Metropolitan,2020-05-06,879,,879,15732,,,CL,,santiago metropolitan,CL_RM
Santiago Metropolitan,2020-05-07,1248,,1248,16980,,,CL,,santiago metropolitan,CL_RM
Santiago Metropolitan,2020-05-08,1156,,1156,18136,,,CL,,santiago metropolitan,CL_RM
Santiago Metropolitan,2020-05-09,984,,984,19120,,,CL,,santiago metropolitan,CL_RM
Santiago Metropolitan,2020-05-10,1399,,1399,20519,,,CL,,santiago metropolitan,CL_RM
Santiago Metropolitan,2020-05-11,970,,970,21489,,,CL,,santiago metropolitan,CL_RM
Santiago Metropolitan,2020-05-12,1398,,1398,22887,,,CL,,santiago metropolitan,CL_RM
Santiago Metropolitan,2020-05-13,2262,,2262,25149,,,CL,,santiago metropolitan,CL_RM
Santiago Metropolitan,2020-05-14,2269,,2269,27418,,,CL,,santiago metropolitan,CL_RM
Santiago Metropolitan,2020-05-15,2079,,2079,29497,,,CL,,santiago metropolitan,CL_RM
Santiago Metropolitan,2020-05-16,1543,,1543,31040,,,CL,,santiago metropolitan,CL_RM
Santiago Metropolitan,2020-05-17,1914,,1914,32954,,,CL,,santiago metropolitan,CL_RM
Santiago Metropolitan,2020-05-18,1791,,1791,34745,,,CL,,santiago metropolitan,CL_RM
Santiago Metropolitan,2020-05-19,3164,,3164,37909,,,CL,,santiago metropolitan,CL_RM
Santiago Metropolitan,2020-05-20,3618,,3618,41527,,,CL,,santiago metropolitan,CL_RM
Santiago Metropolitan,2020-05-21,3502,,3502,45029,,,CL,,santiago metropolitan,CL_RM
Santiago Metropolitan,2020-05-22,3744,,3744,48773,,,CL,,santiago metropolitan,CL_RM
Santiago Metropolitan,2020-05-23,3081,,3081,51854,,,CL,,santiago metropolitan,CL_RM
Santiago Metropolitan,2020-05-24,3184,,3184,55038,,,CL,,santiago metropolitan,CL_RM
Santiago Metropolitan,2020-05-25,4421,,4421,59459,,,CL,,santiago metropolitan,CL_RM
Santiago Metropolitan,2020-05-26,3393,,3393,62852,,,CL,,santiago metropolitan,CL_RM
Santiago Metropolitan,2020-05-27,3754,,3754,66606,,,CL,,santiago metropolitan,CL_RM
Santiago Metropolitan,2020-05-28,3947,,3947,70553,,,CL,,santiago metropolitan,CL_RM
Santiago Metropolitan,2020-05-29,3042,,3042,73595,,,CL,,santiago metropolitan,CL_RM
Santiago Metropolitan,2020-05-30,3384,,3384,76979,,,CL,,santiago metropolitan,CL_RM
Santiago Metropolitan,2020-05-31,4300,,4300,81279,,,CL,,santiago metropolitan,CL_RM
Santiago Metropolitan,2020-06-01,4784,,4784,86063,,,CL,,santiago metropolitan,CL_RM
Santiago Metropolitan,2020-06-02,3025,,3025,89088,,,CL,,santiago metropolitan,CL_RM
Santiago Metropolitan,2020-06-03,4064,,4064,93152,,,CL,,santiago metropolitan,CL_RM
Santiago Metropolitan,2020-06-04,3772,,3772,96924,,,CL,,santiago metropolitan,CL_RM
Santiago Metropolitan,2020-06-05,3247,,3247,100171,,,CL,,santiago metropolitan,CL_RM
Santiago Metropolitan,2020-06-06,4207,,4207,104378,,,CL,,santiago metropolitan,CL_RM
Santiago Metropolitan,2020-06-07,5357,,5357,109735,,,CL,,santiago metropolitan,CL_RM
Santiago Metropolitan,2020-06-08,3740,,3740,113475,,,CL,,santiago metropolitan,CL_RM
Santiago Metropolitan,2020-06-09,3008,,3008,116483,,,CL,,santiago metropolitan,CL_RM
Santiago Metropolitan,2020-06-10,4767,,4767,121250,,,CL,,santiago metropolitan,CL_RM
Santiago Metropolitan,2020-06-11,4547,,4547,125797,,,CL,,santiago metropolitan,CL_RM
Santiago Metropolitan,2020-06-12,5754,,5754,131551,,,CL,,santiago metropolitan,CL_RM
Santiago Metropolitan,2020-06-13,5270,,5270,136821,,,CL,,santiago metropolitan,CL_RM
Santiago Metropolitan,2020-06-14,5844,,5844,142665,,,CL,,santiago metropolitan,CL_RM
Santiago Metropolitan,2020-06-15,3917,,3917,146582,,,CL,,santiago metropolitan,CL_RM
Santiago Metropolitan,2020-06-16,4043,,4043,150625,,,CL,,santiago metropolitan,CL_RM
Santiago Metropolitan,2020-06-17,3719,,3719,154344,,,CL,,santiago metropolitan,CL_RM
Santiago Metropolitan,2020-06-18,3226,,3226,157570,,,CL,,santiago metropolitan,CL_RM
Los Lagos,2020-03-07,1,,1,1,,,CL,,los lagos,CL_LL
Los Lagos,2020-03-18,7,,7,8,,,CL,,los lagos,CL_LL
Los Lagos,2020-03-19,8,,8,16,,,CL,,los lagos,CL_LL
Los Lagos,2020-03-20,2,,2,18,,,CL,,los lagos,CL_LL
Los Lagos,2020-03-21,2,,2,20,,,CL,,los lagos,CL_LL
Los Lagos,2020-03-22,3,,3,23,,,CL,,los lagos,CL_LL
Los Lagos,2020-03-23,10,,10,33,,,CL,,los lagos,CL_LL
Los Lagos,2020-03-24,3,,3,36,,,CL,,los lagos,CL_LL
Los Lagos,2020-03-25,8,,8,44,,,CL,,los lagos,CL_LL
Los Lagos,2020-03-26,16,,16,60,,,CL,,los lagos,CL_LL
Los Lagos,2020-03-27,3,,3,63,,,CL,,los lagos,CL_LL
Los Lagos,2020-03-28,30,,30,93,,,CL,,los lagos,CL_LL
Los Lagos,2020-03-29,11,,11,104,,,CL,,los lagos,CL_LL
Los Lagos,2020-03-30,24,,24,128,,,CL,,los lagos,CL_LL
Los Lagos,2020-03-31,23,,23,151,,,CL,,los lagos,CL_LL
Los Lagos,2020-04-01,30,,30,181,,,CL,,los lagos,CL_LL
Los Lagos,2020-04-02,22,,22,203,,,CL,,los lagos,CL_LL
Los Lagos,2020-04-03,31,,31,234,,,CL,,los lagos,CL_LL
Los Lagos,2020-04-04,25,,25,259,,,CL,,los lagos,CL_LL
Los Lagos,2020-04-05,18,,18,277,,,CL,,los lagos,CL_LL
Los Lagos,2020-04-06,11,,11,288,,,CL,,los lagos,CL_LL
Los Lagos,2020-04-07,13,,13,301,,,CL,,los lagos,CL_LL
Los Lagos,2020-04-08,26,,26,327,,,CL,,los lagos,CL_LL
Los Lagos,2020-04-09,15,,15,342,,,CL,,los lagos,CL_LL
Los Lagos,2020-04-10,9,,9,351,,,CL,,los lagos,CL_LL
Los Lagos,2020-04-11,18,,18,369,,,CL,,los lagos,CL_LL
Los Lagos,2020-04-12,8,,8,377,,,CL,,los lagos,CL_LL
Los Lagos,2020-04-13,8,,8,385,,,CL,,los lagos,CL_LL
Los Lagos,2020-04-14,5,,5,390,,,CL,,los lagos,CL_LL
Los Lagos,2020-04-15,5,,5,395,,,CL,,los lagos,CL_LL
Los Lagos,2020-04-16,9,,9,404,,,CL,,los lagos,CL_LL
Los Lagos,2020-04-17,14,,14,418,,,CL,,los lagos,CL_LL
Los Lagos,2020-04-18,4,,4,422,,,CL,,los lagos,CL_LL
Los Lagos,2020-04-19,5,,5,427,,,CL,,los lagos,CL_LL
Los Lagos,2020-04-20,3,,3,430,,,CL,,los lagos,CL_LL
Los Lagos,2020-04-21,8,,8,438,,,CL,,los lagos,CL_LL
Los Lagos,2020-04-22,13,,13,451,,,CL,,los lagos,CL_LL
Los Lagos,2020-04-23,10,,10,461,,,CL,,los lagos,CL_LL
Los Lagos,2020-04-24,7,,7,468,,,CL,,los lagos,CL_LL
Los Lagos,2020-04-25,5,,5,473,,,CL,,los lagos,CL_LL
Los Lagos,2020-04-26,8,,8,481,,,CL,,los lagos,CL_LL
Los Lagos,2020-04-27,4,,4,485,,,CL,,los lagos,CL_LL
Los Lagos,2020-04-28,1,,1,486,,,CL,,los lagos,CL_LL
Los Lagos,2020-04-29,4,,4,490,,,CL,,los lagos,CL_LL
Los Lagos,2020-04-30,7,,7,497,,,CL,,los lagos,CL_LL
Los Lagos,2020-05-01,14,,14,511,,,CL,,los lagos,CL_LL
Los Lagos,2020-05-02,12,,12,523,,,CL,,los lagos,CL_LL
Los Lagos,2020-05-03,4,,4,527,,,CL,,los lagos,CL_LL
Los Lagos,2020-05-04,7,,7,534,,,CL,,los lagos,CL_LL
Los Lagos,2020-05-05,1,,1,535,,,CL,,los lagos,CL_LL
Los Lagos,2020-05-06,16,,16,551,,,CL,,los lagos,CL_LL
Los Lagos,2020-05-07,4,,4,555,,,CL,,los lagos,CL_LL
Los Lagos,2020-05-08,3,,3,558,,,CL,,los lagos,CL_LL
Los Lagos,2020-05-09,11,,11,569,,,CL,,los lagos,CL_LL
Los Lagos,2020-05-10,16,,16,585,,,CL,,los lagos,CL_LL
Los Lagos,2020-05-11,17,,17,602,,,CL,,los lagos,CL_LL
Los Lagos,2020-05-12,3,,3,605,,,CL,,los lagos,CL_LL
Los Lagos,2020-05-13,34,,34,639,,,CL,,los lagos,CL_LL
Los Lagos,2020-05-14,5,,5,644,,,CL,,los lagos,CL_LL
Los Lagos,2020-05-15,8,,8,652,,,CL,,los lagos,CL_LL
Los Lagos,2020-05-16,3,,3,655,,,CL,,los lagos,CL_LL
Los Lagos,2020-05-17,3,,3,658,,,CL,,los lagos,CL_LL
Los Lagos,2020-05-18,5,,5,663,,,CL,,los lagos,CL_LL
Los Lagos,2020-05-19,5,,5,668,,,CL,,los lagos,CL_LL
Los Lagos,2020-05-20,10,,10,678,,,CL,,los lagos,CL_LL
Los Lagos,2020-05-21,28,,28,706,,,CL,,los lagos,CL_LL
Los Lagos,2020-05-22,24,,24,730,,,CL,,los lagos,CL_LL
Los Lagos,2020-05-23,10,,10,740,,,CL,,los lagos,CL_LL
Los Lagos,2020-05-24,9,,9,749,,,CL,,los lagos,CL_LL
Los Lagos,2020-05-25,27,,27,776,,,CL,,los lagos,CL_LL
Los Lagos,2020-05-26,18,,18,794,,,CL,,los lagos,CL_LL
Los Lagos,2020-05-27,10,,10,804,,,CL,,los lagos,CL_LL
Los Lagos,2020-05-28,23,,23,827,,,CL,,los lagos,CL_LL
Los Lagos,2020-05-29,8,,8,835,,,CL,,los lagos,CL_LL
Los Lagos,2020-05-30,38,,38,873,,,CL,,los lagos,CL_LL
Los Lagos,2020-05-31,3,,3,876,,,CL,,los lagos,CL_LL
Los Lagos,2020-06-02,31,,31,907,,,CL,,los lagos,CL_LL
Los Lagos,2020-06-03,19,,19,926,,,CL,,los lagos,CL_LL
Los Lagos,2020-06-04,13,,13,939,,,CL,,los lagos,CL_LL
Los Lagos,2020-06-05,42,,42,981,,,CL,,los lagos,CL_LL
Los Lagos,2020-06-06,17,,17,998,,,CL,,los lagos,CL_LL
Los Lagos,2020-06-07,18,,18,1016,,,CL,,los lagos,CL_LL
Los Lagos,2020-06-08,7,,7,1023,,,CL,,los lagos,CL_LL
Los Lagos,2020-06-09,18,,18,1041,,,CL,,los lagos,CL_LL
Los Lagos,2020-06-10,13,,13,1054,,,CL,,los lagos,CL_LL
Los Lagos,2020-06-11,21,,21,1075,,,CL,,los lagos,CL_LL
Los Lagos,2020-06-12,21,,21,1096,,,CL,,los lagos,CL_LL
Los Lagos,2020-06-13,26,,26,1122,,,CL,,los lagos,CL_LL
Los Lagos,2020-06-14,33,,33,1155,,,CL,,los lagos,CL_LL
Los Lagos,2020-06-15,27,,27,1182,,,CL,,los lagos,CL_LL
Los Lagos,2020-06-16,10,,10,1192,,,CL,,los lagos,CL_LL
Los Lagos,2020-06-17,40,,40,1232,,,CL,,los lagos,CL_LL
Los Lagos,2020-06-18,14,,14,1246,,,CL,,los lagos,CL_LL
Biobío,2020-03-09,1,,1,1,,,CL,,biobío,CL_BI
Biobío,2020-03-13,2,,2,3,,,CL,,biobío,CL_BI
Biobío,2020-03-16,1,,1,4,,,CL,,biobío,CL_BI
Biobío,2020-03-18,3,,3,7,,,CL,,biobío,CL_BI
Biobío,2020-03-19,7,,7,14,,,CL,,biobío,CL_BI
Biobío,2020-03-20,5,,5,19,,,CL,,biobío,CL_BI
Biobío,2020-03-21,11,,11,30,,,CL,,biobío,CL_BI
Biobío,2020-03-22,5,,5,35,,,CL,,biobío,CL_BI
Biobío,2020-03-23,11,,11,46,,,CL,,biobío,CL_BI
Biobío,2020-03-24,27,,27,73,,,CL,,biobío,CL_BI
Biobío,2020-03-25,23,,23,96,,,CL,,biobío,CL_BI
Biobío,2020-03-26,15,,15,111,,,CL,,biobío,CL_BI
Biobío,2020-03-27,26,,26,137,,,CL,,biobío,CL_BI
Biobío,2020-03-28,16,,16,153,,,CL,,biobío,CL_BI
Biobío,2020-03-29,34,,34,187,,,CL,,biobío,CL_BI
Biobío,2020-03-30,16,,16,203,,,CL,,biobío,CL_BI
Biobío,2020-03-31,15,,15,218,,,CL,,biobío,CL_BI
Biobío,2020-04-01,24,,24,242,,,CL,,biobío,CL_BI
Biobío,2020-04-02,35,,35,277,,,CL,,biobío,CL_BI
Biobío,2020-04-03,27,,27,304,,,CL,,biobío,CL_BI
Biobío,2020-04-04,45,,45,349,,,CL,,biobío,CL_BI
Biobío,2020-04-05,18,,18,367,,,CL,,biobío,CL_BI
Biobío,2020-04-06,18,,18,385,,,CL,,biobío,CL_BI
Biobío,2020-04-07,27,,27,412,,,CL,,biobío,CL_BI
Biobío,2020-04-08,29,,29,441,,,CL,,biobío,CL_BI
Biobío,2020-04-09,21,,21,462,,,CL,,biobío,CL_BI
Biobío,2020-04-10,14,,14,476,,,CL,,biobío,CL_BI
Biobío,2020-04-11,16,,16,492,,,CL,,biobío,CL_BI
Biobío,2020-04-12,10,,10,502,,,CL,,biobío,CL_BI
Biobío,2020-04-13,12,,12,514,,,CL,,biobío,CL_BI
Biobío,2020-04-14,16,,16,530,,,CL,,biobío,CL_BI
Biobío,2020-04-15,14,,14,544,,,CL,,biobío,CL_BI
Biobío,2020-04-16,17,,17,561,,,CL,,biobío,CL_BI
Biobío,2020-04-17,20,,20,581,,,CL,,biobío,CL_BI
Biobío,2020-04-18,28,,28,609,,,CL,,biobío,CL_BI
Biobío,2020-04-19,10,,10,619,,,CL,,biobío,CL_BI
Biobío,2020-04-20,10,,10,629,,,CL,,biobío,CL_BI
Biobío,2020-04-21,11,,11,640,,,CL,,biobío,CL_BI
Biobío,2020-04-22,23,,23,663,,,CL,,biobío,CL_BI
Biobío,2020-04-23,17,,17,680,,,CL,,biobío,CL_BI
Biobío,2020-04-24,8,,8,688,,,CL,,biobío,CL_BI
Biobío,2020-04-25,13,,13,701,,,CL,,biobío,CL_BI
Biobío,2020-04-26,8,,8,709,,,CL,,biobío,CL_BI
Biobío,2020-04-27,3,,3,712,,,CL,,biobío,CL_BI
Biobío,2020-04-28,4,,4,716,,,CL,,biobío,CL_BI
Biobío,2020-04-29,10,,10,726,,,CL,,biobío,CL_BI
Biobío,2020-04-30,8,,8,734,,,CL,,biobío,CL_BI
Biobío,2020-05-01,2,,2,736,,,CL,,biobío,CL_BI
Biobío,2020-05-02,22,,22,758,,,CL,,biobío,CL_BI
Biobío,2020-05-03,8,,8,766,,,CL,,biobío,CL_BI
Biobío,2020-05-04,4,,4,770,,,CL,,biobío,CL_BI
Biobío,2020-05-05,12,,12,782,,,CL,,biobío,CL_BI
Biobío,2020-05-06,15,,15,797,,,CL,,biobío,CL_BI
Biobío,2020-05-07,25,,25,822,,,CL,,biobío,CL_BI
Biobío,2020-05-08,28,,28,850,,,CL,,biobío,CL_BI
Biobío,2020-05-09,40,,40,890,,,CL,,biobío,CL_BI
Biobío,2020-05-10,17,,17,907,,,CL,,biobío,CL_BI
Biobío,2020-05-11,33,,33,940,,,CL,,biobío,CL_BI
Biobío,2020-05-12,11,,11,951,,,CL,,biobío,CL_BI
Biobío,2020-05-13,33,,33,984,,,CL,,biobío,CL_BI
Biobío,2020-05-14,20,,20,1004,,,CL,,biobío,CL_BI
Biobío,2020-05-15,41,,41,1045,,,CL,,biobío,CL_BI
Biobío,2020-05-16,38,,38,1083,,,CL,,biobío,CL_BI
Biobío,2020-05-17,25,,25,1108,,,CL,,biobío,CL_BI
Biobío,2020-05-18,45,,45,1153,,,CL,,biobío,CL_BI
Biobío,2020-05-19,28,,28,1181,,,CL,,biobío,CL_BI
Biobío,2020-05-20,52,,52,1233,,,CL,,biobío,CL_BI
Biobío,2020-05-21,39,,39,1272,,,CL,,biobío,CL_BI
Biobío,2020-05-22,49,,49,1321,,,CL,,biobío,CL_BI
Biobío,2020-05-23,43,,43,1364,,,CL,,biobío,CL_BI
Biobío,2020-05-24,60,,60,1424,,,CL,,biobío,CL_BI
Biobío,2020-05-25,44,,44,1468,,,CL,,biobío,CL_BI
Biobío,2020-05-26,44,,44,1512,,,CL,,biobío,CL_BI
Biobío,2020-05-27,63,,63,1575,,,CL,,biobío,CL_BI
Biobío,2020-05-28,112,,112,1687,,,CL,,biobío,CL_BI
Biobío,2020-05-29,102,,102,1789,,,CL,,biobío,CL_BI
Biobío,2020-05-30,110,,110,1899,,,CL,,biobío,CL_BI
Biobío,2020-05-31,91,,91,1990,,,CL,,biobío,CL_BI
Biobío,2020-06-01,91,,91,2081,,,CL,,biobío,CL_BI
Biobío,2020-06-02,12,,12,2093,,,CL,,biobío,CL_BI
Biobío,2020-06-03,133,,133,2226,,,CL,,biobío,CL_BI
Biobío,2020-06-04,88,,88,2314,,,CL,,biobío,CL_BI
Biobío,2020-06-05,78,,78,2392,,,CL,,biobío,CL_BI
Biobío,2020-06-06,111,,111,2503,,,CL,,biobío,CL_BI
Biobío,2020-06-07,105,,105,2608,,,CL,,biobío,CL_BI
Biobío,2020-06-08,56,,56,2664,,,CL,,biobío,CL_BI
Biobío,2020-06-09,43,,43,2707,,,CL,,biobío,CL_BI
Biobío,2020-06-10,152,,152,2859,,,CL,,biobío,CL_BI
Biobío,2020-06-11,129,,129,2988,,,CL,,biobío,CL_BI
Biobío,2020-06-12,131,,131,3119,,,CL,,biobío,CL_BI
Biobío,2020-06-13,168,,168,3287,,,CL,,biobío,CL_BI
Biobío,2020-06-14,134,,134,3421,,,CL,,biobío,CL_BI
Biobío,2020-06-15,60,,60,3481,,,CL,,biobío,CL_BI
Biobío,2020-06-16,55,,55,3536,,,CL,,biobío,CL_BI
Biobío,2020-06-17,177,,177,3713,,,CL,,biobío,CL_BI
Biobío,2020-06-18,171,,171,3884,,,CL,,biobío,CL_BI
Ñuble,2020-03-12,1,,1,1,,,CL,,ñuble,CL_NB
Ñuble,2020-03-13,1,,1,2,,,CL,,ñuble,CL_NB
Ñuble,2020-03-14,2,,2,4,,,CL,,ñuble,CL_NB
Ñuble,2020-03-16,8,,8,12,,,CL,,ñuble,CL_NB
Ñuble,2020-03-17,14,,14,26,,,CL,,ñuble,CL_NB
Ñuble,2020-03-19,2,,2,28,,,CL,,ñuble,CL_NB
Ñuble,2020-03-20,16,,16,44,,,CL,,ñuble,CL_NB
Ñuble,2020-03-21,14,,14,58,,,CL,,ñuble,CL_NB
Ñuble,2020-03-22,6,,6,64,,,CL,,ñuble,CL_NB
Ñuble,2020-03-23,17,,17,81,,,CL,,ñuble,CL_NB
Ñuble,2020-03-24,24,,24,105,,,CL,,ñuble,CL_NB
Ñuble,2020-03-25,6,,6,111,,,CL,,ñuble,CL_NB
Ñuble,2020-03-26,3,,3,114,,,CL,,ñuble,CL_NB
Ñuble,2020-03-27,30,,30,144,,,CL,,ñuble,CL_NB
Ñuble,2020-03-28,28,,28,172,,,CL,,ñuble,CL_NB
Ñuble,2020-03-29,25,,25,197,,,CL,,ñuble,CL_NB
Ñuble,2020-03-30,32,,32,229,,,CL,,ñuble,CL_NB
Ñuble,2020-03-31,16,,16,245,,,CL,,ñuble,CL_NB
Ñuble,2020-04-01,14,,14,259,,,CL,,ñuble,CL_NB
Ñuble,2020-04-02,82,,82,341,,,CL,,ñuble,CL_NB
Ñuble,2020-04-03,30,,30,371,,,CL,,ñuble,CL_NB
Ñuble,2020-04-04,32,,32,403,,,CL,,ñuble,CL_NB
Ñuble,2020-04-05,25,,25,428,,,CL,,ñuble,CL_NB
Ñuble,2020-04-06,50,,50,478,,,CL,,ñuble,CL_NB
Ñuble,2020-04-07,49,,49,527,,,CL,,ñuble,CL_NB
Ñuble,2020-04-08,39,,39,566,,,CL,,ñuble,CL_NB
Ñuble,2020-04-09,11,,11,577,,,CL,,ñuble,CL_NB
Ñuble,2020-04-10,18,,18,595,,,CL,,ñuble,CL_NB
Ñuble,2020-04-11,17,,17,612,,,CL,,ñuble,CL_NB
Ñuble,2020-04-12,8,,8,620,,,CL,,ñuble,CL_NB
Ñuble,2020-04-13,5,,5,625,,,CL,,ñuble,CL_NB
Ñuble,2020-04-14,5,,5,630,,,CL,,ñuble,CL_NB
Ñuble,2020-04-15,12,,12,642,,,CL,,ñuble,CL_NB
Ñuble,2020-04-16,7,,7,649,,,CL,,ñuble,CL_NB
Ñuble,2020-04-17,18,,18,667,,,CL,,ñuble,CL_NB
Ñuble,2020-04-18,12,,12,679,,,CL,,ñuble,CL_NB
Ñuble,2020-04-19,12,,12,691,,,CL,,ñuble,CL_NB
Ñuble,2020-04-20,9,,9,700,,,CL,,ñuble,CL_NB
Ñuble,2020-04-21,7,,7,707,,,CL,,ñuble,CL_NB
Ñuble,2020-04-22,9,,9,716,,,CL,,ñuble,CL_NB
Ñuble,2020-04-23,5,,5,721,,,CL,,ñuble,CL_NB
Ñuble,2020-04-24,8,,8,729,,,CL,,ñuble,CL_NB
Ñuble,2020-04-25,10,,10,739,,,CL,,ñuble,CL_NB
Ñuble,2020-04-26,6,,6,745,,,CL,,ñuble,CL_NB
Ñuble,2020-04-27,10,,10,755,,,CL,,ñuble,CL_NB
Ñuble,2020-04-28,6,,6,761,,,CL,,ñuble,CL_NB
Ñuble,2020-04-29,14,,14,775,,,CL,,ñuble,CL_NB
Ñuble,2020-04-30,7,,7,782,,,CL,,ñuble,CL_NB
Ñuble,2020-05-02,10,,10,792,,,CL,,ñuble,CL_NB
Ñuble,2020-05-03,10,,10,802,,,CL,,ñuble,CL_NB
Ñuble,2020-05-04,2,,2,804,,,CL,,ñuble,CL_NB
Ñuble,2020-05-05,2,,2,806,,,CL,,ñuble,CL_NB
Ñuble,2020-05-06,2,,2,808,,,CL,,ñuble,CL_NB
Ñuble,2020-05-07,2,,2,810,,,CL,,ñuble,CL_NB
Ñuble,2020-05-08,2,,2,812,,,CL,,ñuble,CL_NB
Ñuble,2020-05-09,7,,7,819,,,CL,,ñuble,CL_NB
Ñuble,2020-05-10,11,,11,830,,,CL,,ñuble,CL_NB
Ñuble,2020-05-11,2,,2,832,,,CL,,ñuble,CL_NB
Ñuble,2020-05-12,13,,13,845,,,CL,,ñuble,CL_NB
Ñuble,2020-05-13,13,,13,858,,,CL,,ñuble,CL_NB
Ñuble,2020-05-14,11,,11,869,,,CL,,ñuble,CL_NB
Ñuble,2020-05-15,36,,36,905,,,CL,,ñuble,CL_NB
Ñuble,2020-05-16,36,,36,941,,,CL,,ñuble,CL_NB
Ñuble,2020-05-17,21,,21,962,,,CL,,ñuble,CL_NB
Ñuble,2020-05-18,44,,44,1006,,,CL,,ñuble,CL_NB
Ñuble,2020-05-19,3,,3,1009,,,CL,,ñuble,CL_NB
Ñuble,2020-05-20,23,,23,1032,,,CL,,ñuble,CL_NB
Ñuble,2020-05-21,9,,9,1041,,,CL,,ñuble,CL_NB
Ñuble,2020-05-22,5,,5,1046,,,CL,,ñuble,CL_NB
Ñuble,2020-05-23,52,,52,1098,,,CL,,ñuble,CL_NB
Ñuble,2020-05-24,25,,25,1123,,,CL,,ñuble,CL_NB
Ñuble,2020-05-25,38,,38,1161,,,CL,,ñuble,CL_NB
Ñuble,2020-05-26,8,,8,1169,,,CL,,ñuble,CL_NB
Ñuble,2020-05-27,27,,27,1196,,,CL,,ñuble,CL_NB
Ñuble,2020-05-28,31,,31,1227,,,CL,,ñuble,CL_NB
Ñuble,2020-05-29,37,,37,1264,,,CL,,ñuble,CL_NB
Ñuble,2020-05-30,15,,15,1279,,,CL,,ñuble,CL_NB
Ñuble,2020-05-31,1,,1,1280,,,CL,,ñuble,CL_NB
Ñuble,2020-06-01,33,,33,1313,,,CL,,ñuble,CL_NB
Ñuble,2020-06-03,40,,40,1353,,,CL,,ñuble,CL_NB
Ñuble,2020-06-04,43,,43,1396,,,CL,,ñuble,CL_NB
Ñuble,2020-06-05,57,,57,1453,,,CL,,ñuble,CL_NB
Ñuble,2020-06-06,41,,41,1494,,,CL,,ñuble,CL_NB
Ñuble,2020-06-07,21,,21,1515,,,CL,,ñuble,CL_NB
Ñuble,2020-06-08,62,,62,1577,,,CL,,ñuble,CL_NB
Ñuble,2020-06-09,32,,32,1609,,,CL,,ñuble,CL_NB
Ñuble,2020-06-10,34,,34,1643,,,CL,,ñuble,CL_NB
Ñuble,2020-06-11,57,,57,1700,,,CL,,ñuble,CL_NB
Ñuble,2020-06-12,45,,45,1745,,,CL,,ñuble,CL_NB
Ñuble,2020-06-13,21,,21,1766,,,CL,,ñuble,CL_NB
Ñuble,2020-06-14,41,,41,1807,,,CL,,ñuble,CL_NB
Ñuble,2020-06-15,54,,54,1861,,,CL,,ñuble,CL_NB
Ñuble,2020-06-16,20,,20,1881,,,CL,,ñuble,CL_NB
Ñuble,2020-06-17,55,,55,1936,,,CL,,ñuble,CL_NB
Ñuble,2020-06-18,45,,45,1981,,,CL,,ñuble,CL_NB
Antofagasta,2020-03-14,2,,2,2,,,CL,,antofagasta,CL_AN
Antofagasta,2020-03-20,4,,4,6,,,CL,,antofagasta,CL_AN
Antofagasta,2020-03-21,4,,4,10,,,CL,,antofagasta,CL_AN
Antofagasta,2020-03-22,1,,1,11,,,CL,,antofagasta,CL_AN
Antofagasta,2020-03-24,2,,2,13,,,CL,,antofagasta,CL_AN
Antofagasta,2020-03-25,6,,6,19,,,CL,,antofagasta,CL_AN
Antofagasta,2020-03-26,1,,1,20,,,CL,,antofagasta,CL_AN
Antofagasta,2020-03-27,1,,1,21,,,CL,,antofagasta,CL_AN
Antofagasta,2020-03-28,4,,4,25,,,CL,,antofagasta,CL_AN
Antofagasta,2020-03-29,2,,2,27,,,CL,,antofagasta,CL_AN
Antofagasta,2020-03-30,8,,8,35,,,CL,,antofagasta,CL_AN
Antofagasta,2020-04-01,4,,4,39,,,CL,,antofagasta,CL_AN
Antofagasta,2020-04-02,8,,8,47,,,CL,,antofagasta,CL_AN
Antofagasta,2020-04-03,7,,7,54,,,CL,,antofagasta,CL_AN
Antofagasta,2020-04-04,1,,1,55,,,CL,,antofagasta,CL_AN
Antofagasta,2020-04-05,5,,5,60,,,CL,,antofagasta,CL_AN
Antofagasta,2020-04-06,8,,8,68,,,CL,,antofagasta,CL_AN
Antofagasta,2020-04-07,2,,2,70,,,CL,,antofagasta,CL_AN
Antofagasta,2020-04-08,8,,8,78,,,CL,,antofagasta,CL_AN
Antofagasta,2020-04-09,15,,15,93,,,CL,,antofagasta,CL_AN
Antofagasta,2020-04-10,18,,18,111,,,CL,,antofagasta,CL_AN
Antofagasta,2020-04-11,7,,7,118,,,CL,,antofagasta,CL_AN
Antofagasta,2020-04-12,21,,21,139,,,CL,,antofagasta,CL_AN
Antofagasta,2020-04-13,11,,11,150,,,CL,,antofagasta,CL_AN
Antofagasta,2020-04-14,6,,6,156,,,CL,,antofagasta,CL_AN
Antofagasta,2020-04-15,21,,21,177,,,CL,,antofagasta,CL_AN
Antofagasta,2020-04-16,16,,16,193,,,CL,,antofagasta,CL_AN
Antofagasta,2020-04-17,19,,19,212,,,CL,,antofagasta,CL_AN
Antofagasta,2020-04-18,15,,15,227,,,CL,,antofagasta,CL_AN
Antofagasta,2020-04-19,23,,23,250,,,CL,,antofagasta,CL_AN
Antofagasta,2020-04-20,14,,14,264,,,CL,,antofagasta,CL_AN
Antofagasta,2020-04-21,28,,28,292,,,CL,,antofagasta,CL_AN
Antofagasta,2020-04-22,36,,36,328,,,CL,,antofagasta,CL_AN
Antofagasta,2020-04-23,14,,14,342,,,CL,,antofagasta,CL_AN
Antofagasta,2020-04-24,26,,26,368,,,CL,,antofagasta,CL_AN
Antofagasta,2020-04-25,26,,26,394,,,CL,,antofagasta,CL_AN
Antofagasta,2020-04-26,53,,53,447,,,CL,,antofagasta,CL_AN
Antofagasta,2020-04-27,14,,14,461,,,CL,,antofagasta,CL_AN
Antofagasta,2020-04-28,24,,24,485,,,CL,,antofagasta,CL_AN
Antofagasta,2020-04-29,33,,33,518,,,CL,,antofagasta,CL_AN
Antofagasta,2020-04-30,33,,33,551,,,CL,,antofagasta,CL_AN
Antofagasta,2020-05-01,45,,45,596,,,CL,,antofagasta,CL_AN
Antofagasta,2020-05-02,90,,90,686,,,CL,,antofagasta,CL_AN
Antofagasta,2020-05-03,61,,61,747,,,CL,,antofagasta,CL_AN
Antofagasta,2020-05-04,20,,20,767,,,CL,,antofagasta,CL_AN
Antofagasta,2020-05-05,51,,51,818,,,CL,,antofagasta,CL_AN
Antofagasta,2020-05-06,44,,44,862,,,CL,,antofagasta,CL_AN
Antofagasta,2020-05-07,40,,40,902,,,CL,,antofagasta,CL_AN
Antofagasta,2020-05-08,30,,30,932,,,CL,,antofagasta,CL_AN
Antofagasta,2020-05-09,25,,25,957,,,CL,,antofagasta,CL_AN
Antofagasta,2020-05-10,31,,31,988,,,CL,,antofagasta,CL_AN
Antofagasta,2020-05-11,36,,36,1024,,,CL,,antofagasta,CL_AN
Antofagasta,2020-05-12,95,,95,1119,,,CL,,antofagasta,CL_AN
Antofagasta,2020-05-13,108,,108,1227,,,CL,,antofagasta,CL_AN
Antofagasta,2020-05-14,61,,61,1288,,,CL,,antofagasta,CL_AN
Antofagasta,2020-05-15,55,,55,1343,,,CL,,antofagasta,CL_AN
Antofagasta,2020-05-16,98,,98,1441,,,CL,,antofagasta,CL_AN
Antofagasta,2020-05-17,77,,77,1518,,,CL,,antofagasta,CL_AN
Antofagasta,2020-05-18,85,,85,1603,,,CL,,antofagasta,CL_AN
Antofagasta,2020-05-19,61,,61,1664,,,CL,,antofagasta,CL_AN
Antofagasta,2020-05-20,84,,84,1748,,,CL,,antofagasta,CL_AN
Antofagasta,2020-05-21,47,,47,1795,,,CL,,antofagasta,CL_AN
Antofagasta,2020-05-22,63,,63,1858,,,CL,,antofagasta,CL_AN
Antofagasta,2020-05-23,60,,60,1918,,,CL,,antofagasta,CL_AN
Antofagasta,2020-05-24,50,,50,1968,,,CL,,antofagasta,CL_AN
Antofagasta,2020-05-25,68,,68,2036,,,CL,,antofagasta,CL_AN
Antofagasta,2020-05-26,50,,50,2086,,,CL,,antofagasta,CL_AN
Antofagasta,2020-05-27,76,,76,2162,,,CL,,antofagasta,CL_AN
Antofagasta,2020-05-28,114,,114,2276,,,CL,,antofagasta,CL_AN
Antofagasta,2020-05-29,70,,70,2346,,,CL,,antofagasta,CL_AN
Antofagasta,2020-05-30,112,,112,2458,,,CL,,antofagasta,CL_AN
Antofagasta,2020-05-31,83,,83,2541,,,CL,,antofagasta,CL_AN
Antofagasta,2020-06-01,76,,76,2617,,,CL,,antofagasta,CL_AN
Antofagasta,2020-06-02,66,,66,2683,,,CL,,antofagasta,CL_AN
Antofagasta,2020-06-03,69,,69,2752,,,CL,,antofagasta,CL_AN
Antofagasta,2020-06-04,148,,148,2900,,,CL,,antofagasta,CL_AN
Antofagasta,2020-06-05,66,,66,2966,,,CL,,antofagasta,CL_AN
Antofagasta,2020-06-06,114,,114,3080,,,CL,,antofagasta,CL_AN
Antofagasta,2020-06-07,121,,121,3201,,,CL,,antofagasta,CL_AN
Antofagasta,2020-06-08,92,,92,3293,,,CL,,antofagasta,CL_AN
Antofagasta,2020-06-09,157,,157,3450,,,CL,,antofagasta,CL_AN
Antofagasta,2020-06-10,168,,168,3618,,,CL,,antofagasta,CL_AN
Antofagasta,2020-06-11,195,,195,3813,,,CL,,antofagasta,CL_AN
Antofagasta,2020-06-12,140,,140,3953,,,CL,,antofagasta,CL_AN
Antofagasta,2020-06-13,155,,155,4108,,,CL,,antofagasta,CL_AN
Antofagasta,2020-06-14,253,,253,4361,,,CL,,antofagasta,CL_AN
Antofagasta,2020-06-15,270,,270,4631,,,CL,,antofagasta,CL_AN
Antofagasta,2020-06-16,87,,87,4718,,,CL,,antofagasta,CL_AN
Antofagasta,2020-06-17,135,,135,4853,,,CL,,antofagasta,CL_AN
Antofagasta,2020-06-18,293,,293,5146,,,CL,,antofagasta,CL_AN
Atacama,2020-03-14,1,,1,1,,,CL,,atacama,CL_AT
Atacama,2020-03-29,1,,1,2,,,CL,,atacama,CL_AT
Atacama,2020-04-01,1,,1,3,,,CL,,atacama,CL_AT
Atacama,2020-04-03,2,,2,5,,,CL,,atacama,CL_AT
Atacama,2020-04-07,1,,1,6,,,CL,,atacama,CL_AT
Atacama,2020-04-08,2,,2,8,,,CL,,atacama,CL_AT
Atacama,2020-04-09,2,,2,10,,,CL,,atacama,CL_AT
Atacama,2020-04-10,3,,3,13,,,CL,,atacama,CL_AT
Atacama,2020-04-23,5,,5,18,,,CL,,atacama,CL_AT
Atacama,2020-04-24,3,,3,21,,,CL,,atacama,CL_AT
Atacama,2020-04-25,3,,3,24,,,CL,,atacama,CL_AT
Atacama,2020-04-26,5,,5,29,,,CL,,atacama,CL_AT
Atacama,2020-04-27,6,,6,35,,,CL,,atacama,CL_AT
Atacama,2020-04-29,7,,7,42,,,CL,,atacama,CL_AT
Atacama,2020-04-30,1,,1,43,,,CL,,atacama,CL_AT
Atacama,2020-05-02,16,,16,59,,,CL,,atacama,CL_AT
Atacama,2020-05-03,8,,8,67,,,CL,,atacama,CL_AT
Atacama,2020-05-04,3,,3,70,,,CL,,atacama,CL_AT
Atacama,2020-05-05,8,,8,78,,,CL,,atacama,CL_AT
Atacama,2020-05-06,2,,2,80,,,CL,,atacama,CL_AT
Atacama,2020-05-07,7,,7,87,,,CL,,atacama,CL_AT
Atacama,2020-05-08,1,,1,88,,,CL,,atacama,CL_AT
Atacama,2020-05-09,29,,29,117,,,CL,,atacama,CL_AT
Atacama,2020-05-10,7,,7,124,,,CL,,atacama,CL_AT
Atacama,2020-05-11,9,,9,133,,,CL,,atacama,CL_AT
Atacama,2020-05-12,1,,1,134,,,CL,,atacama,CL_AT
Atacama,2020-05-13,5,,5,139,,,CL,,atacama,CL_AT
Atacama,2020-05-14,1,,1,140,,,CL,,atacama,CL_AT
Atacama,2020-05-15,3,,3,143,,,CL,,atacama,CL_AT
Atacama,2020-05-16,3,,3,146,,,CL,,atacama,CL_AT
Atacama,2020-05-17,3,,3,149,,,CL,,atacama,CL_AT
Atacama,2020-05-18,8,,8,157,,,CL,,atacama,CL_AT
Atacama,2020-05-19,1,,1,158,,,CL,,atacama,CL_AT
Atacama,2020-05-20,5,,5,163,,,CL,,atacama,CL_AT
Atacama,2020-05-21,5,,5,168,,,CL,,atacama,CL_AT
Atacama,2020-05-22,7,,7,175,,,CL,,atacama,CL_AT
Atacama,2020-05-23,7,,7,182,,,CL,,atacama,CL_AT
Atacama,2020-05-25,3,,3,185,,,CL,,atacama,CL_AT
Atacama,2020-05-26,3,,3,188,,,CL,,atacama,CL_AT
Atacama,2020-05-27,9,,9,197,,,CL,,atacama,CL_AT
Atacama,2020-05-28,5,,5,202,,,CL,,atacama,CL_AT
Atacama,2020-05-29,5,,5,207,,,CL,,atacama,CL_AT
Atacama,2020-05-30,8,,8,215,,,CL,,atacama,CL_AT
Atacama,2020-05-31,3,,3,218,,,CL,,atacama,CL_AT
Atacama,2020-06-01,14,,14,232,,,CL,,atacama,CL_AT
Atacama,2020-06-02,4,,4,236,,,CL,,atacama,CL_AT
Atacama,2020-06-03,6,,6,242,,,CL,,atacama,CL_AT
Atacama,2020-06-04,16,,16,258,,,CL,,atacama,CL_AT
Atacama,2020-06-05,11,,11,269,,,CL,,atacama,CL_AT
Atacama,2020-06-06,12,,12,281,,,CL,,atacama,CL_AT
Atacama,2020-06-07,25,,25,306,,,CL,,atacama,CL_AT
Atacama,2020-06-08,33,,33,339,,,CL,,atacama,CL_AT
Atacama,2020-06-09,9,,9,348,,,CL,,atacama,CL_AT
Atacama,2020-06-10,17,,17,365,,,CL,,atacama,CL_AT
Atacama,2020-06-11,24,,24,389,,,CL,,atacama,CL_AT
Atacama,2020-06-12,24,,24,413,,,CL,,atacama,CL_AT
Atacama,2020-06-13,23,,23,436,,,CL,,atacama,CL_AT
Atacama,2020-06-14,12,,12,448,,,CL,,atacama,CL_AT
Atacama,2020-06-15,36,,36,484,,,CL,,atacama,CL_AT
Atacama,2020-06-16,18,,18,502,,,CL,,atacama,CL_AT
Atacama,2020-06-17,49,,49,551,,,CL,,atacama,CL_AT
Atacama,2020-06-18,25,,25,576,,,CL,,atacama,CL_AT
Aysén,2020-03-14,1,,1,1,,,CL,,aysén,CL_AI
Aysén,2020-03-26,1,,1,2,,,CL,,aysén,CL_AI
Aysén,2020-04-01,1,,1,3,,,CL,,aysén,CL_AI
Aysén,2020-04-02,2,,2,5,,,CL,,aysén,CL_AI
Aysén,2020-04-03,1,,1,6,,,CL,,aysén,CL_AI
Aysén,2020-04-05,1,,1,7,,,CL,,aysén,CL_AI
Aysén,2020-05-07,1,,1,8,,,CL,,aysén,CL_AI
Aysén,2020-05-25,2,,2,10,,,CL,,aysén,CL_AI
Aysén,2020-05-26,2,,2,12,,,CL,,aysén,CL_AI
Aysén,2020-05-28,2,,2,14,,,CL,,aysén,CL_AI
Aysén,2020-05-29,2,,2,16,,,CL,,aysén,CL_AI
Aysén,2020-05-31,1,,1,17,,,CL,,aysén,CL_AI
Aysén,2020-06-02,1,,1,18,,,CL,,aysén,CL_AI
Aysén,2020-06-04,1,,1,19,,,CL,,aysén,CL_AI
Aysén,2020-06-07,1,,1,20,,,CL,,aysén,CL_AI
Aysén,2020-06-08,1,,1,21,,,CL,,aysén,CL_AI
Aysén,2020-06-11,1,,1,22,,,CL,,aysén,CL_AI
Aysén,2020-06-13,2,,2,24,,,CL,,aysén,CL_AI
Aysén,2020-06-15,2,,2,26,,,CL,,aysén,CL_AI
Araucanía,2020-03-16,1,,1,1,,,CL,,araucanía,CL_AR
Araucanía,2020-03-18,3,,3,4,,,CL,,araucanía,CL_AR
Araucanía,2020-03-19,3,,3,7,,,CL,,araucanía,CL_AR
Araucanía,2020-03-20,2,,2,9,,,CL,,araucanía,CL_AR
Araucanía,2020-03-21,6,,6,15,,,CL,,araucanía,CL_AR
Araucanía,2020-03-22,12,,12,27,,,CL,,araucanía,CL_AR
Araucanía,2020-03-23,13,,13,40,,,CL,,araucanía,CL_AR
Araucanía,2020-03-24,19,,19,59,,,CL,,araucanía,CL_AR
Araucanía,2020-03-25,15,,15,74,,,CL,,araucanía,CL_AR
Araucanía,2020-03-26,37,,37,111,,,CL,,araucanía,CL_AR
Araucanía,2020-03-27,32,,32,143,,,CL,,araucanía,CL_AR
Araucanía,2020-03-28,35,,35,178,,,CL,,araucanía,CL_AR
Araucanía,2020-03-29,29,,29,207,,,CL,,araucanía,CL_AR
Araucanía,2020-03-30,42,,42,249,,,CL,,araucanía,CL_AR
Araucanía,2020-03-31,57,,57,306,,,CL,,araucanía,CL_AR
Araucanía,2020-04-01,43,,43,349,,,CL,,araucanía,CL_AR
Araucanía,2020-04-02,47,,47,396,,,CL,,araucanía,CL_AR
Araucanía,2020-04-03,43,,43,439,,,CL,,araucanía,CL_AR
Araucanía,2020-04-04,47,,47,486,,,CL,,araucanía,CL_AR
Araucanía,2020-04-05,36,,36,522,,,CL,,araucanía,CL_AR
Araucanía,2020-04-06,54,,54,576,,,CL,,araucanía,CL_AR
Araucanía,2020-04-07,50,,50,626,,,CL,,araucanía,CL_AR
Araucanía,2020-04-08,58,,58,684,,,CL,,araucanía,CL_AR
Araucanía,2020-04-09,21,,21,705,,,CL,,araucanía,CL_AR
Araucanía,2020-04-10,23,,23,728,,,CL,,araucanía,CL_AR
Araucanía,2020-04-11,28,,28,756,,,CL,,araucanía,CL_AR
Araucanía,2020-04-12,36,,36,792,,,CL,,araucanía,CL_AR
Araucanía,2020-04-13,20,,20,812,,,CL,,araucanía,CL_AR
Araucanía,2020-04-14,24,,24,836,,,CL,,araucanía,CL_AR
Araucanía,2020-04-15,11,,11,847,,,CL,,araucanía,CL_AR
Araucanía,2020-04-16,56,,56,903,,,CL,,araucanía,CL_AR
Araucanía,2020-04-17,26,,26,929,,,CL,,araucanía,CL_AR
Araucanía,2020-04-18,38,,38,967,,,CL,,araucanía,CL_AR
Araucanía,2020-04-19,28,,28,995,,,CL,,araucanía,CL_AR
Araucanía,2020-04-20,73,,73,1068,,,CL,,araucanía,CL_AR
Araucanía,2020-04-21,49,,49,1117,,,CL,,araucanía,CL_AR
Araucanía,2020-04-22,22,,22,1139,,,CL,,araucanía,CL_AR
Araucanía,2020-04-23,29,,29,1168,,,CL,,araucanía,CL_AR
Araucanía,2020-04-24,42,,42,1210,,,CL,,araucanía,CL_AR
Araucanía,2020-04-25,20,,20,1230,,,CL,,araucanía,CL_AR
Araucanía,2020-04-26,15,,15,1245,,,CL,,araucanía,CL_AR
Araucanía,2020-04-27,23,,23,1268,,,CL,,araucanía,CL_AR
Araucanía,2020-04-28,15,,15,1283,,,CL,,araucanía,CL_AR
Araucanía,2020-04-29,22,,22,1305,,,CL,,araucanía,CL_AR
Araucanía,2020-04-30,23,,23,1328,,,CL,,araucanía,CL_AR
Araucanía,2020-05-01,3,,3,1331,,,CL,,araucanía,CL_AR
Araucanía,2020-05-02,19,,19,1350,,,CL,,araucanía,CL_AR
Araucanía,2020-05-03,14,,14,1364,,,CL,,araucanía,CL_AR
Araucanía,2020-05-04,3,,3,1367,,,CL,,araucanía,CL_AR
Araucanía,2020-05-05,21,,21,1388,,,CL,,araucanía,CL_AR
Araucanía,2020-05-06,10,,10,1398,,,CL,,araucanía,CL_AR
Araucanía,2020-05-07,23,,23,1421,,,CL,,araucanía,CL_AR
Araucanía,2020-05-08,18,,18,1439,,,CL,,araucanía,CL_AR
Araucanía,2020-05-09,15,,15,1454,,,CL,,araucanía,CL_AR
Araucanía,2020-05-10,37,,37,1491,,,CL,,araucanía,CL_AR
Araucanía,2020-05-11,13,,13,1504,,,CL,,araucanía,CL_AR
Araucanía,2020-05-12,17,,17,1521,,,CL,,araucanía,CL_AR
Araucanía,2020-05-13,13,,13,1534,,,CL,,araucanía,CL_AR
Araucanía,2020-05-14,43,,43,1577,,,CL,,araucanía,CL_AR
Araucanía,2020-05-15,30,,30,1607,,,CL,,araucanía,CL_AR
Araucanía,2020-05-16,23,,23,1630,,,CL,,araucanía,CL_AR
Araucanía,2020-05-17,20,,20,1650,,,CL,,araucanía,CL_AR
Araucanía,2020-05-18,33,,33,1683,,,CL,,araucanía,CL_AR
Araucanía,2020-05-19,27,,27,1710,,,CL,,araucanía,CL_AR
Araucanía,2020-05-20,14,,14,1724,,,CL,,araucanía,CL_AR
Araucanía,2020-05-21,35,,35,1759,,,CL,,araucanía,CL_AR
Araucanía,2020-05-22,23,,23,1782,,,CL,,araucanía,CL_AR
Araucanía,2020-05-23,37,,37,1819,,,CL,,araucanía,CL_AR
Araucanía,2020-05-24,34,,34,1853,,,CL,,araucanía,CL_AR
Araucanía,2020-05-25,49,,49,1902,,,CL,,araucanía,CL_AR
Araucanía,2020-05-26,26,,26,1928,,,CL,,araucanía,CL_AR
Araucanía,2020-05-27,33,,33,1961,,,CL,,araucanía,CL_AR
Araucanía,2020-05-28,38,,38,1999,,,CL,,araucanía,CL_AR
Araucanía,2020-05-29,37,,37,2036,,,CL,,araucanía,CL_AR
Araucanía,2020-05-30,71,,71,2107,,,CL,,araucanía,CL_AR
Araucanía,2020-05-31,11,,11,2118,,,CL,,araucanía,CL_AR
Araucanía,2020-06-01,40,,40,2158,,,CL,,araucanía,CL_AR
Araucanía,2020-06-02,30,,30,2188,,,CL,,araucanía,CL_AR
Araucanía,2020-06-03,32,,32,2220,,,CL,,araucanía,CL_AR
Araucanía,2020-06-04,9,,9,2229,,,CL,,araucanía,CL_AR
Araucanía,2020-06-05,107,,107,2336,,,CL,,araucanía,CL_AR
Araucanía,2020-06-06,34,,34,2370,,,CL,,araucanía,CL_AR
Araucanía,2020-06-07,57,,57,2427,,,CL,,araucanía,CL_AR
Araucanía,2020-06-08,34,,34,2461,,,CL,,araucanía,CL_AR
Araucanía,2020-06-09,35,,35,2496,,,CL,,araucanía,CL_AR
Araucanía,2020-06-10,44,,44,2540,,,CL,,araucanía,CL_AR
Araucanía,2020-06-11,48,,48,2588,,,CL,,araucanía,CL_AR
Araucanía,2020-06-12,45,,45,2633,,,CL,,araucanía,CL_AR
Araucanía,2020-06-13,67,,67,2700,,,CL,,araucanía,CL_AR
Araucanía,2020-06-14,30,,30,2730,,,CL,,araucanía,CL_AR
Araucanía,2020-06-15,53,,53,2783,,,CL,,araucanía,CL_AR
Araucanía,2020-06-16,47,,47,2830,,,CL,,araucanía,CL_AR
Araucanía,2020-06-17,19,,19,2849,,,CL,,araucanía,CL_AR
Araucanía,2020-06-18,50,,50,2899,,,CL,,araucanía,CL_AR
Los Ríos,2020-03-16,1,,1,1,,,CL,,los ríos,CL_LR
Los Ríos,2020-03-23,3,,3,4,,,CL,,los ríos,CL_LR
Los Ríos,2020-03-24,2,,2,6,,,CL,,los ríos,CL_LR
Los Ríos,2020-03-25,5,,5,11,,,CL,,los ríos,CL_LR
Los Ríos,2020-03-26,3,,3,14,,,CL,,los ríos,CL_LR
Los Ríos,2020-03-27,8,,8,22,,,CL,,los ríos,CL_LR
Los Ríos,2020-03-28,5,,5,27,,,CL,,los ríos,CL_LR
Los Ríos,2020-03-29,13,,13,40,,,CL,,los ríos,CL_LR
Los Ríos,2020-03-30,7,,7,47,,,CL,,los ríos,CL_LR
Los Ríos,2020-03-31,11,,11,58,,,CL,,los ríos,CL_LR
Los Ríos,2020-04-01,7,,7,65,,,CL,,los ríos,CL_LR
Los Ríos,2020-04-02,4,,4,69,,,CL,,los ríos,CL_LR
Los Ríos,2020-04-03,10,,10,79,,,CL,,los ríos,CL_LR
Los Ríos,2020-04-04,11,,11,90,,,CL,,los ríos,CL_LR
Los Ríos,2020-04-05,10,,10,100,,,CL,,los ríos,CL_LR
Los Ríos,2020-04-06,5,,5,105,,,CL,,los ríos,CL_LR
Los Ríos,2020-04-07,6,,6,111,,,CL,,los ríos,CL_LR
Los Ríos,2020-04-08,5,,5,116,,,CL,,los ríos,CL_LR
Los Ríos,2020-04-09,4,,4,120,,,CL,,los ríos,CL_LR
Los Ríos,2020-04-10,6,,6,126,,,CL,,los ríos,CL_LR
Los Ríos,2020-04-11,6,,6,132,,,CL,,los ríos,CL_LR
Los Ríos,2020-04-12,6,,6,138,,,CL,,los ríos,CL_LR
Los Ríos,2020-04-13,3,,3,141,,,CL,,los ríos,CL_LR
Los Ríos,2020-04-14,10,,10,151,,,CL,,los ríos,CL_LR
Los Ríos,2020-04-15,2,,2,153,,,CL,,los ríos,CL_LR
Los Ríos,2020-04-16,3,,3,156,,,CL,,los ríos,CL_LR
Los Ríos,2020-04-17,1,,1,157,,,CL,,los ríos,CL_LR
Los Ríos,2020-04-18,2,,2,159,,,CL,,los ríos,CL_LR
Los Ríos,2020-04-19,1,,1,160,,,CL,,los ríos,CL_LR
Los Ríos,2020-04-20,5,,5,165,,,CL,,los ríos,CL_LR
Los Ríos,2020-04-21,5,,5,170,,,CL,,los ríos,CL_LR
Los Ríos,2020-04-22,4,,4,174,,,CL,,los ríos,CL_LR
Los Ríos,2020-04-23,2,,2,176,,,CL,,los ríos,CL_LR
Los Ríos,2020-04-24,1,,1,177,,,CL,,los ríos,CL_LR
Los Ríos,2020-04-25,3,,3,180,,,CL,,los ríos,CL_LR
Los Ríos,2020-04-26,1,,1,181,,,CL,,los ríos,CL_LR
Los Ríos,2020-04-27,2,,2,183,,,CL,,los ríos,CL_LR
Los Ríos,2020-04-28,1,,1,184,,,CL,,los ríos,CL_LR
Los Ríos,2020-04-29,2,,2,186,,,CL,,los ríos,CL_LR
Los Ríos,2020-04-30,7,,7,193,,,CL,,los ríos,CL_LR
Los Ríos,2020-05-02,7,,7,200,,,CL,,los ríos,CL_LR
Los Ríos,2020-05-03,2,,2,202,,,CL,,los ríos,CL_LR
Los Ríos,2020-05-04,1,,1,203,,,CL,,los ríos,CL_LR
Los Ríos,2020-05-06,1,,1,204,,,CL,,los ríos,CL_LR
Los Ríos,2020-05-07,2,,2,206,,,CL,,los ríos,CL_LR
Los Ríos,2020-05-08,1,,1,207,,,CL,,los ríos,CL_LR
Los Ríos,2020-05-09,4,,4,211,,,CL,,los ríos,CL_LR
Los Ríos,2020-05-11,2,,2,213,,,CL,,los ríos,CL_LR
Los Ríos,2020-05-12,3,,3,216,,,CL,,los ríos,CL_LR
Los Ríos,2020-05-13,2,,2,218,,,CL,,los ríos,CL_LR
Los Ríos,2020-05-14,2,,2,220,,,CL,,los ríos,CL_LR
Los Ríos,2020-05-15,5,,5,225,,,CL,,los ríos,CL_LR
Los Ríos,2020-05-17,1,,1,226,,,CL,,los ríos,CL_LR
Los Ríos,2020-05-18,4,,4,230,,,CL,,los ríos,CL_LR
Los Ríos,2020-05-19,5,,5,235,,,CL,,los ríos,CL_LR
Los Ríos,2020-05-20,18,,18,253,,,CL,,los ríos,CL_LR
Los Ríos,2020-05-21,11,,11,264,,,CL,,los ríos,CL_LR
Los Ríos,2020-05-22,4,,4,268,,,CL,,los ríos,CL_LR
Los Ríos,2020-05-23,12,,12,280,,,CL,,los ríos,CL_LR
Los Ríos,2020-05-24,16,,16,296,,,CL,,los ríos,CL_LR
Los Ríos,2020-05-25,7,,7,303,,,CL,,los ríos,CL_LR
Los Ríos,2020-05-26,7,,7,310,,,CL,,los ríos,CL_LR
Los Ríos,2020-05-27,5,,5,315,,,CL,,los ríos,CL_LR
Los Ríos,2020-05-28,9,,9,324,,,CL,,los ríos,CL_LR
Los Ríos,2020-05-29,12,,12,336,,,CL,,los ríos,CL_LR
Los Ríos,2020-05-30,15,,15,351,,,CL,,los ríos,CL_LR
Los Ríos,2020-05-31,11,,11,362,,,CL,,los ríos,CL_LR
Los Ríos,2020-06-01,8,,8,370,,,CL,,los ríos,CL_LR
Los Ríos,2020-06-02,5,,5,375,,,CL,,los ríos,CL_LR
Los Ríos,2020-06-03,5,,5,380,,,CL,,los ríos,CL_LR
Los Ríos,2020-06-04,7,,7,387,,,CL,,los ríos,CL_LR
Los Ríos,2020-06-05,11,,11,398,,,CL,,los ríos,CL_LR
Los Ríos,2020-06-06,10,,10,408,,,CL,,los ríos,CL_LR
Los Ríos,2020-06-07,17,,17,425,,,CL,,los ríos,CL_LR
Los Ríos,2020-06-08,8,,8,433,,,CL,,los ríos,CL_LR
Los Ríos,2020-06-09,21,,21,454,,,CL,,los ríos,CL_LR
Los Ríos,2020-06-10,6,,6,460,,,CL,,los ríos,CL_LR
Los Ríos,2020-06-11,10,,10,470,,,CL,,los ríos,CL_LR
Los Ríos,2020-06-12,18,,18,488,,,CL,,los ríos,CL_LR
Los Ríos,2020-06-13,8,,8,496,,,CL,,los ríos,CL_LR
Los Ríos,2020-06-14,10,,10,506,,,CL,,los ríos,CL_LR
Los Ríos,2020-06-15,32,,32,538,,,CL,,los ríos,CL_LR
Los Ríos,2020-06-16,4,,4,542,,,CL,,los ríos,CL_LR
Los Ríos,2020-06-17,9,,9,551,,,CL,,los ríos,CL_LR
Los Ríos,2020-06-18,12,,12,563,,,CL,,los ríos,CL_LR
Valparaíso,2020-03-16,1,,1,1,,,CL,,valparaíso,CL_VS
Valparaíso,2020-03-19,3,,3,4,,,CL,,valparaíso,CL_VS
Valparaíso,2020-03-20,1,,1,5,,,CL,,valparaíso,CL_VS
Valparaíso,2020-03-21,8,,8,13,,,CL,,valparaíso,CL_VS
Valparaíso,2020-03-22,3,,3,16,,,CL,,valparaíso,CL_VS
Valparaíso,2020-03-23,3,,3,19,,,CL,,valparaíso,CL_VS
Valparaíso,2020-03-24,6,,6,25,,,CL,,valparaíso,CL_VS
Valparaíso,2020-03-25,7,,7,32,,,CL,,valparaíso,CL_VS
Valparaíso,2020-03-26,12,,12,44,,,CL,,valparaíso,CL_VS
Valparaíso,2020-03-27,5,,5,49,,,CL,,valparaíso,CL_VS
Valparaíso,2020-03-28,22,,22,71,,,CL,,valparaíso,CL_VS
Valparaíso,2020-03-29,9,,9,80,,,CL,,valparaíso,CL_VS
Valparaíso,2020-03-30,28,,28,108,,,CL,,valparaíso,CL_VS
Valparaíso,2020-03-31,8,,8,116,,,CL,,valparaíso,CL_VS
Valparaíso,2020-04-01,21,,21,137,,,CL,,valparaíso,CL_VS
Valparaíso,2020-04-02,20,,20,157,,,CL,,valparaíso,CL_VS
Valparaíso,2020-04-03,20,,20,177,,,CL,,valparaíso,CL_VS
Valparaíso,2020-04-04,9,,9,186,,,CL,,valparaíso,CL_VS
Valparaíso,2020-04-05,6,,6,192,,,CL,,valparaíso,CL_VS
Valparaíso,2020-04-06,7,,7,199,,,CL,,valparaíso,CL_VS
Valparaíso,2020-04-07,16,,16,215,,,CL,,valparaíso,CL_VS
Valparaíso,2020-04-08,12,,12,227,,,CL,,valparaíso,CL_VS
Valparaíso,2020-04-09,5,,5,232,,,CL,,valparaíso,CL_VS
Valparaíso,2020-04-10,11,,11,243,,,CL,,valparaíso,CL_VS
Valparaíso,2020-04-11,7,,7,250,,,CL,,valparaíso,CL_VS
Valparaíso,2020-04-12,6,,6,256,,,CL,,valparaíso,CL_VS
Valparaíso,2020-04-13,19,,19,275,,,CL,,valparaíso,CL_VS
Valparaíso,2020-04-14,12,,12,287,,,CL,,valparaíso,CL_VS
Valparaíso,2020-04-15,14,,14,301,,,CL,,valparaíso,CL_VS
Valparaíso,2020-04-16,33,,33,334,,,CL,,valparaíso,CL_VS
Valparaíso,2020-04-17,15,,15,349,,,CL,,valparaíso,CL_VS
Valparaíso,2020-04-18,14,,14,363,,,CL,,valparaíso,CL_VS
Valparaíso,2020-04-19,23,,23,386,,,CL,,valparaíso,CL_VS
Valparaíso,2020-04-20,7,,7,393,,,CL,,valparaíso,CL_VS
Valparaíso,2020-04-21,16,,16,409,,,CL,,valparaíso,CL_VS
Valparaíso,2020-04-22,19,,19,428,,,CL,,valparaíso,CL_VS
Valparaíso,2020-04-23,8,,8,436,,,CL,,valparaíso,CL_VS
Valparaíso,2020-04-24,8,,8,444,,,CL,,valparaíso,CL_VS
Valparaíso,2020-04-25,19,,19,463,,,CL,,valparaíso,CL_VS
Valparaíso,2020-04-26,6,,6,469,,,CL,,valparaíso,CL_VS
Valparaíso,2020-04-27,25,,25,494,,,CL,,valparaíso,CL_VS
Valparaíso,2020-04-28,9,,9,503,,,CL,,valparaíso,CL_VS
Valparaíso,2020-04-29,35,,35,538,,,CL,,valparaíso,CL_VS
Valparaíso,2020-04-30,33,,33,571,,,CL,,valparaíso,CL_VS
Valparaíso,2020-05-01,9,,9,580,,,CL,,valparaíso,CL_VS
Valparaíso,2020-05-02,47,,47,627,,,CL,,valparaíso,CL_VS
Valparaíso,2020-05-03,24,,24,651,,,CL,,valparaíso,CL_VS
Valparaíso,2020-05-04,18,,18,669,,,CL,,valparaíso,CL_VS
Valparaíso,2020-05-05,33,,33,702,,,CL,,valparaíso,CL_VS
Valparaíso,2020-05-06,30,,30,732,,,CL,,valparaíso,CL_VS
Valparaíso,2020-05-07,66,,66,798,,,CL,,valparaíso,CL_VS
Valparaíso,2020-05-08,48,,48,846,,,CL,,valparaíso,CL_VS
Valparaíso,2020-05-09,51,,51,897,,,CL,,valparaíso,CL_VS
Valparaíso,2020-05-10,56,,56,953,,,CL,,valparaíso,CL_VS
Valparaíso,2020-05-11,38,,38,991,,,CL,,valparaíso,CL_VS
Valparaíso,2020-05-12,61,,61,1052,,,CL,,valparaíso,CL_VS
Valparaíso,2020-05-13,95,,95,1147,,,CL,,valparaíso,CL_VS
Valparaíso,2020-05-14,91,,91,1238,,,CL,,valparaíso,CL_VS
Valparaíso,2020-05-15,101,,101,1339,,,CL,,valparaíso,CL_VS
Valparaíso,2020-05-16,54,,54,1393,,,CL,,valparaíso,CL_VS
Valparaíso,2020-05-17,110,,110,1503,,,CL,,valparaíso,CL_VS
Valparaíso,2020-05-18,80,,80,1583,,,CL,,valparaíso,CL_VS
Valparaíso,2020-05-19,88,,88,1671,,,CL,,valparaíso,CL_VS
Valparaíso,2020-05-20,134,,134,1805,,,CL,,valparaíso,CL_VS
Valparaíso,2020-05-21,120,,120,1925,,,CL,,valparaíso,CL_VS
Valparaíso,2020-05-22,135,,135,2060,,,CL,,valparaíso,CL_VS
Valparaíso,2020-05-23,100,,100,2160,,,CL,,valparaíso,CL_VS
Valparaíso,2020-05-24,118,,118,2278,,,CL,,valparaíso,CL_VS
Valparaíso,2020-05-25,80,,80,2358,,,CL,,valparaíso,CL_VS
Valparaíso,2020-05-26,154,,154,2512,,,CL,,valparaíso,CL_VS
Valparaíso,2020-05-27,122,,122,2634,,,CL,,valparaíso,CL_VS
Valparaíso,2020-05-28,156,,156,2790,,,CL,,valparaíso,CL_VS
Valparaíso,2020-05-29,113,,113,2903,,,CL,,valparaíso,CL_VS
Valparaíso,2020-05-30,197,,197,3100,,,CL,,valparaíso,CL_VS
Valparaíso,2020-05-31,133,,133,3233,,,CL,,valparaíso,CL_VS
Valparaíso,2020-06-01,185,,185,3418,,,CL,,valparaíso,CL_VS
Valparaíso,2020-06-02,249,,249,3667,,,CL,,valparaíso,CL_VS
Valparaíso,2020-06-03,179,,179,3846,,,CL,,valparaíso,CL_VS
Valparaíso,2020-06-04,249,,249,4095,,,CL,,valparaíso,CL_VS
Valparaíso,2020-06-05,259,,259,4354,,,CL,,valparaíso,CL_VS
Valparaíso,2020-06-06,317,,317,4671,,,CL,,valparaíso,CL_VS
Valparaíso,2020-06-07,284,,284,4955,,,CL,,valparaíso,CL_VS
Valparaíso,2020-06-08,289,,289,5244,,,CL,,valparaíso,CL_VS
Valparaíso,2020-06-09,242,,242,5486,,,CL,,valparaíso,CL_VS
Valparaíso,2020-06-10,237,,237,5723,,,CL,,valparaíso,CL_VS
Valparaíso,2020-06-11,259,,259,5982,,,CL,,valparaíso,CL_VS
Valparaíso,2020-06-12,317,,317,6299,,,CL,,valparaíso,CL_VS
Valparaíso,2020-06-13,358,,358,6657,,,CL,,valparaíso,CL_VS
Valparaíso,2020-06-14,236,,236,6893,,,CL,,valparaíso,CL_VS
Valparaíso,2020-06-15,255,,255,7148,,,CL,,valparaíso,CL_VS
Valparaíso,2020-06-16,250,,250,7398,,,CL,,valparaíso,CL_VS
Valparaíso,2020-06-17,221,,221,7619,,,CL,,valparaíso,CL_VS
Valparaíso,2020-06-18,222,,222,7841,,,CL,,valparaíso,CL_VS
Magallanes,2020-03-17,2,,2,2,,,CL,,magallanes,CL_MA
Magallanes,2020-03-21,1,,1,3,,,CL,,magallanes,CL_MA
Magallanes,2020-03-22,1,,1,4,,,CL,,magallanes,CL_MA
Magallanes,2020-03-23,2,,2,6,,,CL,,magallanes,CL_MA
Magallanes,2020-03-24,2,,2,8,,,CL,,magallanes,CL_MA
Magallanes,2020-03-25,5,,5,13,,,CL,,magallanes,CL_MA
Magallanes,2020-03-26,6,,6,19,,,CL,,magallanes,CL_MA
Magallanes,2020-03-27,3,,3,22,,,CL,,magallanes,CL_MA
Magallanes,2020-03-28,4,,4,26,,,CL,,magallanes,CL_MA
Magallanes,2020-03-29,13,,13,39,,,CL,,magallanes,CL_MA
Magallanes,2020-03-31,24,,24,63,,,CL,,magallanes,CL_MA
Magallanes,2020-04-01,36,,36,99,,,CL,,magallanes,CL_MA
Magallanes,2020-04-02,15,,15,114,,,CL,,magallanes,CL_MA
Magallanes,2020-04-03,43,,43,157,,,CL,,magallanes,CL_MA
Magallanes,2020-04-04,17,,17,174,,,CL,,magallanes,CL_MA
Magallanes,2020-04-05,18,,18,192,,,CL,,magallanes,CL_MA
Magallanes,2020-04-06,31,,31,223,,,CL,,magallanes,CL_MA
Magallanes,2020-04-07,19,,19,242,,,CL,,magallanes,CL_MA
Magallanes,2020-04-08,27,,27,269,,,CL,,magallanes,CL_MA
Magallanes,2020-04-09,20,,20,289,,,CL,,magallanes,CL_MA
Magallanes,2020-04-10,45,,45,334,,,CL,,magallanes,CL_MA
Magallanes,2020-04-11,46,,46,380,,,CL,,magallanes,CL_MA
Magallanes,2020-04-12,20,,20,400,,,CL,,magallanes,CL_MA
Magallanes,2020-04-13,20,,20,420,,,CL,,magallanes,CL_MA
Magallanes,2020-04-14,15,,15,435,,,CL,,magallanes,CL_MA
Magallanes,2020-04-15,15,,15,450,,,CL,,magallanes,CL_MA
Magallanes,2020-04-16,23,,23,473,,,CL,,magallanes,CL_MA
Magallanes,2020-04-17,34,,34,507,,,CL,,magallanes,CL_MA
Magallanes,2020-04-18,21,,21,528,,,CL,,magallanes,CL_MA
Magallanes,2020-04-19,31,,31,559,,,CL,,magallanes,CL_MA
Magallanes,2020-04-20,13,,13,572,,,CL,,magallanes,CL_MA
Magallanes,2020-04-21,28,,28,600,,,CL,,magallanes,CL_MA
Magallanes,2020-04-22,12,,12,612,,,CL,,magallanes,CL_MA
Magallanes,2020-04-23,10,,10,622,,,CL,,magallanes,CL_MA
Magallanes,2020-04-24,10,,10,632,,,CL,,magallanes,CL_MA
Magallanes,2020-04-25,31,,31,663,,,CL,,magallanes,CL_MA
Magallanes,2020-04-26,14,,14,677,,,CL,,magallanes,CL_MA
Magallanes,2020-04-27,4,,4,681,,,CL,,magallanes,CL_MA
Magallanes,2020-04-28,22,,22,703,,,CL,,magallanes,CL_MA
Magallanes,2020-04-29,22,,22,725,,,CL,,magallanes,CL_MA
Magallanes,2020-04-30,11,,11,736,,,CL,,magallanes,CL_MA
Magallanes,2020-05-01,1,,1,737,,,CL,,magallanes,CL_MA
Magallanes,2020-05-02,26,,26,763,,,CL,,magallanes,CL_MA
Magallanes,2020-05-03,25,,25,788,,,CL,,magallanes,CL_MA
Magallanes,2020-05-04,18,,18,806,,,CL,,magallanes,CL_MA
Magallanes,2020-05-05,14,,14,820,,,CL,,magallanes,CL_MA
Magallanes,2020-05-06,9,,9,829,,,CL,,magallanes,CL_MA
Magallanes,2020-05-07,18,,18,847,,,CL,,magallanes,CL_MA
Magallanes,2020-05-08,31,,31,878,,,CL,,magallanes,CL_MA
Magallanes,2020-05-09,14,,14,892,,,CL,,magallanes,CL_MA
Magallanes,2020-05-10,14,,14,906,,,CL,,magallanes,CL_MA
Magallanes,2020-05-11,9,,9,915,,,CL,,magallanes,CL_MA
Magallanes,2020-05-12,9,,9,924,,,CL,,magallanes,CL_MA
Magallanes,2020-05-13,13,,13,937,,,CL,,magallanes,CL_MA
Magallanes,2020-05-14,14,,14,951,,,CL,,magallanes,CL_MA
Magallanes,2020-05-15,2,,2,953,,,CL,,magallanes,CL_MA
Magallanes,2020-05-16,15,,15,968,,,CL,,magallanes,CL_MA
Magallanes,2020-05-17,9,,9,977,,,CL,,magallanes,CL_MA
Magallanes,2020-05-18,10,,10,987,,,CL,,magallanes,CL_MA
Magallanes,2020-05-19,2,,2,989,,,CL,,magallanes,CL_MA
Magallanes,2020-05-20,6,,6,995,,,CL,,magallanes,CL_MA
Magallanes,2020-05-21,10,,10,1005,,,CL,,magallanes,CL_MA
Magallanes,2020-05-22,5,,5,1010,,,CL,,magallanes,CL_MA
Magallanes,2020-05-23,5,,5,1015,,,CL,,magallanes,CL_MA
Magallanes,2020-05-24,13,,13,1028,,,CL,,magallanes,CL_MA
Magallanes,2020-05-25,6,,6,1034,,,CL,,magallanes,CL_MA
Magallanes,2020-05-26,15,,15,1049,,,CL,,magallanes,CL_MA
Magallanes,2020-05-27,6,,6,1055,,,CL,,magallanes,CL_MA
Magallanes,2020-05-28,3,,3,1058,,,CL,,magallanes,CL_MA
Magallanes,2020-05-29,8,,8,1066,,,CL,,magallanes,CL_MA
Magallanes,2020-05-30,7,,7,1073,,,CL,,magallanes,CL_MA
Magallanes,2020-05-31,2,,2,1075,,,CL,,magallanes,CL_MA
Magallanes,2020-06-01,1,,1,1076,,,CL,,magallanes,CL_MA
Magallanes,2020-06-02,3,,3,1079,,,CL,,magallanes,CL_MA
Magallanes,2020-06-03,3,,3,1082,,,CL,,magallanes,CL_MA
Magallanes,2020-06-04,6,,6,1088,,,CL,,magallanes,CL_MA
Magallanes,2020-06-05,3,,3,1091,,,CL,,magallanes,CL_MA
Magallanes,2020-06-06,9,,9,1100,,,CL,,magallanes,CL_MA
Magallanes,2020-06-07,1,,1,1101,,,CL,,magallanes,CL_MA
Magallanes,2020-06-08,7,,7,1108,,,CL,,magallanes,CL_MA
Magallanes,2020-06-10,1,,1,1109,,,CL,,magallanes,CL_MA
Magallanes,2020-06-11,13,,13,1122,,,CL,,magallanes,CL_MA
Magallanes,2020-06-12,5,,5,1127,,,CL,,magallanes,CL_MA
Magallanes,2020-06-13,16,,16,1143,,,CL,,magallanes,CL_MA
Magallanes,2020-06-14,30,,30,1173,,,CL,,magallanes,CL_MA
Magallanes,2020-06-15,32,,32,1205,,,CL,,magallanes,CL_MA
Magallanes,2020-06-16,25,,25,1230,,,CL,,magallanes,CL_MA
Magallanes,2020-06-18,9,,9,1239,,,CL,,magallanes,CL_MA
Arica y Parinacota,2020-03-19,1,,1,1,,,CL,,arica y parinacota,CL_AP
Arica y Parinacota,2020-03-22,1,,1,2,,,CL,,arica y parinacota,CL_AP
Arica y Parinacota,2020-03-26,1,,1,3,,,CL,,arica y parinacota,CL_AP
Arica y Parinacota,2020-03-29,1,,1,4,,,CL,,arica y parinacota,CL_AP
Arica y Parinacota,2020-03-30,2,,2,6,,,CL,,arica y parinacota,CL_AP
Arica y Parinacota,2020-04-02,1,,1,7,,,CL,,arica y parinacota,CL_AP
Arica y Parinacota,2020-04-03,5,,5,12,,,CL,,arica y parinacota,CL_AP
Arica y Parinacota,2020-04-05,16,,16,28,,,CL,,arica y parinacota,CL_AP
Arica y Parinacota,2020-04-06,13,,13,41,,,CL,,arica y parinacota,CL_AP
Arica y Parinacota,2020-04-07,12,,12,53,,,CL,,arica y parinacota,CL_AP
Arica y Parinacota,2020-04-08,10,,10,63,,,CL,,arica y parinacota,CL_AP
Arica y Parinacota,2020-04-09,12,,12,75,,,CL,,arica y parinacota,CL_AP
Arica y Parinacota,2020-04-10,12,,12,87,,,CL,,arica y parinacota,CL_AP
Arica y Parinacota,2020-04-11,20,,20,107,,,CL,,arica y parinacota,CL_AP
Arica y Parinacota,2020-04-12,9,,9,116,,,CL,,arica y parinacota,CL_AP
Arica y Parinacota,2020-04-14,5,,5,121,,,CL,,arica y parinacota,CL_AP
Arica y Parinacota,2020-04-15,4,,4,125,,,CL,,arica y parinacota,CL_AP
Arica y Parinacota,2020-04-16,5,,5,130,,,CL,,arica y parinacota,CL_AP
Arica y Parinacota,2020-04-17,6,,6,136,,,CL,,arica y parinacota,CL_AP
Arica y Parinacota,2020-04-18,8,,8,144,,,CL,,arica y parinacota,CL_AP
Arica y Parinacota,2020-04-19,3,,3,147,,,CL,,arica y parinacota,CL_AP
Arica y Parinacota,2020-04-20,16,,16,163,,,CL,,arica y parinacota,CL_AP
Arica y Parinacota,2020-04-21,9,,9,172,,,CL,,arica y parinacota,CL_AP
Arica y Parinacota,2020-04-22,10,,10,182,,,CL,,arica y parinacota,CL_AP
Arica y Parinacota,2020-04-23,30,,30,212,,,CL,,arica y parinacota,CL_AP
Arica y Parinacota,2020-04-24,30,,30,242,,,CL,,arica y parinacota,CL_AP
Arica y Parinacota,2020-04-25,6,,6,248,,,CL,,arica y parinacota,CL_AP
Arica y Parinacota,2020-04-26,7,,7,255,,,CL,,arica y parinacota,CL_AP
Arica y Parinacota,2020-04-27,13,,13,268,,,CL,,arica y parinacota,CL_AP
Arica y Parinacota,2020-04-28,3,,3,271,,,CL,,arica y parinacota,CL_AP
Arica y Parinacota,2020-04-29,5,,5,276,,,CL,,arica y parinacota,CL_AP
Arica y Parinacota,2020-04-30,7,,7,283,,,CL,,arica y parinacota,CL_AP
Arica y Parinacota,2020-05-01,18,,18,301,,,CL,,arica y parinacota,CL_AP
Arica y Parinacota,2020-05-02,10,,10,311,,,CL,,arica y parinacota,CL_AP
Arica y Parinacota,2020-05-03,1,,1,312,,,CL,,arica y parinacota,CL_AP
Arica y Parinacota,2020-05-05,7,,7,319,,,CL,,arica y parinacota,CL_AP
Arica y Parinacota,2020-05-06,4,,4,323,,,CL,,arica y parinacota,CL_AP
Arica y Parinacota,2020-05-07,8,,8,331,,,CL,,arica y parinacota,CL_AP
Arica y Parinacota,2020-05-08,2,,2,333,,,CL,,arica y parinacota,CL_AP
Arica y Parinacota,2020-05-09,10,,10,343,,,CL,,arica y parinacota,CL_AP
Arica y Parinacota,2020-05-10,3,,3,346,,,CL,,arica y parinacota,CL_AP
Arica y Parinacota,2020-05-11,12,,12,358,,,CL,,arica y parinacota,CL_AP
Arica y Parinacota,2020-05-13,8,,8,366,,,CL,,arica y parinacota,CL_AP
Arica y Parinacota,2020-05-14,4,,4,370,,,CL,,arica y parinacota,CL_AP
Arica y Parinacota,2020-05-15,5,,5,375,,,CL,,arica y parinacota,CL_AP
Arica y Parinacota,2020-05-16,9,,9,384,,,CL,,arica y parinacota,CL_AP
Arica y Parinacota,2020-05-17,1,,1,385,,,CL,,arica y parinacota,CL_AP
Arica y Parinacota,2020-05-18,20,,20,405,,,CL,,arica y parinacota,CL_AP
Arica y Parinacota,2020-05-19,24,,24,429,,,CL,,arica y parinacota,CL_AP
Arica y Parinacota,2020-05-20,2,,2,431,,,CL,,arica y parinacota,CL_AP
Arica y Parinacota,2020-05-21,29,,29,460,,,CL,,arica y parinacota,CL_AP
Arica y Parinacota,2020-05-22,18,,18,478,,,CL,,arica y parinacota,CL_AP
Arica y Parinacota,2020-05-23,11,,11,489,,,CL,,arica y parinacota,CL_AP
Arica y Parinacota,2020-05-24,16,,16,505,,,CL,,arica y parinacota,CL_AP
Arica y Parinacota,2020-05-25,15,,15,520,,,CL,,arica y parinacota,CL_AP
Arica y Parinacota,2020-05-26,9,,9,529,,,CL,,arica y parinacota,CL_AP
Arica y Parinacota,2020-05-27,19,,19,548,,,CL,,arica y parinacota,CL_AP
Arica y Parinacota,2020-05-28,21,,21,569,,,CL,,arica y parinacota,CL_AP
Arica y Parinacota,2020-05-29,20,,20,589,,,CL,,arica y parinacota,CL_AP
Arica y Parinacota,2020-05-30,6,,6,595,,,CL,,arica y parinacota,CL_AP
Arica y Parinacota,2020-05-31,31,,31,626,,,CL,,arica y parinacota,CL_AP
Arica y Parinacota,2020-06-01,18,,18,644,,,CL,,arica y parinacota,CL_AP
Arica y Parinacota,2020-06-02,18,,18,662,,,CL,,arica y parinacota,CL_AP
Arica y Parinacota,2020-06-03,47,,47,709,,,CL,,arica y parinacota,CL_AP
Arica y Parinacota,2020-06-04,35,,35,744,,,CL,,arica y parinacota,CL_AP
Arica y Parinacota,2020-06-05,47,,47,791,,,CL,,arica y parinacota,CL_AP
Arica y Parinacota,2020-06-06,37,,37,828,,,CL,,arica y parinacota,CL_AP
Arica y Parinacota,2020-06-07,32,,32,860,,,CL,,arica y parinacota,CL_AP
Arica y Parinacota,2020-06-08,24,,24,884,,,CL,,arica y parinacota,CL_AP
Arica y Parinacota,2020-06-09,40,,40,924,,,CL,,arica y parinacota,CL_AP
Arica y Parinacota,2020-06-10,18,,18,942,,,CL,,arica y parinacota,CL_AP
Arica y Parinacota,2020-06-11,37,,37,979,,,CL,,arica y parinacota,CL_AP
Arica y Parinacota,2020-06-12,44,,44,1023,,,CL,,arica y parinacota,CL_AP
Arica y Parinacota,2020-06-13,51,,51,1074,,,CL,,arica y parinacota,CL_AP
Arica y Parinacota,2020-06-14,48,,48,1122,,,CL,,arica y parinacota,CL_AP
Arica y Parinacota,2020-06-15,30,,30,1152,,,CL,,arica y parinacota,CL_AP
Arica y Parinacota,2020-06-16,17,,17,1169,,,CL,,arica y parinacota,CL_AP
Arica y Parinacota,2020-06-17,56,,56,1225,,,CL,,arica y parinacota,CL_AP
Arica y Parinacota,2020-06-18,22,,22,1247,,,CL,,arica y parinacota,CL_AP
Coquimbo,2020-03-19,2,,2,2,,,CL,,coquimbo,CL_CO
Coquimbo,2020-03-20,1,,1,3,,,CL,,coquimbo,CL_CO
Coquimbo,2020-03-22,2,,2,5,,,CL,,coquimbo,CL_CO
Coquimbo,2020-03-23,1,,1,6,,,CL,,coquimbo,CL_CO
Coquimbo,2020-03-24,5,,5,11,,,CL,,coquimbo,CL_CO
Coquimbo,2020-03-25,1,,1,12,,,CL,,coquimbo,CL_CO
Coquimbo,2020-03-26,1,,1,13,,,CL,,coquimbo,CL_CO
Coquimbo,2020-03-27,1,,1,14,,,CL,,coquimbo,CL_CO
Coquimbo,2020-03-28,1,,1,15,,,CL,,coquimbo,CL_CO
Coquimbo,2020-03-29,3,,3,18,,,CL,,coquimbo,CL_CO
Coquimbo,2020-03-30,9,,9,27,,,CL,,coquimbo,CL_CO
Coquimbo,2020-03-31,1,,1,28,,,CL,,coquimbo,CL_CO
Coquimbo,2020-04-01,2,,2,30,,,CL,,coquimbo,CL_CO
Coquimbo,2020-04-02,4,,4,34,,,CL,,coquimbo,CL_CO
Coquimbo,2020-04-03,1,,1,35,,,CL,,coquimbo,CL_CO
Coquimbo,2020-04-04,9,,9,44,,,CL,,coquimbo,CL_CO
Coquimbo,2020-04-05,6,,6,50,,,CL,,coquimbo,CL_CO
Coquimbo,2020-04-06,1,,1,51,,,CL,,coquimbo,CL_CO
Coquimbo,2020-04-07,1,,1,52,,,CL,,coquimbo,CL_CO
Coquimbo,2020-04-08,4,,4,56,,,CL,,coquimbo,CL_CO
Coquimbo,2020-04-09,5,,5,61,,,CL,,coquimbo,CL_CO
Coquimbo,2020-04-11,3,,3,64,,,CL,,coquimbo,CL_CO
Coquimbo,2020-04-12,2,,2,66,,,CL,,coquimbo,CL_CO
Coquimbo,2020-04-16,2,,2,68,,,CL,,coquimbo,CL_CO
Coquimbo,2020-04-20,1,,1,69,,,CL,,coquimbo,CL_CO
Coquimbo,2020-04-22,1,,1,70,,,CL,,coquimbo,CL_CO
Coquimbo,2020-04-24,2,,2,72,,,CL,,coquimbo,CL_CO
Coquimbo,2020-04-25,1,,1,73,,,CL,,coquimbo,CL_CO
Coquimbo,2020-04-27,1,,1,74,,,CL,,coquimbo,CL_CO
Coquimbo,2020-04-29,2,,2,76,,,CL,,coquimbo,CL_CO
Coquimbo,2020-05-01,1,,1,77,,,CL,,coquimbo,CL_CO
Coquimbo,2020-05-02,1,,1,78,,,CL,,coquimbo,CL_CO
Coquimbo,2020-05-03,10,,10,88,,,CL,,coquimbo,CL_CO
Coquimbo,2020-05-04,3,,3,91,,,CL,,coquimbo,CL_CO
Coquimbo,2020-05-05,6,,6,97,,,CL,,coquimbo,CL_CO
Coquimbo,2020-05-07,3,,3,100,,,CL,,coquimbo,CL_CO
Coquimbo,2020-05-08,11,,11,111,,,CL,,coquimbo,CL_CO
Coquimbo,2020-05-09,18,,18,129,,,CL,,coquimbo,CL_CO
Coquimbo,2020-05-10,7,,7,136,,,CL,,coquimbo,CL_CO
Coquimbo,2020-05-11,5,,5,141,,,CL,,coquimbo,CL_CO
Coquimbo,2020-05-12,8,,8,149,,,CL,,coquimbo,CL_CO
Coquimbo,2020-05-13,5,,5,154,,,CL,,coquimbo,CL_CO
Coquimbo,2020-05-14,12,,12,166,,,CL,,coquimbo,CL_CO
Coquimbo,2020-05-15,15,,15,181,,,CL,,coquimbo,CL_CO
Coquimbo,2020-05-16,8,,8,189,,,CL,,coquimbo,CL_CO
Coquimbo,2020-05-17,7,,7,196,,,CL,,coquimbo,CL_CO
Coquimbo,2020-05-18,18,,18,214,,,CL,,coquimbo,CL_CO
Coquimbo,2020-05-19,27,,27,241,,,CL,,coquimbo,CL_CO
Coquimbo,2020-05-20,24,,24,265,,,CL,,coquimbo,CL_CO
Coquimbo,2020-05-21,5,,5,270,,,CL,,coquimbo,CL_CO
Coquimbo,2020-05-22,13,,13,283,,,CL,,coquimbo,CL_CO
Coquimbo,2020-05-23,13,,13,296,,,CL,,coquimbo,CL_CO
Coquimbo,2020-05-24,29,,29,325,,,CL,,coquimbo,CL_CO
Coquimbo,2020-05-25,15,,15,340,,,CL,,coquimbo,CL_CO
Coquimbo,2020-05-26,46,,46,386,,,CL,,coquimbo,CL_CO
Coquimbo,2020-05-27,71,,71,457,,,CL,,coquimbo,CL_CO
Coquimbo,2020-05-28,27,,27,484,,,CL,,coquimbo,CL_CO
Coquimbo,2020-05-29,55,,55,539,,,CL,,coquimbo,CL_CO
Coquimbo,2020-05-30,60,,60,599,,,CL,,coquimbo,CL_CO
Coquimbo,2020-05-31,31,,31,630,,,CL,,coquimbo,CL_CO
Coquimbo,2020-06-01,40,,40,670,,,CL,,coquimbo,CL_CO
Coquimbo,2020-06-02,19,,19,689,,,CL,,coquimbo,CL_CO
Coquimbo,2020-06-03,33,,33,722,,,CL,,coquimbo,CL_CO
Coquimbo,2020-06-04,54,,54,776,,,CL,,coquimbo,CL_CO
Coquimbo,2020-06-05,61,,61,837,,,CL,,coquimbo,CL_CO
Coquimbo,2020-06-06,66,,66,903,,,CL,,coquimbo,CL_CO
Coquimbo,2020-06-07,92,,92,995,,,CL,,coquimbo,CL_CO
Coquimbo,2020-06-08,134,,134,1129,,,CL,,coquimbo,CL_CO
Coquimbo,2020-06-09,52,,52,1181,,,CL,,coquimbo,CL_CO
Coquimbo,2020-06-10,82,,82,1263,,,CL,,coquimbo,CL_CO
Coquimbo,2020-06-11,90,,90,1353,,,CL,,coquimbo,CL_CO
Coquimbo,2020-06-12,93,,93,1446,,,CL,,coquimbo,CL_CO
Coquimbo,2020-06-13,75,,75,1521,,,CL,,coquimbo,CL_CO
Coquimbo,2020-06-14,46,,46,1567,,,CL,,coquimbo,CL_CO
Coquimbo,2020-06-15,120,,120,1687,,,CL,,coquimbo,CL_CO
Coquimbo,2020-06-16,44,,44,1731,,,CL,,coquimbo,CL_CO
Coquimbo,2020-06-17,89,,89,1820,,,CL,,coquimbo,CL_CO
Coquimbo,2020-06-18,99,,99,1919,,,CL,,coquimbo,CL_CO
O'Higgins,2020-03-19,2,,2,2,,,CL,,o'higgins,CL_LI
O'Higgins,2020-03-20,4,,4,6,,,CL,,o'higgins,CL_LI
O'Higgins,2020-03-21,1,,1,7,,,CL,,o'higgins,CL_LI
O'Higgins,2020-03-22,1,,1,8,,,CL,,o'higgins,CL_LI
O'Higgins,2020-03-24,1,,1,9,,,CL,,o'higgins,CL_LI
O'Higgins,2020-03-25,2,,2,11,,,CL,,o'higgins,CL_LI
O'Higgins,2020-03-26,3,,3,14,,,CL,,o'higgins,CL_LI
O'Higgins,2020-03-27,2,,2,16,,,CL,,o'higgins,CL_LI
O'Higgins,2020-03-28,4,,4,20,,,CL,,o'higgins,CL_LI
O'Higgins,2020-03-29,1,,1,21,,,CL,,o'higgins,CL_LI
O'Higgins,2020-03-31,2,,2,23,,,CL,,o'higgins,CL_LI
O'Higgins,2020-04-01,3,,3,26,,,CL,,o'higgins,CL_LI
O'Higgins,2020-04-02,6,,6,32,,,CL,,o'higgins,CL_LI
O'Higgins,2020-04-03,1,,1,33,,,CL,,o'higgins,CL_LI
O'Higgins,2020-04-04,5,,5,38,,,CL,,o'higgins,CL_LI
O'Higgins,2020-04-05,3,,3,41,,,CL,,o'higgins,CL_LI
O'Higgins,2020-04-06,1,,1,42,,,CL,,o'higgins,CL_LI
O'Higgins,2020-04-08,1,,1,43,,,CL,,o'higgins,CL_LI
O'Higgins,2020-04-09,1,,1,44,,,CL,,o'higgins,CL_LI
O'Higgins,2020-04-11,1,,1,45,,,CL,,o'higgins,CL_LI
O'Higgins,2020-04-12,1,,1,46,,,CL,,o'higgins,CL_LI
O'Higgins,2020-04-13,2,,2,48,,,CL,,o'higgins,CL_LI
O'Higgins,2020-04-14,5,,5,53,,,CL,,o'higgins,CL_LI
O'Higgins,2020-04-15,1,,1,54,,,CL,,o'higgins,CL_LI
O'Higgins,2020-04-17,1,,1,55,,,CL,,o'higgins,CL_LI
O'Higgins,2020-04-20,1,,1,56,,,CL,,o'higgins,CL_LI
O'Higgins,2020-04-21,2,,2,58,,,CL,,o'higgins,CL_LI
O'Higgins,2020-04-22,2,,2,60,,,CL,,o'higgins,CL_LI
O'Higgins,2020-04-23,17,,17,77,,,CL,,o'higgins,CL_LI
O'Higgins,2020-04-24,5,,5,82,,,CL,,o'higgins,CL_LI
O'Higgins,2020-04-25,4,,4,86,,,CL,,o'higgins,CL_LI
O'Higgins,2020-04-26,7,,7,93,,,CL,,o'higgins,CL_LI
O'Higgins,2020-04-27,2,,2,95,,,CL,,o'higgins,CL_LI
O'Higgins,2020-04-28,3,,3,98,,,CL,,o'higgins,CL_LI
O'Higgins,2020-04-29,7,,7,105,,,CL,,o'higgins,CL_LI
O'Higgins,2020-04-30,4,,4,109,,,CL,,o'higgins,CL_LI
O'Higgins,2020-05-01,1,,1,110,,,CL,,o'higgins,CL_LI
O'Higgins,2020-05-02,13,,13,123,,,CL,,o'higgins,CL_LI
O'Higgins,2020-05-03,5,,5,128,,,CL,,o'higgins,CL_LI
O'Higgins,2020-05-04,6,,6,134,,,CL,,o'higgins,CL_LI
O'Higgins,2020-05-05,5,,5,139,,,CL,,o'higgins,CL_LI
O'Higgins,2020-05-06,9,,9,148,,,CL,,o'higgins,CL_LI
O'Higgins,2020-05-07,6,,6,154,,,CL,,o'higgins,CL_LI
O'Higgins,2020-05-08,16,,16,170,,,CL,,o'higgins,CL_LI
O'Higgins,2020-05-09,15,,15,185,,,CL,,o'higgins,CL_LI
O'Higgins,2020-05-10,13,,13,198,,,CL,,o'higgins,CL_LI
O'Higgins,2020-05-11,22,,22,220,,,CL,,o'higgins,CL_LI
O'Higgins,2020-05-12,8,,8,228,,,CL,,o'higgins,CL_LI
O'Higgins,2020-05-13,24,,24,252,,,CL,,o'higgins,CL_LI
O'Higgins,2020-05-14,47,,47,299,,,CL,,o'higgins,CL_LI
O'Higgins,2020-05-15,29,,29,328,,,CL,,o'higgins,CL_LI
O'Higgins,2020-05-16,6,,6,334,,,CL,,o'higgins,CL_LI
O'Higgins,2020-05-17,37,,37,371,,,CL,,o'higgins,CL_LI
O'Higgins,2020-05-18,53,,53,424,,,CL,,o'higgins,CL_LI
O'Higgins,2020-05-19,25,,25,449,,,CL,,o'higgins,CL_LI
O'Higgins,2020-05-20,13,,13,462,,,CL,,o'higgins,CL_LI
O'Higgins,2020-05-21,10,,10,472,,,CL,,o'higgins,CL_LI
O'Higgins,2020-05-22,28,,28,500,,,CL,,o'higgins,CL_LI
O'Higgins,2020-05-23,29,,29,529,,,CL,,o'higgins,CL_LI
O'Higgins,2020-05-24,36,,36,565,,,CL,,o'higgins,CL_LI
O'Higgins,2020-05-25,36,,36,601,,,CL,,o'higgins,CL_LI
O'Higgins,2020-05-26,66,,66,667,,,CL,,o'higgins,CL_LI
O'Higgins,2020-05-27,38,,38,705,,,CL,,o'higgins,CL_LI
O'Higgins,2020-05-28,14,,14,719,,,CL,,o'higgins,CL_LI
O'Higgins,2020-05-29,40,,40,759,,,CL,,o'higgins,CL_LI
O'Higgins,2020-05-30,13,,13,772,,,CL,,o'higgins,CL_LI
O'Higgins,2020-05-31,31,,31,803,,,CL,,o'higgins,CL_LI
O'Higgins,2020-06-01,28,,28,831,,,CL,,o'higgins,CL_LI
O'Higgins,2020-06-02,30,,30,861,,,CL,,o'higgins,CL_LI
O'Higgins,2020-06-03,90,,90,951,,,CL,,o'higgins,CL_LI
O'Higgins,2020-06-04,37,,37,988,,,CL,,o'higgins,CL_LI
O'Higgins,2020-06-05,50,,50,1038,,,CL,,o'higgins,CL_LI
O'Higgins,2020-06-06,98,,98,1136,,,CL,,o'higgins,CL_LI
O'Higgins,2020-06-07,72,,72,1208,,,CL,,o'higgins,CL_LI
O'Higgins,2020-06-08,74,,74,1282,,,CL,,o'higgins,CL_LI
O'Higgins,2020-06-09,63,,63,1345,,,CL,,o'higgins,CL_LI
O'Higgins,2020-06-10,128,,128,1473,,,CL,,o'higgins,CL_LI
O'Higgins,2020-06-11,112,,112,1585,,,CL,,o'higgins,CL_LI
O'Higgins,2020-06-12,79,,79,1664,,,CL,,o'higgins,CL_LI
O'Higgins,2020-06-13,161,,161,1825,,,CL,,o'higgins,CL_LI
O'Higgins,2020-06-14,140,,140,1965,,,CL,,o'higgins,CL_LI
O'Higgins,2020-06-15,87,,87,2052,,,CL,,o'higgins,CL_LI
O'Higgins,2020-06-16,209,,209,2261,,,CL,,o'higgins,CL_LI
O'Higgins,2020-06-17,203,,203,2464,,,CL,,o'higgins,CL_LI
O'Higgins,2020-06-18,223,,223,2687,,,CL,,o'higgins,CL_LI
Tarapacá,2020-03-23,1,,1,1,,,CL,,tarapacá,CL_TA
Tarapacá,2020-03-24,3,,3,4,,,CL,,tarapacá,CL_TA
Tarapacá,2020-03-26,1,,1,5,,,CL,,tarapacá,CL_TA
Tarapacá,2020-03-29,1,,1,6,,,CL,,tarapacá,CL_TA
Tarapacá,2020-03-30,2,,2,8,,,CL,,tarapacá,CL_TA
Tarapacá,2020-03-31,2,,2,10,,,CL,,tarapacá,CL_TA
Tarapacá,2020-04-02,2,,2,12,,,CL,,tarapacá,CL_TA
Tarapacá,2020-04-03,1,,1,13,,,CL,,tarapacá,CL_TA
Tarapacá,2020-04-04,4,,4,17,,,CL,,tarapacá,CL_TA
Tarapacá,2020-04-05,3,,3,20,,,CL,,tarapacá,CL_TA
Tarapacá,2020-04-06,1,,1,21,,,CL,,tarapacá,CL_TA
Tarapacá,2020-04-07,2,,2,23,,,CL,,tarapacá,CL_TA
Tarapacá,2020-04-08,3,,3,26,,,CL,,tarapacá,CL_TA
Tarapacá,2020-04-09,3,,3,29,,,CL,,tarapacá,CL_TA
Tarapacá,2020-04-10,6,,6,35,,,CL,,tarapacá,CL_TA
Tarapacá,2020-04-11,3,,3,38,,,CL,,tarapacá,CL_TA
Tarapacá,2020-04-12,8,,8,46,,,CL,,tarapacá,CL_TA
Tarapacá,2020-04-13,6,,6,52,,,CL,,tarapacá,CL_TA
Tarapacá,2020-04-14,10,,10,62,,,CL,,tarapacá,CL_TA
Tarapacá,2020-04-16,4,,4,66,,,CL,,tarapacá,CL_TA
Tarapacá,2020-04-17,7,,7,73,,,CL,,tarapacá,CL_TA
Tarapacá,2020-04-18,8,,8,81,,,CL,,tarapacá,CL_TA
Tarapacá,2020-04-19,9,,9,90,,,CL,,tarapacá,CL_TA
Tarapacá,2020-04-20,3,,3,93,,,CL,,tarapacá,CL_TA
Tarapacá,2020-04-21,11,,11,104,,,CL,,tarapacá,CL_TA
Tarapacá,2020-04-22,10,,10,114,,,CL,,tarapacá,CL_TA
Tarapacá,2020-04-23,14,,14,128,,,CL,,tarapacá,CL_TA
Tarapacá,2020-04-24,6,,6,134,,,CL,,tarapacá,CL_TA
Tarapacá,2020-04-25,10,,10,144,,,CL,,tarapacá,CL_TA
Tarapacá,2020-04-26,13,,13,157,,,CL,,tarapacá,CL_TA
Tarapacá,2020-04-27,8,,8,165,,,CL,,tarapacá,CL_TA
Tarapacá,2020-04-28,5,,5,170,,,CL,,tarapacá,CL_TA
Tarapacá,2020-04-29,14,,14,184,,,CL,,tarapacá,CL_TA
Tarapacá,2020-04-30,15,,15,199,,,CL,,tarapacá,CL_TA
Tarapacá,2020-05-01,2,,2,201,,,CL,,tarapacá,CL_TA
Tarapacá,2020-05-02,12,,12,213,,,CL,,tarapacá,CL_TA
Tarapacá,2020-05-03,60,,60,273,,,CL,,tarapacá,CL_TA
Tarapacá,2020-05-04,23,,23,296,,,CL,,tarapacá,CL_TA
Tarapacá,2020-05-05,27,,27,323,,,CL,,tarapacá,CL_TA
Tarapacá,2020-05-06,17,,17,340,,,CL,,tarapacá,CL_TA
Tarapacá,2020-05-07,78,,78,418,,,CL,,tarapacá,CL_TA
Tarapacá,2020-05-08,42,,42,460,,,CL,,tarapacá,CL_TA
Tarapacá,2020-05-09,26,,26,486,,,CL,,tarapacá,CL_TA
Tarapacá,2020-05-10,35,,35,521,,,CL,,tarapacá,CL_TA
Tarapacá,2020-05-11,27,,27,548,,,CL,,tarapacá,CL_TA
Tarapacá,2020-05-12,31,,31,579,,,CL,,tarapacá,CL_TA
Tarapacá,2020-05-13,37,,37,616,,,CL,,tarapacá,CL_TA
Tarapacá,2020-05-14,67,,67,683,,,CL,,tarapacá,CL_TA
Tarapacá,2020-05-15,98,,98,781,,,CL,,tarapacá,CL_TA
Tarapacá,2020-05-16,66,,66,847,,,CL,,tarapacá,CL_TA
Tarapacá,2020-05-17,132,,132,979,,,CL,,tarapacá,CL_TA
Tarapacá,2020-05-18,81,,81,1060,,,CL,,tarapacá,CL_TA
Tarapacá,2020-05-19,53,,53,1113,,,CL,,tarapacá,CL_TA
Tarapacá,2020-05-20,30,,30,1143,,,CL,,tarapacá,CL_TA
Tarapacá,2020-05-21,107,,107,1250,,,CL,,tarapacá,CL_TA
Tarapacá,2020-05-22,148,,148,1398,,,CL,,tarapacá,CL_TA
Tarapacá,2020-05-23,78,,78,1476,,,CL,,tarapacá,CL_TA
Tarapacá,2020-05-24,95,,95,1571,,,CL,,tarapacá,CL_TA
Tarapacá,2020-05-25,66,,66,1637,,,CL,,tarapacá,CL_TA
Tarapacá,2020-05-26,108,,108,1745,,,CL,,tarapacá,CL_TA
Tarapacá,2020-05-27,77,,77,1822,,,CL,,tarapacá,CL_TA
Tarapacá,2020-05-28,147,,147,1969,,,CL,,tarapacá,CL_TA
Tarapacá,2020-05-29,138,,138,2107,,,CL,,tarapacá,CL_TA
Tarapacá,2020-05-30,161,,161,2268,,,CL,,tarapacá,CL_TA
Tarapacá,2020-05-31,114,,114,2382,,,CL,,tarapacá,CL_TA
Tarapacá,2020-06-01,166,,166,2548,,,CL,,tarapacá,CL_TA
Tarapacá,2020-06-02,69,,69,2617,,,CL,,tarapacá,CL_TA
Tarapacá,2020-06-03,93,,93,2710,,,CL,,tarapacá,CL_TA
Tarapacá,2020-06-04,128,,128,2838,,,CL,,tarapacá,CL_TA
Tarapacá,2020-06-05,155,,155,2993,,,CL,,tarapacá,CL_TA
Tarapacá,2020-06-06,131,,131,3124,,,CL,,tarapacá,CL_TA
Tarapacá,2020-06-07,158,,158,3282,,,CL,,tarapacá,CL_TA
Tarapacá,2020-06-08,142,,142,3424,,,CL,,tarapacá,CL_TA
Tarapacá,2020-06-09,99,,99,3523,,,CL,,tarapacá,CL_TA
Tarapacá,2020-06-10,111,,111,3634,,,CL,,tarapacá,CL_TA
Tarapacá,2020-06-11,105,,105,3739,,,CL,,tarapacá,CL_TA
Tarapacá,2020-06-12,129,,129,3868,,,CL,,tarapacá,CL_TA
Tarapacá,2020-06-13,185,,185,4053,,,CL,,tarapacá,CL_TA
Tarapacá,2020-06-14,147,,147,4200,,,CL,,tarapacá,CL_TA
Tarapacá,2020-06-15,113,,113,4313,,,CL,,tarapacá,CL_TA
Tarapacá,2020-06-16,107,,107,4420,,,CL,,tarapacá,CL_TA
Tarapacá,2020-06-17,123,,123,4543,,,CL,,tarapacá,CL_TA
Tarapacá,2020-06-18,83,,83,4626,,,CL,,tarapacá,CL_TA
