country_code,match_string,date,total_confirmed,total_percent,total_deceased,icu,new_confirmed,new_percent,new_deceased,key
SE,blekinge,2020-03-16,9,1,0,,,,,SE_221
SE,blekinge,2020-03-17,11,1,0,,2,0,0,SE_221
SE,blekinge,2020-03-18,11,1,0,,0,0,0,SE_221
SE,blekinge,2020-03-19,11,1,0,,0,0,0,SE_221
SE,blekinge,2020-03-20,12,1,0,,1,0,0,SE_221
SE,blekinge,2020-03-21,12,1,0,,0,0,0,SE_221
SE,blekinge,2020-03-22,12,1,0,,0,0,0,SE_221
SE,blekinge,2020-03-23,12,1,0,,0,0,0,SE_221
SE,blekinge,2020-03-24,12,1,0,,0,0,0,SE_221
SE,blekinge,2020-03-25,12,0,0,,0,-1,0,SE_221
SE,blekinge,2020-03-26,15,1,0,,3,1,0,SE_221
SE,blekinge,2020-03-27,15,,0,0,0,0,0,SE_221
SE,blekinge,2020-03-28,15,,0,1,0,0,0,SE_221
SE,blekinge,2020-03-29,17,,0,1,2,0,0,SE_221
SE,blekinge,2020-03-30,20,,0,1,3,0,0,SE_221
SE,blekinge,2020-03-31,21,,0,1,1,0,0,SE_221
SE,blekinge,2020-04-01,22,,1,1,1,0,1,SE_221
SE,blekinge,2020-04-02,27,,1,1,5,0,0,SE_221
SE,blekinge,2020-04-03,27,,1,2,0,0,0,SE_221
SE,blekinge,2020-04-04,30,,1,2,3,0,0,SE_221
SE,blekinge,2020-04-05,31,,1,2,1,0,0,SE_221
SE,blekinge,2020-04-06,36,,1,2,5,0,0,SE_221
SE,blekinge,2020-04-07,37,,1,2,1,0,0,SE_221
SE,blekinge,2020-04-08,37,,1,2,0,0,0,SE_221
SE,blekinge,2020-04-09,39,,1,2,2,0,0,SE_221
SE,blekinge,2020-04-10,39,,1,2,0,0,0,SE_221
SE,blekinge,2020-04-11,41,,1,2,2,0,0,SE_221
SE,blekinge,2020-04-12,41,,1,3,0,0,0,SE_221
SE,blekinge,2020-04-13,41,,1,2,0,0,0,SE_221
SE,blekinge,2020-04-14,42,,2,3,1,0,1,SE_221
SE,blekinge,2020-04-15,43,,2,3,1,0,0,SE_221
SE,blekinge,2020-04-16,43,,2,3,0,0,0,SE_221
SE,blekinge,2020-04-17,43,,2,3,0,0,0,SE_221
SE,blekinge,2020-04-18,43,,2,3,0,0,0,SE_221
SE,blekinge,2020-04-19,43,,2,3,0,0,0,SE_221
SE,blekinge,2020-04-20,43,,2,3,0,0,0,SE_221
SE,blekinge,2020-04-21,44,,2,3,1,0,0,SE_221
SE,blekinge,2020-04-22,47,,2,3,3,0,0,SE_221
SE,blekinge,2020-04-23,54,,2,3,7,0,0,SE_221
SE,blekinge,2020-04-24,56,,2,3,2,0,0,SE_221
SE,blekinge,2020-04-25,63,,2,3,7,0,0,SE_221
SE,blekinge,2020-04-26,63,,2,3,0,0,0,SE_221
SE,blekinge,2020-04-27,64,,2,3,1,0,0,SE_221
SE,blekinge,2020-04-28,64,,2,3,0,0,0,SE_221
SE,blekinge,2020-04-29,67,,2,3,3,0,0,SE_221
SE,blekinge,2020-04-30,73,,2,3,6,0,0,SE_221
SE,blekinge,2020-05-01,73,,2,3,0,0,0,SE_221
SE,blekinge,2020-05-02,73,,2,3,0,0,0,SE_221
SE,blekinge,2020-05-03,74,,2,3,1,0,0,SE_221
SE,blekinge,2020-05-04,74,,2,3,0,0,0,SE_221
SE,blekinge,2020-05-05,74,,2,3,0,0,0,SE_221
SE,blekinge,2020-05-06,77,,2,3,3,0,0,SE_221
SE,blekinge,2020-05-07,78,,2,3,1,0,0,SE_221
SE,blekinge,2020-05-08,80,,2,3,2,0,0,SE_221
SE,blekinge,2020-05-09,82,,2,3,2,0,0,SE_221
SE,blekinge,2020-05-10,85,,2,3,3,0,0,SE_221
SE,blekinge,2020-05-11,85,,2,3,0,0,0,SE_221
SE,blekinge,2020-05-12,85,,2,4,0,0,0,SE_221
SE,blekinge,2020-05-13,89,,2,4,4,0,0,SE_221
SE,blekinge,2020-05-14,92,,3,4,3,0,1,SE_221
SE,blekinge,2020-05-15,94,,3,5,2,0,0,SE_221
SE,blekinge,2020-05-16,100,,3,5,6,0,0,SE_221
SE,blekinge,2020-05-17,102,,3,5,2,0,0,SE_221
SE,blekinge,2020-05-18,103,,3,5,1,0,0,SE_221
SE,blekinge,2020-05-19,103,,4,3,0,0,1,SE_221
SE,blekinge,2020-05-20,109,,4,3,6,0,0,SE_221
SE,blekinge,2020-05-21,132,,4,3,23,0,0,SE_221
SE,blekinge,2020-05-22,133,,4,3,1,0,0,SE_221
SE,blekinge,2020-05-23,142,,4,3,9,0,0,SE_221
SE,blekinge,2020-05-24,144,,4,3,2,0,0,SE_221
SE,blekinge,2020-05-25,147,,4,3,3,0,0,SE_221
SE,blekinge,2020-05-26,150,,4,3,3,0,0,SE_221
SE,blekinge,2020-05-27,165,,4,3,15,0,0,SE_221
SE,blekinge,2020-05-28,181,,4,3,16,0,0,SE_221
SE,blekinge,2020-05-29,192,,4,3,11,0,0,SE_221
SE,blekinge,2020-05-30,202,,4,3,10,0,0,SE_221
SE,blekinge,2020-05-31,208,,4,3,6,0,0,SE_221
SE,blekinge,2020-06-01,211,,4,3,3,0,0,SE_221
SE,blekinge,2020-06-02,218,,5,3,7,0,1,SE_221
SE,blekinge,2020-06-03,236,,5,3,18,0,0,SE_221
SE,blekinge,2020-06-04,254,,5,4,18,0,0,SE_221
SE,blekinge,2020-06-05,264,,5,4,10,0,0,SE_221
SE,blekinge,2020-06-06,274,,5,4,10,0,0,SE_221
SE,blekinge,2020-06-07,279,,5,4,5,0,0,SE_221
SE,blekinge,2020-06-08,297,,5,4,18,0,0,SE_221
SE,blekinge,2020-06-09,307,,7,4,10,0,2,SE_221
SE,blekinge,2020-06-10,311,,7,4,4,0,0,SE_221
SE,blekinge,2020-06-11,319,,7,4,8,0,0,SE_221
SE,blekinge,2020-06-12,343,,7,4,24,0,0,SE_221
SE,blekinge,2020-06-13,357,,7,4,14,0,0,SE_221
SE,blekinge,2020-06-14,369,,7,4,12,0,0,SE_221
SE,blekinge,2020-06-15,379,,8,4,10,0,1,SE_221
SE,blekinge,2020-06-16,382,,9,5,3,0,1,SE_221
SE,dalarna,2020-03-16,4,0,0,,,,,SE_312
SE,dalarna,2020-03-17,4,0,0,,0,0,0,SE_312
SE,dalarna,2020-03-18,8,0,0,,4,0,0,SE_312
SE,dalarna,2020-03-19,8,1,0,,0,1,0,SE_312
SE,dalarna,2020-03-20,11,1,0,,3,0,0,SE_312
SE,dalarna,2020-03-21,16,1,0,,5,0,0,SE_312
SE,dalarna,2020-03-22,16,1,0,,0,0,0,SE_312
SE,dalarna,2020-03-23,17,1,0,,1,0,0,SE_312
SE,dalarna,2020-03-24,30,1,0,,13,0,0,SE_312
SE,dalarna,2020-03-25,40,2,0,,10,1,0,SE_312
SE,dalarna,2020-03-26,52,2,0,,12,0,0,SE_312
SE,dalarna,2020-03-27,61,,2,7,9,0,2,SE_312
SE,dalarna,2020-03-28,76,,4,8,15,0,2,SE_312
SE,dalarna,2020-03-29,82,,4,8,6,0,0,SE_312
SE,dalarna,2020-03-30,82,,7,8,0,0,3,SE_312
SE,dalarna,2020-03-31,97,,9,9,15,0,2,SE_312
SE,dalarna,2020-04-01,118,,9,9,21,0,0,SE_312
SE,dalarna,2020-04-02,134,,13,10,16,0,4,SE_312
SE,dalarna,2020-04-03,147,,14,10,13,0,1,SE_312
SE,dalarna,2020-04-04,163,,16,11,16,0,2,SE_312
SE,dalarna,2020-04-05,177,,16,11,14,0,0,SE_312
SE,dalarna,2020-04-06,186,,21,12,9,0,5,SE_312
SE,dalarna,2020-04-07,215,,22,12,29,0,1,SE_312
SE,dalarna,2020-04-08,237,,27,13,22,0,5,SE_312
SE,dalarna,2020-04-09,266,,33,13,29,0,6,SE_312
SE,dalarna,2020-04-10,296,,35,18,30,0,2,SE_312
SE,dalarna,2020-04-11,313,,36,18,17,0,1,SE_312
SE,dalarna,2020-04-12,316,,37,17,3,0,1,SE_312
SE,dalarna,2020-04-13,345,,37,16,29,0,0,SE_312
SE,dalarna,2020-04-14,365,,43,29,20,0,6,SE_312
SE,dalarna,2020-04-15,378,,47,30,13,0,4,SE_312
SE,dalarna,2020-04-16,406,,48,28,28,0,1,SE_312
SE,dalarna,2020-04-17,429,,63,30,23,0,15,SE_312
SE,dalarna,2020-04-18,448,,63,31,19,0,0,SE_312
SE,dalarna,2020-04-19,483,,63,31,35,0,0,SE_312
SE,dalarna,2020-04-20,491,,63,32,8,0,0,SE_312
SE,dalarna,2020-04-21,501,,65,32,10,0,2,SE_312
SE,dalarna,2020-04-22,536,,72,33,35,0,7,SE_312
SE,dalarna,2020-04-23,569,,73,35,33,0,1,SE_312
SE,dalarna,2020-04-24,612,,79,35,43,0,6,SE_312
SE,dalarna,2020-04-25,640,,79,35,28,0,0,SE_312
SE,dalarna,2020-04-26,685,,79,39,45,0,0,SE_312
SE,dalarna,2020-04-27,689,,82,39,4,0,3,SE_312
SE,dalarna,2020-04-28,697,,83,39,8,0,1,SE_312
SE,dalarna,2020-04-29,732,,90,39,35,0,7,SE_312
SE,dalarna,2020-04-30,784,,90,39,52,0,0,SE_312
SE,dalarna,2020-05-01,798,,100,41,14,0,10,SE_312
SE,dalarna,2020-05-02,800,,101,42,2,0,1,SE_312
SE,dalarna,2020-05-03,803,,101,42,3,0,0,SE_312
SE,dalarna,2020-05-04,856,,101,42,53,0,0,SE_312
SE,dalarna,2020-05-05,868,,101,42,12,0,0,SE_312
SE,dalarna,2020-05-06,895,,101,45,27,0,0,SE_312
SE,dalarna,2020-05-07,918,,107,47,23,0,6,SE_312
SE,dalarna,2020-05-08,934,,107,47,16,0,0,SE_312
SE,dalarna,2020-05-09,952,,111,47,18,0,4,SE_312
SE,dalarna,2020-05-10,953,,111,47,1,0,0,SE_312
SE,dalarna,2020-05-11,967,,112,47,14,0,1,SE_312
SE,dalarna,2020-05-12,970,,112,47,3,0,0,SE_312
SE,dalarna,2020-05-13,988,,123,49,18,0,11,SE_312
SE,dalarna,2020-05-14,1010,,123,49,22,0,0,SE_312
SE,dalarna,2020-05-15,1025,,128,50,15,0,5,SE_312
SE,dalarna,2020-05-16,1035,,128,50,10,0,0,SE_312
SE,dalarna,2020-05-17,1039,,128,50,4,0,0,SE_312
SE,dalarna,2020-05-18,1053,,128,50,14,0,0,SE_312
SE,dalarna,2020-05-19,1063,,128,55,10,0,0,SE_312
SE,dalarna,2020-05-20,1081,,128,55,18,0,0,SE_312
SE,dalarna,2020-05-21,1095,,128,55,14,0,0,SE_312
SE,dalarna,2020-05-22,1113,,128,55,18,0,0,SE_312
SE,dalarna,2020-05-23,1114,,129,55,1,0,1,SE_312
SE,dalarna,2020-05-24,1124,,129,55,10,0,0,SE_312
SE,dalarna,2020-05-25,1131,,129,56,7,0,0,SE_312
SE,dalarna,2020-05-26,1140,,137,56,9,0,8,SE_312
SE,dalarna,2020-05-27,1158,,137,57,18,0,0,SE_312
SE,dalarna,2020-05-28,1174,,143,58,16,0,6,SE_312
SE,dalarna,2020-05-29,1190,,143,58,16,0,0,SE_312
SE,dalarna,2020-05-30,1200,,143,58,10,0,0,SE_312
SE,dalarna,2020-05-31,1215,,143,58,15,0,0,SE_312
SE,dalarna,2020-06-01,1217,,143,58,2,0,0,SE_312
SE,dalarna,2020-06-02,1227,,143,58,10,0,0,SE_312
SE,dalarna,2020-06-03,1250,,147,60,23,0,4,SE_312
SE,dalarna,2020-06-04,1264,,147,60,14,0,0,SE_312
SE,dalarna,2020-06-05,1277,,147,60,13,0,0,SE_312
SE,dalarna,2020-06-06,1297,,147,61,20,0,0,SE_312
SE,dalarna,2020-06-07,1314,,147,61,17,0,0,SE_312
SE,dalarna,2020-06-08,1315,,147,61,1,0,0,SE_312
SE,dalarna,2020-06-09,1329,,147,61,14,0,0,SE_312
SE,dalarna,2020-06-10,1345,,150,61,16,0,3,SE_312
SE,dalarna,2020-06-11,1363,,150,61,18,0,0,SE_312
SE,dalarna,2020-06-12,1372,,151,62,9,0,1,SE_312
SE,dalarna,2020-06-13,1375,,151,62,3,0,0,SE_312
SE,dalarna,2020-06-14,1385,,151,62,10,0,0,SE_312
SE,dalarna,2020-06-15,1395,,151,62,10,0,0,SE_312
SE,dalarna,2020-06-16,1398,,151,62,3,0,0,SE_312
SE,gotland,2020-03-16,2,0,0,,,,,SE_214
SE,gotland,2020-03-17,2,0,0,,0,0,0,SE_214
SE,gotland,2020-03-18,3,0,0,,1,0,0,SE_214
SE,gotland,2020-03-19,3,0,0,,0,0,0,SE_214
SE,gotland,2020-03-20,5,0,0,,2,0,0,SE_214
SE,gotland,2020-03-21,5,0,0,,0,0,0,SE_214
SE,gotland,2020-03-22,5,0,0,,0,0,0,SE_214
SE,gotland,2020-03-23,5,0,0,,0,0,0,SE_214
SE,gotland,2020-03-24,5,0,0,,0,0,0,SE_214
SE,gotland,2020-03-25,5,0,0,,0,0,0,SE_214
SE,gotland,2020-03-26,5,0,0,,0,0,0,SE_214
SE,gotland,2020-03-27,9,,0,0,4,0,0,SE_214
SE,gotland,2020-03-28,11,,0,0,2,0,0,SE_214
SE,gotland,2020-03-29,11,,0,0,0,0,0,SE_214
SE,gotland,2020-03-30,11,,0,0,0,0,0,SE_214
SE,gotland,2020-03-31,11,,0,0,0,0,0,SE_214
SE,gotland,2020-04-01,11,,0,0,0,0,0,SE_214
SE,gotland,2020-04-02,12,,0,0,1,0,0,SE_214
SE,gotland,2020-04-03,12,,0,1,0,0,0,SE_214
SE,gotland,2020-04-04,12,,0,1,0,0,0,SE_214
SE,gotland,2020-04-05,12,,0,1,0,0,0,SE_214
SE,gotland,2020-04-06,12,,0,1,0,0,0,SE_214
SE,gotland,2020-04-07,13,,0,1,1,0,0,SE_214
SE,gotland,2020-04-08,14,,0,1,1,0,0,SE_214
SE,gotland,2020-04-09,14,,0,1,0,0,0,SE_214
SE,gotland,2020-04-10,16,,0,1,2,0,0,SE_214
SE,gotland,2020-04-11,16,,0,1,0,0,0,SE_214
SE,gotland,2020-04-12,16,,0,1,0,0,0,SE_214
SE,gotland,2020-04-13,16,,0,1,0,0,0,SE_214
SE,gotland,2020-04-14,16,,0,2,0,0,0,SE_214
SE,gotland,2020-04-15,16,,0,2,0,0,0,SE_214
SE,gotland,2020-04-16,17,,0,2,1,0,0,SE_214
SE,gotland,2020-04-17,19,,1,3,2,0,1,SE_214
SE,gotland,2020-04-18,19,,1,3,0,0,0,SE_214
SE,gotland,2020-04-19,19,,1,3,0,0,0,SE_214
SE,gotland,2020-04-20,19,,1,3,0,0,0,SE_214
SE,gotland,2020-04-21,20,,1,3,1,0,0,SE_214
SE,gotland,2020-04-22,19,,1,3,-1,0,0,SE_214
SE,gotland,2020-04-23,19,,1,3,0,0,0,SE_214
SE,gotland,2020-04-24,22,,1,3,3,0,0,SE_214
SE,gotland,2020-04-25,25,,1,3,3,0,0,SE_214
SE,gotland,2020-04-26,26,,1,3,1,0,0,SE_214
SE,gotland,2020-04-27,28,,1,3,2,0,0,SE_214
SE,gotland,2020-04-28,35,,1,3,7,0,0,SE_214
SE,gotland,2020-04-29,39,,1,4,4,0,0,SE_214
SE,gotland,2020-04-30,46,,1,4,7,0,0,SE_214
SE,gotland,2020-05-01,46,,3,4,0,0,2,SE_214
SE,gotland,2020-05-02,49,,3,4,3,0,0,SE_214
SE,gotland,2020-05-03,52,,3,4,3,0,0,SE_214
SE,gotland,2020-05-04,54,,3,4,2,0,0,SE_214
SE,gotland,2020-05-05,53,,3,4,-1,0,0,SE_214
SE,gotland,2020-05-06,59,,3,4,6,0,0,SE_214
SE,gotland,2020-05-07,60,,3,4,1,0,0,SE_214
SE,gotland,2020-05-08,62,,3,4,2,0,0,SE_214
SE,gotland,2020-05-09,63,,3,4,1,0,0,SE_214
SE,gotland,2020-05-10,64,,3,4,1,0,0,SE_214
SE,gotland,2020-05-11,64,,3,4,0,0,0,SE_214
SE,gotland,2020-05-12,64,,3,4,0,0,0,SE_214
SE,gotland,2020-05-13,66,,3,4,2,0,0,SE_214
SE,gotland,2020-05-14,66,,3,4,0,0,0,SE_214
SE,gotland,2020-05-15,66,,3,4,0,0,0,SE_214
SE,gotland,2020-05-16,66,,3,4,0,0,0,SE_214
SE,gotland,2020-05-17,67,,3,4,1,0,0,SE_214
SE,gotland,2020-05-18,67,,3,4,0,0,0,SE_214
SE,gotland,2020-05-19,67,,3,4,0,0,0,SE_214
SE,gotland,2020-05-20,67,,3,4,0,0,0,SE_214
SE,gotland,2020-05-21,68,,5,4,1,0,2,SE_214
SE,gotland,2020-05-22,69,,5,5,1,0,0,SE_214
SE,gotland,2020-05-23,69,,5,5,0,0,0,SE_214
SE,gotland,2020-05-24,69,,5,5,0,0,0,SE_214
SE,gotland,2020-05-25,70,,5,5,1,0,0,SE_214
SE,gotland,2020-05-26,70,,6,5,0,0,1,SE_214
SE,gotland,2020-05-27,70,,6,5,0,0,0,SE_214
SE,gotland,2020-05-28,70,,6,5,0,0,0,SE_214
SE,gotland,2020-05-29,72,,6,5,2,0,0,SE_214
SE,gotland,2020-05-30,76,,6,5,4,0,0,SE_214
SE,gotland,2020-05-31,81,,6,5,5,0,0,SE_214
SE,gotland,2020-06-01,81,,6,5,0,0,0,SE_214
SE,gotland,2020-06-02,84,,6,5,3,0,0,SE_214
SE,gotland,2020-06-03,86,,6,5,2,0,0,SE_214
SE,gotland,2020-06-04,87,,6,5,1,0,0,SE_214
SE,gotland,2020-06-05,88,,6,5,1,0,0,SE_214
SE,gotland,2020-06-06,89,,6,5,1,0,0,SE_214
SE,gotland,2020-06-07,90,,6,5,1,0,0,SE_214
SE,gotland,2020-06-08,90,,6,5,0,0,0,SE_214
SE,gotland,2020-06-09,91,,6,5,1,0,0,SE_214
SE,gotland,2020-06-10,97,,6,5,6,0,0,SE_214
SE,gotland,2020-06-11,99,,6,5,2,0,0,SE_214
SE,gotland,2020-06-12,106,,6,5,7,0,0,SE_214
SE,gotland,2020-06-13,109,,6,5,3,0,0,SE_214
SE,gotland,2020-06-14,109,,6,5,0,0,0,SE_214
SE,gotland,2020-06-15,109,,6,5,0,0,0,SE_214
SE,gotland,2020-06-16,114,,6,5,5,0,0,SE_214
SE,gävleborg,2020-03-16,8,1,0,,,,,SE_313
SE,gävleborg,2020-03-17,9,1,0,,1,0,0,SE_313
SE,gävleborg,2020-03-18,13,1,0,,4,0,0,SE_313
SE,gävleborg,2020-03-19,15,1,0,,2,0,0,SE_313
SE,gävleborg,2020-03-20,17,1,0,,2,0,0,SE_313
SE,gävleborg,2020-03-21,20,1,0,,3,0,0,SE_313
SE,gävleborg,2020-03-22,24,1,0,,4,0,0,SE_313
SE,gävleborg,2020-03-23,24,1,0,,0,0,0,SE_313
SE,gävleborg,2020-03-24,27,1,0,,3,0,0,SE_313
SE,gävleborg,2020-03-25,32,1,0,,5,0,0,SE_313
SE,gävleborg,2020-03-26,39,1,0,,7,0,0,SE_313
SE,gävleborg,2020-03-27,44,,0,4,5,0,0,SE_313
SE,gävleborg,2020-03-28,53,,0,4,9,0,0,SE_313
SE,gävleborg,2020-03-29,66,,0,4,13,0,0,SE_313
SE,gävleborg,2020-03-30,75,,1,6,9,0,1,SE_313
SE,gävleborg,2020-03-31,86,,2,8,11,0,1,SE_313
SE,gävleborg,2020-04-01,101,,4,9,15,0,2,SE_313
SE,gävleborg,2020-04-02,131,,4,11,30,0,0,SE_313
SE,gävleborg,2020-04-03,147,,4,12,16,0,0,SE_313
SE,gävleborg,2020-04-04,163,,4,14,16,0,0,SE_313
SE,gävleborg,2020-04-05,175,,4,14,12,0,0,SE_313
SE,gävleborg,2020-04-06,182,,4,16,7,0,0,SE_313
SE,gävleborg,2020-04-07,202,,5,16,20,0,1,SE_313
SE,gävleborg,2020-04-08,209,,17,16,7,0,12,SE_313
SE,gävleborg,2020-04-09,227,,20,17,18,0,3,SE_313
SE,gävleborg,2020-04-10,245,,27,17,18,0,7,SE_313
SE,gävleborg,2020-04-11,263,,27,19,18,0,0,SE_313
SE,gävleborg,2020-04-12,273,,27,19,10,0,0,SE_313
SE,gävleborg,2020-04-13,290,,27,21,17,0,0,SE_313
SE,gävleborg,2020-04-14,301,,33,21,11,0,6,SE_313
SE,gävleborg,2020-04-15,316,,35,23,15,0,2,SE_313
SE,gävleborg,2020-04-16,335,,35,23,19,0,0,SE_313
SE,gävleborg,2020-04-17,357,,36,23,22,0,1,SE_313
SE,gävleborg,2020-04-18,373,,36,24,16,0,0,SE_313
SE,gävleborg,2020-04-19,402,,36,25,29,0,0,SE_313
SE,gävleborg,2020-04-20,411,,39,27,9,0,3,SE_313
SE,gävleborg,2020-04-21,427,,40,28,16,0,1,SE_313
SE,gävleborg,2020-04-22,443,,44,29,16,0,4,SE_313
SE,gävleborg,2020-04-23,467,,45,29,24,0,1,SE_313
SE,gävleborg,2020-04-24,475,,47,29,8,0,2,SE_313
SE,gävleborg,2020-04-25,491,,48,30,16,0,1,SE_313
SE,gävleborg,2020-04-26,514,,48,31,23,0,0,SE_313
SE,gävleborg,2020-04-27,520,,52,32,6,0,4,SE_313
SE,gävleborg,2020-04-28,534,,52,32,14,0,0,SE_313
SE,gävleborg,2020-04-29,547,,55,34,13,0,3,SE_313
SE,gävleborg,2020-04-30,571,,55,35,24,0,0,SE_313
SE,gävleborg,2020-05-01,600,,57,35,29,0,2,SE_313
SE,gävleborg,2020-05-02,611,,59,35,11,0,2,SE_313
SE,gävleborg,2020-05-03,625,,61,35,14,0,2,SE_313
SE,gävleborg,2020-05-04,635,,64,38,10,0,3,SE_313
SE,gävleborg,2020-05-05,661,,67,39,26,0,3,SE_313
SE,gävleborg,2020-05-06,670,,70,39,9,0,3,SE_313
SE,gävleborg,2020-05-07,700,,73,39,30,0,3,SE_313
SE,gävleborg,2020-05-08,728,,76,39,28,0,3,SE_313
SE,gävleborg,2020-05-09,746,,76,39,18,0,0,SE_313
SE,gävleborg,2020-05-10,802,,76,40,56,0,0,SE_313
SE,gävleborg,2020-05-11,805,,76,41,3,0,0,SE_313
SE,gävleborg,2020-05-12,833,,79,41,28,0,3,SE_313
SE,gävleborg,2020-05-13,848,,85,40,15,0,6,SE_313
SE,gävleborg,2020-05-14,882,,85,41,34,0,0,SE_313
SE,gävleborg,2020-05-15,917,,86,41,35,0,1,SE_313
SE,gävleborg,2020-05-16,950,,86,42,33,0,0,SE_313
SE,gävleborg,2020-05-17,974,,86,42,24,0,0,SE_313
SE,gävleborg,2020-05-18,979,,86,42,5,0,0,SE_313
SE,gävleborg,2020-05-19,1001,,90,42,22,0,4,SE_313
SE,gävleborg,2020-05-20,1027,,92,42,26,0,2,SE_313
SE,gävleborg,2020-05-21,1055,,94,42,28,0,2,SE_313
SE,gävleborg,2020-05-22,1078,,95,42,23,0,1,SE_313
SE,gävleborg,2020-05-23,1100,,95,43,22,0,0,SE_313
SE,gävleborg,2020-05-24,1123,,96,43,23,0,1,SE_313
SE,gävleborg,2020-05-25,1128,,96,47,5,0,0,SE_313
SE,gävleborg,2020-05-26,1154,,97,47,26,0,1,SE_313
SE,gävleborg,2020-05-27,1173,,97,48,19,0,0,SE_313
SE,gävleborg,2020-05-28,1202,,99,48,29,0,2,SE_313
SE,gävleborg,2020-05-29,1233,,102,48,31,0,3,SE_313
SE,gävleborg,2020-05-30,1258,,103,48,25,0,1,SE_313
SE,gävleborg,2020-05-31,1285,,103,48,27,0,0,SE_313
SE,gävleborg,2020-06-01,1293,,103,49,8,0,0,SE_313
SE,gävleborg,2020-06-02,1313,,106,50,20,0,3,SE_313
SE,gävleborg,2020-06-03,1351,,109,51,38,0,3,SE_313
SE,gävleborg,2020-06-04,1400,,109,53,49,0,0,SE_313
SE,gävleborg,2020-06-05,1435,,111,56,35,0,2,SE_313
SE,gävleborg,2020-06-06,1470,,112,56,35,0,1,SE_313
SE,gävleborg,2020-06-07,1503,,112,58,33,0,0,SE_313
SE,gävleborg,2020-06-08,1516,,113,58,13,0,1,SE_313
SE,gävleborg,2020-06-09,1542,,115,59,26,0,2,SE_313
SE,gävleborg,2020-06-10,1587,,118,60,45,0,3,SE_313
SE,gävleborg,2020-06-11,1637,,118,60,50,0,0,SE_313
SE,gävleborg,2020-06-12,1696,,118,62,59,0,0,SE_313
SE,gävleborg,2020-06-13,1737,,118,62,41,0,0,SE_313
SE,gävleborg,2020-06-14,1763,,118,62,26,0,0,SE_313
SE,gävleborg,2020-06-15,1794,,118,63,31,0,0,SE_313
SE,gävleborg,2020-06-16,1835,,119,64,41,0,1,SE_313
SE,halland,2020-03-16,42,4,0,,,,,SE_231
SE,halland,2020-03-17,43,4,0,,1,0,0,SE_231
SE,halland,2020-03-18,46,4,0,,3,0,0,SE_231
SE,halland,2020-03-19,48,2,0,,2,-2,0,SE_231
SE,halland,2020-03-20,51,3,0,,3,1,0,SE_231
SE,halland,2020-03-21,55,3,0,,4,0,0,SE_231
SE,halland,2020-03-22,58,3,0,,3,0,0,SE_231
SE,halland,2020-03-23,59,3,0,,1,0,0,SE_231
SE,halland,2020-03-24,63,3,0,,4,0,0,SE_231
SE,halland,2020-03-25,66,3,0,,3,0,0,SE_231
SE,halland,2020-03-26,70,2,0,,4,-1,0,SE_231
SE,halland,2020-03-27,78,,1,3,8,0,1,SE_231
SE,halland,2020-03-28,81,,1,3,3,0,0,SE_231
SE,halland,2020-03-29,87,,1,3,6,0,0,SE_231
SE,halland,2020-03-30,89,,6,3,2,0,5,SE_231
SE,halland,2020-03-31,96,,7,6,7,0,1,SE_231
SE,halland,2020-04-01,101,,7,6,5,0,0,SE_231
SE,halland,2020-04-02,105,,8,8,4,0,1,SE_231
SE,halland,2020-04-03,114,,8,10,9,0,0,SE_231
SE,halland,2020-04-04,126,,9,10,12,0,1,SE_231
SE,halland,2020-04-05,127,,11,10,1,0,2,SE_231
SE,halland,2020-04-06,131,,12,11,4,0,1,SE_231
SE,halland,2020-04-07,141,,14,12,10,0,2,SE_231
SE,halland,2020-04-08,154,,14,12,13,0,0,SE_231
SE,halland,2020-04-09,167,,15,12,13,0,1,SE_231
SE,halland,2020-04-10,175,,15,14,8,0,0,SE_231
SE,halland,2020-04-11,180,,15,14,5,0,0,SE_231
SE,halland,2020-04-12,182,,15,14,2,0,0,SE_231
SE,halland,2020-04-13,185,,15,14,3,0,0,SE_231
SE,halland,2020-04-14,189,,16,15,4,0,1,SE_231
SE,halland,2020-04-15,194,,17,15,5,0,1,SE_231
SE,halland,2020-04-16,200,,21,15,6,0,4,SE_231
SE,halland,2020-04-17,217,,23,15,17,0,2,SE_231
SE,halland,2020-04-18,224,,23,15,7,0,0,SE_231
SE,halland,2020-04-19,231,,23,19,7,0,0,SE_231
SE,halland,2020-04-20,241,,23,19,10,0,0,SE_231
SE,halland,2020-04-21,247,,24,19,6,0,1,SE_231
SE,halland,2020-04-22,259,,26,19,12,0,2,SE_231
SE,halland,2020-04-23,288,,28,19,29,0,2,SE_231
SE,halland,2020-04-24,298,,29,19,10,0,1,SE_231
SE,halland,2020-04-25,300,,29,20,2,0,0,SE_231
SE,halland,2020-04-26,300,,29,20,0,0,0,SE_231
SE,halland,2020-04-27,305,,31,20,5,0,2,SE_231
SE,halland,2020-04-28,341,,31,20,36,0,0,SE_231
SE,halland,2020-04-29,349,,31,20,8,0,0,SE_231
SE,halland,2020-04-30,366,,34,23,17,0,3,SE_231
SE,halland,2020-05-01,371,,34,23,5,0,0,SE_231
SE,halland,2020-05-02,377,,34,23,6,0,0,SE_231
SE,halland,2020-05-03,381,,35,24,4,0,1,SE_231
SE,halland,2020-05-04,387,,36,25,6,0,1,SE_231
SE,halland,2020-05-05,395,,37,25,8,0,1,SE_231
SE,halland,2020-05-06,418,,38,26,23,0,1,SE_231
SE,halland,2020-05-07,441,,40,26,23,0,2,SE_231
SE,halland,2020-05-08,453,,41,26,12,0,1,SE_231
SE,halland,2020-05-09,468,,42,26,15,0,1,SE_231
SE,halland,2020-05-10,473,,42,27,5,0,0,SE_231
SE,halland,2020-05-11,479,,43,27,6,0,1,SE_231
SE,halland,2020-05-12,487,,43,28,8,0,0,SE_231
SE,halland,2020-05-13,500,,44,27,13,0,1,SE_231
SE,halland,2020-05-14,508,,45,28,8,0,1,SE_231
SE,halland,2020-05-15,529,,45,29,21,0,0,SE_231
SE,halland,2020-05-16,538,,45,30,9,0,0,SE_231
SE,halland,2020-05-17,550,,45,30,12,0,0,SE_231
SE,halland,2020-05-18,554,,46,29,4,0,1,SE_231
SE,halland,2020-05-19,574,,48,26,20,0,2,SE_231
SE,halland,2020-05-20,587,,48,26,13,0,0,SE_231
SE,halland,2020-05-21,632,,48,26,45,0,0,SE_231
SE,halland,2020-05-22,639,,48,26,7,0,0,SE_231
SE,halland,2020-05-23,647,,51,26,8,0,3,SE_231
SE,halland,2020-05-24,653,,51,26,6,0,0,SE_231
SE,halland,2020-05-25,655,,52,26,2,0,1,SE_231
SE,halland,2020-05-26,663,,52,28,8,0,0,SE_231
SE,halland,2020-05-27,693,,52,28,30,0,0,SE_231
SE,halland,2020-05-28,723,,53,29,30,0,1,SE_231
SE,halland,2020-05-29,751,,53,30,28,0,0,SE_231
SE,halland,2020-05-30,762,,53,30,11,0,0,SE_231
SE,halland,2020-05-31,773,,53,30,11,0,0,SE_231
SE,halland,2020-06-01,781,,53,30,8,0,0,SE_231
SE,halland,2020-06-02,803,,53,30,22,0,0,SE_231
SE,halland,2020-06-03,833,,56,30,30,0,3,SE_231
SE,halland,2020-06-04,843,,56,30,10,0,0,SE_231
SE,halland,2020-06-05,870,,56,30,27,0,0,SE_231
SE,halland,2020-06-06,887,,57,31,17,0,1,SE_231
SE,halland,2020-06-07,913,,57,31,26,0,0,SE_231
SE,halland,2020-06-08,920,,57,32,7,0,0,SE_231
SE,halland,2020-06-09,937,,57,33,17,0,0,SE_231
SE,halland,2020-06-10,963,,60,33,26,0,3,SE_231
SE,halland,2020-06-11,994,,60,33,31,0,0,SE_231
SE,halland,2020-06-12,1020,,60,33,26,0,0,SE_231
SE,halland,2020-06-13,1049,,60,33,29,0,0,SE_231
SE,halland,2020-06-14,1060,,60,33,11,0,0,SE_231
SE,halland,2020-06-15,1066,,60,33,6,0,0,SE_231
SE,halland,2020-06-16,1084,,60,33,18,0,0,SE_231
SE,jämtland härjedalen,2020-03-16,19,2,0,,,,,SE_322
SE,jämtland härjedalen,2020-03-17,22,2,0,,3,0,0,SE_322
SE,jämtland härjedalen,2020-03-18,22,2,0,,0,0,0,SE_322
SE,jämtland härjedalen,2020-03-19,24,2,0,,2,0,0,SE_322
SE,jämtland härjedalen,2020-03-20,27,2,0,,3,0,0,SE_322
SE,jämtland härjedalen,2020-03-21,30,2,0,,3,0,0,SE_322
SE,jämtland härjedalen,2020-03-22,40,2,0,,10,0,0,SE_322
SE,jämtland härjedalen,2020-03-23,49,2,0,,9,0,0,SE_322
SE,jämtland härjedalen,2020-03-24,55,2,0,,6,0,0,SE_322
SE,jämtland härjedalen,2020-03-25,59,2,0,,4,0,0,SE_322
SE,jämtland härjedalen,2020-03-26,60,2,0,,1,0,0,SE_322
SE,jämtland härjedalen,2020-03-27,68,,0,0,8,0,0,SE_322
SE,jämtland härjedalen,2020-03-28,71,,0,0,3,0,0,SE_322
SE,jämtland härjedalen,2020-03-29,77,,0,0,6,0,0,SE_322
SE,jämtland härjedalen,2020-03-30,77,,0,1,0,0,0,SE_322
SE,jämtland härjedalen,2020-03-31,81,,0,1,4,0,0,SE_322
SE,jämtland härjedalen,2020-04-01,82,,0,1,1,0,0,SE_322
SE,jämtland härjedalen,2020-04-02,82,,0,1,0,0,0,SE_322
SE,jämtland härjedalen,2020-04-03,84,,0,1,2,0,0,SE_322
SE,jämtland härjedalen,2020-04-04,86,,0,2,2,0,0,SE_322
SE,jämtland härjedalen,2020-04-05,89,,0,3,3,0,0,SE_322
SE,jämtland härjedalen,2020-04-06,90,,0,3,1,0,0,SE_322
SE,jämtland härjedalen,2020-04-07,92,,0,3,2,0,0,SE_322
SE,jämtland härjedalen,2020-04-08,97,,0,3,5,0,0,SE_322
SE,jämtland härjedalen,2020-04-09,107,,0,3,10,0,0,SE_322
SE,jämtland härjedalen,2020-04-10,115,,0,3,8,0,0,SE_322
SE,jämtland härjedalen,2020-04-11,123,,0,4,8,0,0,SE_322
SE,jämtland härjedalen,2020-04-12,127,,0,4,4,0,0,SE_322
SE,jämtland härjedalen,2020-04-13,131,,0,4,4,0,0,SE_322
SE,jämtland härjedalen,2020-04-14,137,,0,4,6,0,0,SE_322
SE,jämtland härjedalen,2020-04-15,155,,0,4,18,0,0,SE_322
SE,jämtland härjedalen,2020-04-16,169,,1,4,14,0,1,SE_322
SE,jämtland härjedalen,2020-04-17,181,,1,4,12,0,0,SE_322
SE,jämtland härjedalen,2020-04-18,187,,1,4,6,0,0,SE_322
SE,jämtland härjedalen,2020-04-19,209,,1,5,22,0,0,SE_322
SE,jämtland härjedalen,2020-04-20,213,,1,5,4,0,0,SE_322
SE,jämtland härjedalen,2020-04-21,214,,1,5,1,0,0,SE_322
SE,jämtland härjedalen,2020-04-22,234,,10,6,20,0,9,SE_322
SE,jämtland härjedalen,2020-04-23,249,,10,7,15,0,0,SE_322
SE,jämtland härjedalen,2020-04-24,261,,11,7,12,0,1,SE_322
SE,jämtland härjedalen,2020-04-25,264,,11,7,3,0,0,SE_322
SE,jämtland härjedalen,2020-04-26,277,,11,7,13,0,0,SE_322
SE,jämtland härjedalen,2020-04-27,281,,11,7,4,0,0,SE_322
SE,jämtland härjedalen,2020-04-28,288,,11,8,7,0,0,SE_322
SE,jämtland härjedalen,2020-04-29,294,,11,8,6,0,0,SE_322
SE,jämtland härjedalen,2020-04-30,322,,11,8,28,0,0,SE_322
SE,jämtland härjedalen,2020-05-01,331,,11,8,9,0,0,SE_322
SE,jämtland härjedalen,2020-05-02,338,,11,8,7,0,0,SE_322
SE,jämtland härjedalen,2020-05-03,348,,11,8,10,0,0,SE_322
SE,jämtland härjedalen,2020-05-04,359,,11,8,11,0,0,SE_322
SE,jämtland härjedalen,2020-05-05,366,,11,8,7,0,0,SE_322
SE,jämtland härjedalen,2020-05-06,386,,11,9,20,0,0,SE_322
SE,jämtland härjedalen,2020-05-07,406,,13,10,20,0,2,SE_322
SE,jämtland härjedalen,2020-05-08,414,,14,10,8,0,1,SE_322
SE,jämtland härjedalen,2020-05-09,433,,14,10,19,0,0,SE_322
SE,jämtland härjedalen,2020-05-10,437,,14,11,4,0,0,SE_322
SE,jämtland härjedalen,2020-05-11,445,,14,12,8,0,0,SE_322
SE,jämtland härjedalen,2020-05-12,461,,15,12,16,0,1,SE_322
SE,jämtland härjedalen,2020-05-13,472,,15,12,11,0,0,SE_322
SE,jämtland härjedalen,2020-05-14,495,,15,12,23,0,0,SE_322
SE,jämtland härjedalen,2020-05-15,517,,15,13,22,0,0,SE_322
SE,jämtland härjedalen,2020-05-16,522,,17,13,5,0,2,SE_322
SE,jämtland härjedalen,2020-05-17,536,,17,13,14,0,0,SE_322
SE,jämtland härjedalen,2020-05-18,550,,17,13,14,0,0,SE_322
SE,jämtland härjedalen,2020-05-19,559,,18,12,9,0,1,SE_322
SE,jämtland härjedalen,2020-05-20,570,,18,12,11,0,0,SE_322
SE,jämtland härjedalen,2020-05-21,593,,25,13,23,0,7,SE_322
SE,jämtland härjedalen,2020-05-22,607,,25,13,14,0,0,SE_322
SE,jämtland härjedalen,2020-05-23,626,,25,14,19,0,0,SE_322
SE,jämtland härjedalen,2020-05-24,628,,25,15,2,0,0,SE_322
SE,jämtland härjedalen,2020-05-25,637,,25,15,9,0,0,SE_322
SE,jämtland härjedalen,2020-05-26,651,,25,15,14,0,0,SE_322
SE,jämtland härjedalen,2020-05-27,657,,25,15,6,0,0,SE_322
SE,jämtland härjedalen,2020-05-28,678,,26,15,21,0,1,SE_322
SE,jämtland härjedalen,2020-05-29,694,,32,15,16,0,6,SE_322
SE,jämtland härjedalen,2020-05-30,709,,32,15,15,0,0,SE_322
SE,jämtland härjedalen,2020-05-31,722,,32,15,13,0,0,SE_322
SE,jämtland härjedalen,2020-06-01,729,,32,15,7,0,0,SE_322
SE,jämtland härjedalen,2020-06-02,742,,32,15,13,0,0,SE_322
SE,jämtland härjedalen,2020-06-03,744,,33,15,2,0,1,SE_322
SE,jämtland härjedalen,2020-06-04,757,,33,15,13,0,0,SE_322
SE,jämtland härjedalen,2020-06-05,774,,33,15,17,0,0,SE_322
SE,jämtland härjedalen,2020-06-06,792,,33,15,18,0,0,SE_322
SE,jämtland härjedalen,2020-06-07,803,,34,15,11,0,1,SE_322
SE,jämtland härjedalen,2020-06-08,809,,34,16,6,0,0,SE_322
SE,jämtland härjedalen,2020-06-09,817,,34,16,8,0,0,SE_322
SE,jämtland härjedalen,2020-06-10,839,,34,16,22,0,0,SE_322
SE,jämtland härjedalen,2020-06-11,847,,34,16,8,0,0,SE_322
SE,jämtland härjedalen,2020-06-12,862,,39,16,15,0,5,SE_322
SE,jämtland härjedalen,2020-06-13,868,,39,16,6,0,0,SE_322
SE,jämtland härjedalen,2020-06-14,884,,39,16,16,0,0,SE_322
SE,jämtland härjedalen,2020-06-15,884,,39,16,0,0,0,SE_322
SE,jämtland härjedalen,2020-06-16,920,,40,16,36,0,1,SE_322
SE,jönköping,2020-03-16,42,4,0,,,,,SE_211
SE,jönköping,2020-03-17,43,4,0,,1,0,0,SE_211
SE,jönköping,2020-03-18,44,3,0,,1,-1,0,SE_211
SE,jönköping,2020-03-19,46,3,0,,2,0,0,SE_211
SE,jönköping,2020-03-20,48,3,0,,2,0,0,SE_211
SE,jönköping,2020-03-21,51,3,0,,3,0,0,SE_211
SE,jönköping,2020-03-22,55,3,0,,4,0,0,SE_211
SE,jönköping,2020-03-23,56,3,0,,1,0,0,SE_211
SE,jönköping,2020-03-24,59,3,0,,3,0,0,SE_211
SE,jönköping,2020-03-25,65,3,0,,6,0,0,SE_211
SE,jönköping,2020-03-26,70,2,0,,5,-1,0,SE_211
SE,jönköping,2020-03-27,79,,2,7,9,0,2,SE_211
SE,jönköping,2020-03-28,94,,3,9,15,0,1,SE_211
SE,jönköping,2020-03-29,103,,6,9,9,0,3,SE_211
SE,jönköping,2020-03-30,109,,8,10,6,0,2,SE_211
SE,jönköping,2020-03-31,126,,9,11,17,0,1,SE_211
SE,jönköping,2020-04-01,142,,10,11,16,0,1,SE_211
SE,jönköping,2020-04-02,155,,11,13,13,0,1,SE_211
SE,jönköping,2020-04-03,187,,13,15,32,0,2,SE_211
SE,jönköping,2020-04-04,199,,13,17,12,0,0,SE_211
SE,jönköping,2020-04-05,223,,13,20,24,0,0,SE_211
SE,jönköping,2020-04-06,233,,13,21,10,0,0,SE_211
SE,jönköping,2020-04-07,254,,15,21,21,0,2,SE_211
SE,jönköping,2020-04-08,270,,20,24,16,0,5,SE_211
SE,jönköping,2020-04-09,295,,23,25,25,0,3,SE_211
SE,jönköping,2020-04-10,317,,24,27,22,0,1,SE_211
SE,jönköping,2020-04-11,336,,24,27,19,0,0,SE_211
SE,jönköping,2020-04-12,340,,25,27,4,0,1,SE_211
SE,jönköping,2020-04-13,350,,25,28,10,0,0,SE_211
SE,jönköping,2020-04-14,355,,33,29,5,0,8,SE_211
SE,jönköping,2020-04-15,367,,34,29,12,0,1,SE_211
SE,jönköping,2020-04-16,395,,37,30,28,0,3,SE_211
SE,jönköping,2020-04-17,417,,38,32,22,0,1,SE_211
SE,jönköping,2020-04-18,450,,38,34,33,0,0,SE_211
SE,jönköping,2020-04-19,489,,38,35,39,0,0,SE_211
SE,jönköping,2020-04-20,505,,39,38,16,0,1,SE_211
SE,jönköping,2020-04-21,522,,41,40,17,0,2,SE_211
SE,jönköping,2020-04-22,559,,47,40,37,0,6,SE_211
SE,jönköping,2020-04-23,592,,49,42,33,0,2,SE_211
SE,jönköping,2020-04-24,636,,51,42,44,0,2,SE_211
SE,jönköping,2020-04-25,661,,51,44,25,0,0,SE_211
SE,jönköping,2020-04-26,680,,51,46,19,0,0,SE_211
SE,jönköping,2020-04-27,682,,53,48,2,0,2,SE_211
SE,jönköping,2020-04-28,712,,53,49,30,0,0,SE_211
SE,jönköping,2020-04-29,729,,65,50,17,0,12,SE_211
SE,jönköping,2020-04-30,772,,67,50,43,0,2,SE_211
SE,jönköping,2020-05-01,789,,69,51,17,0,2,SE_211
SE,jönköping,2020-05-02,821,,69,51,32,0,0,SE_211
SE,jönköping,2020-05-03,839,,72,51,18,0,3,SE_211
SE,jönköping,2020-05-04,846,,75,51,7,0,3,SE_211
SE,jönköping,2020-05-05,865,,81,52,19,0,6,SE_211
SE,jönköping,2020-05-06,887,,85,53,22,0,4,SE_211
SE,jönköping,2020-05-07,919,,85,52,32,0,0,SE_211
SE,jönköping,2020-05-08,935,,93,54,16,0,8,SE_211
SE,jönköping,2020-05-09,963,,93,54,28,0,0,SE_211
SE,jönköping,2020-05-10,967,,93,54,4,0,0,SE_211
SE,jönköping,2020-05-11,998,,96,56,31,0,3,SE_211
SE,jönköping,2020-05-12,1015,,97,57,17,0,1,SE_211
SE,jönköping,2020-05-13,1044,,108,57,29,0,11,SE_211
SE,jönköping,2020-05-14,1081,,110,57,37,0,2,SE_211
SE,jönköping,2020-05-15,1111,,113,58,30,0,3,SE_211
SE,jönköping,2020-05-16,1126,,113,58,15,0,0,SE_211
SE,jönköping,2020-05-17,1147,,113,58,21,0,0,SE_211
SE,jönköping,2020-05-18,1168,,116,60,21,0,3,SE_211
SE,jönköping,2020-05-19,1182,,117,63,14,0,1,SE_211
SE,jönköping,2020-05-20,1220,,121,63,38,0,4,SE_211
SE,jönköping,2020-05-21,1252,,121,64,32,0,0,SE_211
SE,jönköping,2020-05-22,1276,,121,65,24,0,0,SE_211
SE,jönköping,2020-05-23,1288,,121,65,12,0,0,SE_211
SE,jönköping,2020-05-24,1294,,121,67,6,0,0,SE_211
SE,jönköping,2020-05-25,1323,,126,67,29,0,5,SE_211
SE,jönköping,2020-05-26,1359,,128,68,36,0,2,SE_211
SE,jönköping,2020-05-27,1401,,130,70,42,0,2,SE_211
SE,jönköping,2020-05-28,1449,,131,72,48,0,1,SE_211
SE,jönköping,2020-05-29,1486,,138,72,37,0,7,SE_211
SE,jönköping,2020-05-30,1508,,138,72,22,0,0,SE_211
SE,jönköping,2020-05-31,1538,,138,72,30,0,0,SE_211
SE,jönköping,2020-06-01,1554,,139,75,16,0,1,SE_211
SE,jönköping,2020-06-02,1572,,139,75,18,0,0,SE_211
SE,jönköping,2020-06-03,1613,,140,76,41,0,1,SE_211
SE,jönköping,2020-06-04,1647,,141,77,34,0,1,SE_211
SE,jönköping,2020-06-05,1681,,144,76,34,0,3,SE_211
SE,jönköping,2020-06-06,1719,,144,76,38,0,0,SE_211
SE,jönköping,2020-06-07,1750,,144,78,31,0,0,SE_211
SE,jönköping,2020-06-08,1751,,146,78,1,0,2,SE_211
SE,jönköping,2020-06-09,1792,,148,78,41,0,2,SE_211
SE,jönköping,2020-06-10,1857,,149,78,65,0,1,SE_211
SE,jönköping,2020-06-11,2009,,150,78,152,0,1,SE_211
SE,jönköping,2020-06-12,2137,,152,80,128,0,2,SE_211
SE,jönköping,2020-06-13,2268,,152,80,131,0,0,SE_211
SE,jönköping,2020-06-14,2291,,152,80,23,0,0,SE_211
SE,jönköping,2020-06-15,2394,,153,81,103,0,1,SE_211
SE,jönköping,2020-06-16,2426,,153,81,32,0,0,SE_211
SE,kalmar,2020-03-16,7,1,0,,,,,SE_213
SE,kalmar,2020-03-17,7,1,0,,0,0,0,SE_213
SE,kalmar,2020-03-18,7,1,0,,0,0,0,SE_213
SE,kalmar,2020-03-19,7,1,0,,0,0,0,SE_213
SE,kalmar,2020-03-20,9,1,0,,2,0,0,SE_213
SE,kalmar,2020-03-21,10,1,0,,1,0,0,SE_213
SE,kalmar,2020-03-22,11,1,0,,1,0,0,SE_213
SE,kalmar,2020-03-23,12,1,0,,1,0,0,SE_213
SE,kalmar,2020-03-24,15,1,0,,3,0,0,SE_213
SE,kalmar,2020-03-25,17,1,0,,2,0,0,SE_213
SE,kalmar,2020-03-26,19,1,0,,2,0,0,SE_213
SE,kalmar,2020-03-27,25,,1,0,6,0,1,SE_213
SE,kalmar,2020-03-28,28,,1,1,3,0,0,SE_213
SE,kalmar,2020-03-29,30,,1,1,2,0,0,SE_213
SE,kalmar,2020-03-30,31,,1,1,1,0,0,SE_213
SE,kalmar,2020-03-31,34,,1,2,3,0,0,SE_213
SE,kalmar,2020-04-01,38,,1,2,4,0,0,SE_213
SE,kalmar,2020-04-02,42,,1,2,4,0,0,SE_213
SE,kalmar,2020-04-03,46,,1,2,4,0,0,SE_213
SE,kalmar,2020-04-04,47,,1,4,1,0,0,SE_213
SE,kalmar,2020-04-05,49,,1,4,2,0,0,SE_213
SE,kalmar,2020-04-06,52,,1,4,3,0,0,SE_213
SE,kalmar,2020-04-07,57,,3,7,5,0,2,SE_213
SE,kalmar,2020-04-08,61,,4,7,4,0,1,SE_213
SE,kalmar,2020-04-09,63,,4,7,2,0,0,SE_213
SE,kalmar,2020-04-10,64,,4,8,1,0,0,SE_213
SE,kalmar,2020-04-11,65,,4,8,1,0,0,SE_213
SE,kalmar,2020-04-12,68,,4,7,3,0,0,SE_213
SE,kalmar,2020-04-13,70,,4,8,2,0,0,SE_213
SE,kalmar,2020-04-14,79,,5,9,9,0,1,SE_213
SE,kalmar,2020-04-15,82,,5,8,3,0,0,SE_213
SE,kalmar,2020-04-16,83,,6,10,1,0,1,SE_213
SE,kalmar,2020-04-17,89,,6,10,6,0,0,SE_213
SE,kalmar,2020-04-18,91,,6,11,2,0,0,SE_213
SE,kalmar,2020-04-19,94,,6,11,3,0,0,SE_213
SE,kalmar,2020-04-20,98,,6,14,4,0,0,SE_213
SE,kalmar,2020-04-21,108,,6,16,10,0,0,SE_213
SE,kalmar,2020-04-22,115,,7,16,7,0,1,SE_213
SE,kalmar,2020-04-23,128,,10,16,13,0,3,SE_213
SE,kalmar,2020-04-24,137,,10,16,9,0,0,SE_213
SE,kalmar,2020-04-25,139,,10,17,2,0,0,SE_213
SE,kalmar,2020-04-26,140,,10,17,1,0,0,SE_213
SE,kalmar,2020-04-27,146,,10,17,6,0,0,SE_213
SE,kalmar,2020-04-28,151,,11,19,5,0,1,SE_213
SE,kalmar,2020-04-29,155,,11,19,4,0,0,SE_213
SE,kalmar,2020-04-30,167,,12,19,12,0,1,SE_213
SE,kalmar,2020-05-01,172,,12,19,5,0,0,SE_213
SE,kalmar,2020-05-02,179,,12,20,7,0,0,SE_213
SE,kalmar,2020-05-03,179,,12,20,0,0,0,SE_213
SE,kalmar,2020-05-04,187,,12,20,8,0,0,SE_213
SE,kalmar,2020-05-05,196,,13,21,9,0,1,SE_213
SE,kalmar,2020-05-06,200,,14,21,4,0,1,SE_213
SE,kalmar,2020-05-07,205,,15,21,5,0,1,SE_213
SE,kalmar,2020-05-08,213,,16,22,8,0,1,SE_213
SE,kalmar,2020-05-09,218,,16,22,5,0,0,SE_213
SE,kalmar,2020-05-10,224,,16,22,6,0,0,SE_213
SE,kalmar,2020-05-11,226,,16,22,2,0,0,SE_213
SE,kalmar,2020-05-12,233,,17,22,7,0,1,SE_213
SE,kalmar,2020-05-13,237,,17,22,4,0,0,SE_213
SE,kalmar,2020-05-14,238,,18,23,1,0,1,SE_213
SE,kalmar,2020-05-15,244,,25,23,6,0,7,SE_213
SE,kalmar,2020-05-16,250,,25,23,6,0,0,SE_213
SE,kalmar,2020-05-17,254,,25,23,4,0,0,SE_213
SE,kalmar,2020-05-18,257,,25,23,3,0,0,SE_213
SE,kalmar,2020-05-19,263,,25,23,6,0,0,SE_213
SE,kalmar,2020-05-20,264,,26,23,1,0,1,SE_213
SE,kalmar,2020-05-21,268,,26,23,4,0,0,SE_213
SE,kalmar,2020-05-22,268,,26,23,0,0,0,SE_213
SE,kalmar,2020-05-23,275,,29,23,7,0,3,SE_213
SE,kalmar,2020-05-24,279,,29,23,4,0,0,SE_213
SE,kalmar,2020-05-25,280,,29,23,1,0,0,SE_213
SE,kalmar,2020-05-26,300,,30,23,20,0,1,SE_213
SE,kalmar,2020-05-27,312,,31,23,12,0,1,SE_213
SE,kalmar,2020-05-28,326,,35,23,14,0,4,SE_213
SE,kalmar,2020-05-29,344,,35,23,18,0,0,SE_213
SE,kalmar,2020-05-30,348,,35,23,4,0,0,SE_213
SE,kalmar,2020-05-31,349,,35,23,1,0,0,SE_213
SE,kalmar,2020-06-01,352,,35,23,3,0,0,SE_213
SE,kalmar,2020-06-02,362,,36,23,10,0,1,SE_213
SE,kalmar,2020-06-03,367,,36,24,5,0,0,SE_213
SE,kalmar,2020-06-04,376,,36,26,9,0,0,SE_213
SE,kalmar,2020-06-05,390,,39,26,14,0,3,SE_213
SE,kalmar,2020-06-06,405,,39,26,15,0,0,SE_213
SE,kalmar,2020-06-07,406,,39,26,1,0,0,SE_213
SE,kalmar,2020-06-08,408,,39,27,2,0,0,SE_213
SE,kalmar,2020-06-09,421,,41,27,13,0,2,SE_213
SE,kalmar,2020-06-10,440,,41,27,19,0,0,SE_213
SE,kalmar,2020-06-11,447,,41,27,7,0,0,SE_213
SE,kalmar,2020-06-12,457,,41,27,10,0,0,SE_213
SE,kalmar,2020-06-13,469,,41,27,12,0,0,SE_213
SE,kalmar,2020-06-14,476,,41,28,7,0,0,SE_213
SE,kalmar,2020-06-15,479,,41,28,3,0,0,SE_213
SE,kalmar,2020-06-16,495,,42,28,16,0,1,SE_213
SE,kronoberg,2020-03-16,15,1,0,,,,,SE_212
SE,kronoberg,2020-03-17,15,1,0,,0,0,0,SE_212
SE,kronoberg,2020-03-18,16,1,0,,1,0,0,SE_212
SE,kronoberg,2020-03-19,18,1,0,,2,0,0,SE_212
SE,kronoberg,2020-03-20,18,1,0,,0,0,0,SE_212
SE,kronoberg,2020-03-21,18,1,0,,0,0,0,SE_212
SE,kronoberg,2020-03-22,18,1,0,,0,0,0,SE_212
SE,kronoberg,2020-03-23,18,1,0,,0,0,0,SE_212
SE,kronoberg,2020-03-24,18,1,0,,0,0,0,SE_212
SE,kronoberg,2020-03-25,19,1,0,,1,0,0,SE_212
SE,kronoberg,2020-03-26,20,1,0,,1,0,0,SE_212
SE,kronoberg,2020-03-27,22,,0,0,2,0,0,SE_212
SE,kronoberg,2020-03-28,23,,0,0,1,0,0,SE_212
SE,kronoberg,2020-03-29,27,,0,0,4,0,0,SE_212
SE,kronoberg,2020-03-30,30,,0,0,3,0,0,SE_212
SE,kronoberg,2020-03-31,34,,0,0,4,0,0,SE_212
SE,kronoberg,2020-04-01,39,,0,0,5,0,0,SE_212
SE,kronoberg,2020-04-02,40,,0,0,1,0,0,SE_212
SE,kronoberg,2020-04-03,45,,0,0,5,0,0,SE_212
SE,kronoberg,2020-04-04,49,,0,1,4,0,0,SE_212
SE,kronoberg,2020-04-05,49,,0,1,0,0,0,SE_212
SE,kronoberg,2020-04-06,53,,0,1,4,0,0,SE_212
SE,kronoberg,2020-04-07,54,,1,1,1,0,1,SE_212
SE,kronoberg,2020-04-08,61,,1,2,7,0,0,SE_212
SE,kronoberg,2020-04-09,77,,1,2,16,0,0,SE_212
SE,kronoberg,2020-04-10,82,,1,3,5,0,0,SE_212
SE,kronoberg,2020-04-11,87,,1,3,5,0,0,SE_212
SE,kronoberg,2020-04-12,97,,1,1,10,0,0,SE_212
SE,kronoberg,2020-04-13,98,,1,1,1,0,0,SE_212
SE,kronoberg,2020-04-14,104,,1,3,6,0,0,SE_212
SE,kronoberg,2020-04-15,109,,4,1,5,0,3,SE_212
SE,kronoberg,2020-04-16,122,,6,3,13,0,2,SE_212
SE,kronoberg,2020-04-17,140,,7,3,18,0,1,SE_212
SE,kronoberg,2020-04-18,142,,7,4,2,0,0,SE_212
SE,kronoberg,2020-04-19,164,,8,4,22,0,1,SE_212
SE,kronoberg,2020-04-20,175,,9,4,11,0,1,SE_212
SE,kronoberg,2020-04-21,184,,11,3,9,0,2,SE_212
SE,kronoberg,2020-04-22,198,,11,3,14,0,0,SE_212
SE,kronoberg,2020-04-23,211,,12,4,13,0,1,SE_212
SE,kronoberg,2020-04-24,228,,12,4,17,0,0,SE_212
SE,kronoberg,2020-04-25,238,,14,4,10,0,2,SE_212
SE,kronoberg,2020-04-26,259,,14,4,21,0,0,SE_212
SE,kronoberg,2020-04-27,263,,17,7,4,0,3,SE_212
SE,kronoberg,2020-04-28,270,,19,9,7,0,2,SE_212
SE,kronoberg,2020-04-29,291,,22,9,21,0,3,SE_212
SE,kronoberg,2020-04-30,306,,23,9,15,0,1,SE_212
SE,kronoberg,2020-05-01,312,,23,8,6,0,0,SE_212
SE,kronoberg,2020-05-02,332,,23,8,20,0,0,SE_212
SE,kronoberg,2020-05-03,337,,23,8,5,0,0,SE_212
SE,kronoberg,2020-05-04,354,,24,8,17,0,1,SE_212
SE,kronoberg,2020-05-05,360,,26,8,6,0,2,SE_212
SE,kronoberg,2020-05-06,392,,28,8,32,0,2,SE_212
SE,kronoberg,2020-05-07,414,,31,9,22,0,3,SE_212
SE,kronoberg,2020-05-08,439,,33,9,25,0,2,SE_212
SE,kronoberg,2020-05-09,463,,33,9,24,0,0,SE_212
SE,kronoberg,2020-05-10,495,,33,9,32,0,0,SE_212
SE,kronoberg,2020-05-11,495,,33,9,0,0,0,SE_212
SE,kronoberg,2020-05-12,507,,34,11,12,0,1,SE_212
SE,kronoberg,2020-05-13,535,,34,12,28,0,0,SE_212
SE,kronoberg,2020-05-14,566,,35,12,31,0,1,SE_212
SE,kronoberg,2020-05-15,584,,35,12,18,0,0,SE_212
SE,kronoberg,2020-05-16,592,,39,13,8,0,4,SE_212
SE,kronoberg,2020-05-17,623,,39,13,31,0,0,SE_212
SE,kronoberg,2020-05-18,630,,39,13,7,0,0,SE_212
SE,kronoberg,2020-05-19,641,,40,11,11,0,1,SE_212
SE,kronoberg,2020-05-20,665,,44,13,24,0,4,SE_212
SE,kronoberg,2020-05-21,676,,50,13,11,0,6,SE_212
SE,kronoberg,2020-05-22,703,,50,13,27,0,0,SE_212
SE,kronoberg,2020-05-23,716,,50,13,13,0,0,SE_212
SE,kronoberg,2020-05-24,718,,50,13,2,0,0,SE_212
SE,kronoberg,2020-05-25,745,,50,13,27,0,0,SE_212
SE,kronoberg,2020-05-26,753,,59,15,8,0,9,SE_212
SE,kronoberg,2020-05-27,769,,62,16,16,0,3,SE_212
SE,kronoberg,2020-05-28,797,,62,17,28,0,0,SE_212
SE,kronoberg,2020-05-29,816,,65,17,19,0,3,SE_212
SE,kronoberg,2020-05-30,827,,65,17,11,0,0,SE_212
SE,kronoberg,2020-05-31,839,,65,17,12,0,0,SE_212
SE,kronoberg,2020-06-01,840,,65,17,1,0,0,SE_212
SE,kronoberg,2020-06-02,855,,69,17,15,0,4,SE_212
SE,kronoberg,2020-06-03,873,,71,17,18,0,2,SE_212
SE,kronoberg,2020-06-04,886,,74,17,13,0,3,SE_212
SE,kronoberg,2020-06-05,897,,76,17,11,0,2,SE_212
SE,kronoberg,2020-06-06,916,,76,17,19,0,0,SE_212
SE,kronoberg,2020-06-07,916,,76,17,0,0,0,SE_212
SE,kronoberg,2020-06-08,930,,79,17,14,0,3,SE_212
SE,kronoberg,2020-06-09,935,,82,17,5,0,3,SE_212
SE,kronoberg,2020-06-10,950,,83,17,15,0,1,SE_212
SE,kronoberg,2020-06-11,961,,84,17,11,0,1,SE_212
SE,kronoberg,2020-06-12,975,,84,18,14,0,0,SE_212
SE,kronoberg,2020-06-13,987,,84,18,12,0,0,SE_212
SE,kronoberg,2020-06-14,1002,,84,18,15,0,0,SE_212
SE,kronoberg,2020-06-15,1004,,85,18,2,0,1,SE_212
SE,kronoberg,2020-06-16,1005,,86,20,1,0,1,SE_212
SE,norrbotten,2020-03-16,6,1,0,,,,,SE_332
SE,norrbotten,2020-03-17,8,1,0,,2,0,0,SE_332
SE,norrbotten,2020-03-18,7,1,0,,-1,0,0,SE_332
SE,norrbotten,2020-03-19,8,1,0,,1,0,0,SE_332
SE,norrbotten,2020-03-20,9,1,0,,1,0,0,SE_332
SE,norrbotten,2020-03-21,13,1,0,,4,0,0,SE_332
SE,norrbotten,2020-03-22,16,1,0,,3,0,0,SE_332
SE,norrbotten,2020-03-23,17,1,0,,1,0,0,SE_332
SE,norrbotten,2020-03-24,25,1,0,,8,0,0,SE_332
SE,norrbotten,2020-03-25,30,1,0,,5,0,0,SE_332
SE,norrbotten,2020-03-26,35,1,0,,5,0,0,SE_332
SE,norrbotten,2020-03-27,39,,1,5,4,0,1,SE_332
SE,norrbotten,2020-03-28,42,,1,7,3,0,0,SE_332
SE,norrbotten,2020-03-29,44,,1,7,2,0,0,SE_332
SE,norrbotten,2020-03-30,47,,1,8,3,0,0,SE_332
SE,norrbotten,2020-03-31,51,,1,9,4,0,0,SE_332
SE,norrbotten,2020-04-01,59,,1,9,8,0,0,SE_332
SE,norrbotten,2020-04-02,66,,1,9,7,0,0,SE_332
SE,norrbotten,2020-04-03,73,,1,10,7,0,0,SE_332
SE,norrbotten,2020-04-04,74,,1,10,1,0,0,SE_332
SE,norrbotten,2020-04-05,80,,1,13,6,0,0,SE_332
SE,norrbotten,2020-04-06,81,,3,13,1,0,2,SE_332
SE,norrbotten,2020-04-07,95,,4,14,14,0,1,SE_332
SE,norrbotten,2020-04-08,107,,5,15,12,0,1,SE_332
SE,norrbotten,2020-04-09,120,,7,15,13,0,2,SE_332
SE,norrbotten,2020-04-10,127,,7,16,7,0,0,SE_332
SE,norrbotten,2020-04-11,133,,7,15,6,0,0,SE_332
SE,norrbotten,2020-04-12,134,,7,16,1,0,0,SE_332
SE,norrbotten,2020-04-13,137,,7,17,3,0,0,SE_332
SE,norrbotten,2020-04-14,157,,9,17,20,0,2,SE_332
SE,norrbotten,2020-04-15,158,,14,17,1,0,5,SE_332
SE,norrbotten,2020-04-16,162,,14,17,4,0,0,SE_332
SE,norrbotten,2020-04-17,174,,14,18,12,0,0,SE_332
SE,norrbotten,2020-04-18,186,,14,19,12,0,0,SE_332
SE,norrbotten,2020-04-19,190,,15,21,4,0,1,SE_332
SE,norrbotten,2020-04-20,194,,18,22,4,0,3,SE_332
SE,norrbotten,2020-04-21,201,,23,22,7,0,5,SE_332
SE,norrbotten,2020-04-22,205,,26,24,4,0,3,SE_332
SE,norrbotten,2020-04-23,208,,26,24,3,0,0,SE_332
SE,norrbotten,2020-04-24,218,,28,25,10,0,2,SE_332
SE,norrbotten,2020-04-25,231,,28,25,13,0,0,SE_332
SE,norrbotten,2020-04-26,231,,28,25,0,0,0,SE_332
SE,norrbotten,2020-04-27,233,,30,27,2,0,2,SE_332
SE,norrbotten,2020-04-28,243,,31,27,10,0,1,SE_332
SE,norrbotten,2020-04-29,245,,31,27,2,0,0,SE_332
SE,norrbotten,2020-04-30,252,,33,27,7,0,2,SE_332
SE,norrbotten,2020-05-01,260,,33,28,8,0,0,SE_332
SE,norrbotten,2020-05-02,267,,33,28,7,0,0,SE_332
SE,norrbotten,2020-05-03,267,,33,29,0,0,0,SE_332
SE,norrbotten,2020-05-04,271,,35,29,4,0,2,SE_332
SE,norrbotten,2020-05-05,276,,35,29,5,0,0,SE_332
SE,norrbotten,2020-05-06,282,,36,30,6,0,1,SE_332
SE,norrbotten,2020-05-07,288,,36,31,6,0,0,SE_332
SE,norrbotten,2020-05-08,293,,37,32,5,0,1,SE_332
SE,norrbotten,2020-05-09,297,,37,32,4,0,0,SE_332
SE,norrbotten,2020-05-10,299,,37,32,2,0,0,SE_332
SE,norrbotten,2020-05-11,303,,37,32,4,0,0,SE_332
SE,norrbotten,2020-05-12,312,,37,33,9,0,0,SE_332
SE,norrbotten,2020-05-13,316,,39,33,4,0,2,SE_332
SE,norrbotten,2020-05-14,326,,40,33,10,0,1,SE_332
SE,norrbotten,2020-05-15,332,,40,33,6,0,0,SE_332
SE,norrbotten,2020-05-16,333,,40,33,1,0,0,SE_332
SE,norrbotten,2020-05-17,337,,40,34,4,0,0,SE_332
SE,norrbotten,2020-05-18,339,,40,36,2,0,0,SE_332
SE,norrbotten,2020-05-19,342,,40,36,3,0,0,SE_332
SE,norrbotten,2020-05-20,345,,40,36,3,0,0,SE_332
SE,norrbotten,2020-05-21,350,,40,36,5,0,0,SE_332
SE,norrbotten,2020-05-22,356,,40,36,6,0,0,SE_332
SE,norrbotten,2020-05-23,359,,40,37,3,0,0,SE_332
SE,norrbotten,2020-05-24,360,,40,37,1,0,0,SE_332
SE,norrbotten,2020-05-25,361,,40,37,1,0,0,SE_332
SE,norrbotten,2020-05-26,373,,40,37,12,0,0,SE_332
SE,norrbotten,2020-05-27,380,,42,37,7,0,2,SE_332
SE,norrbotten,2020-05-28,388,,42,37,8,0,0,SE_332
SE,norrbotten,2020-05-29,398,,43,37,10,0,1,SE_332
SE,norrbotten,2020-05-30,413,,43,37,15,0,0,SE_332
SE,norrbotten,2020-05-31,414,,43,37,1,0,0,SE_332
SE,norrbotten,2020-06-01,414,,43,37,0,0,0,SE_332
SE,norrbotten,2020-06-02,437,,44,37,23,0,1,SE_332
SE,norrbotten,2020-06-03,448,,46,37,11,0,2,SE_332
SE,norrbotten,2020-06-04,461,,48,37,13,0,2,SE_332
SE,norrbotten,2020-06-05,481,,48,37,20,0,0,SE_332
SE,norrbotten,2020-06-06,495,,48,37,14,0,0,SE_332
SE,norrbotten,2020-06-07,503,,48,37,8,0,0,SE_332
SE,norrbotten,2020-06-08,503,,48,37,0,0,0,SE_332
SE,norrbotten,2020-06-09,533,,50,40,30,0,2,SE_332
SE,norrbotten,2020-06-10,537,,53,40,4,0,3,SE_332
SE,norrbotten,2020-06-11,556,,53,42,19,0,0,SE_332
SE,norrbotten,2020-06-12,570,,56,42,14,0,3,SE_332
SE,norrbotten,2020-06-13,608,,56,42,38,0,0,SE_332
SE,norrbotten,2020-06-14,608,,56,42,0,0,0,SE_332
SE,norrbotten,2020-06-15,685,,56,43,77,0,0,SE_332
SE,norrbotten,2020-06-16,731,,56,43,46,0,0,SE_332
SE,skåne,2020-03-16,201,19,0,,,,,SE_224
SE,skåne,2020-03-17,207,18,0,,6,-1,0,SE_224
SE,skåne,2020-03-18,209,16,0,,2,-2,0,SE_224
SE,skåne,2020-03-19,216,15,0,,7,-1,0,SE_224
SE,skåne,2020-03-20,220,14,0,,4,-1,0,SE_224
SE,skåne,2020-03-21,223,13,0,,3,-1,0,SE_224
SE,skåne,2020-03-22,228,12,0,,5,-1,0,SE_224
SE,skåne,2020-03-23,231,11,0,,3,-1,0,SE_224
SE,skåne,2020-03-24,238,10,0,,7,-1,0,SE_224
SE,skåne,2020-03-25,246,10,0,,8,0,0,SE_224
SE,skåne,2020-03-26,256,9,0,,10,-1,0,SE_224
SE,skåne,2020-03-27,263,,4,9,7,0,4,SE_224
SE,skåne,2020-03-28,271,,6,10,8,0,2,SE_224
SE,skåne,2020-03-29,275,,7,12,4,0,1,SE_224
SE,skåne,2020-03-30,279,,7,13,4,0,0,SE_224
SE,skåne,2020-03-31,283,,8,14,4,0,1,SE_224
SE,skåne,2020-04-01,291,,8,16,8,0,0,SE_224
SE,skåne,2020-04-02,298,,8,18,7,0,0,SE_224
SE,skåne,2020-04-03,311,,11,18,13,0,3,SE_224
SE,skåne,2020-04-04,322,,11,19,11,0,0,SE_224
SE,skåne,2020-04-05,333,,11,21,11,0,0,SE_224
SE,skåne,2020-04-06,348,,13,24,15,0,2,SE_224
SE,skåne,2020-04-07,366,,16,26,18,0,3,SE_224
SE,skåne,2020-04-08,381,,16,28,15,0,0,SE_224
SE,skåne,2020-04-09,397,,18,30,16,0,2,SE_224
SE,skåne,2020-04-10,405,,20,30,8,0,2,SE_224
SE,skåne,2020-04-11,429,,21,33,24,0,1,SE_224
SE,skåne,2020-04-12,435,,22,35,6,0,1,SE_224
SE,skåne,2020-04-13,449,,24,36,14,0,2,SE_224
SE,skåne,2020-04-14,458,,24,37,9,0,0,SE_224
SE,skåne,2020-04-15,481,,32,42,23,0,8,SE_224
SE,skåne,2020-04-16,498,,37,42,17,0,5,SE_224
SE,skåne,2020-04-17,514,,38,44,16,0,1,SE_224
SE,skåne,2020-04-18,530,,42,45,16,0,4,SE_224
SE,skåne,2020-04-19,544,,43,45,14,0,1,SE_224
SE,skåne,2020-04-20,549,,43,49,5,0,0,SE_224
SE,skåne,2020-04-21,560,,56,50,11,0,13,SE_224
SE,skåne,2020-04-22,575,,57,50,15,0,1,SE_224
SE,skåne,2020-04-23,592,,57,52,17,0,0,SE_224
SE,skåne,2020-04-24,606,,60,56,14,0,3,SE_224
SE,skåne,2020-04-25,644,,61,56,38,0,1,SE_224
SE,skåne,2020-04-26,656,,61,57,12,0,0,SE_224
SE,skåne,2020-04-27,679,,62,59,23,0,1,SE_224
SE,skåne,2020-04-28,713,,68,61,34,0,6,SE_224
SE,skåne,2020-04-29,746,,68,61,33,0,0,SE_224
SE,skåne,2020-04-30,783,,69,63,37,0,1,SE_224
SE,skåne,2020-05-01,809,,70,64,26,0,1,SE_224
SE,skåne,2020-05-02,823,,70,65,14,0,0,SE_224
SE,skåne,2020-05-03,851,,70,66,28,0,0,SE_224
SE,skåne,2020-05-04,857,,70,69,6,0,0,SE_224
SE,skåne,2020-05-05,899,,70,70,42,0,0,SE_224
SE,skåne,2020-05-06,932,,83,71,33,0,13,SE_224
SE,skåne,2020-05-07,962,,88,70,30,0,5,SE_224
SE,skåne,2020-05-08,1004,,99,68,42,0,11,SE_224
SE,skåne,2020-05-09,1026,,100,69,22,0,1,SE_224
SE,skåne,2020-05-10,1044,,101,73,18,0,1,SE_224
SE,skåne,2020-05-11,1061,,102,74,17,0,1,SE_224
SE,skåne,2020-05-12,1088,,107,76,27,0,5,SE_224
SE,skåne,2020-05-13,1121,,119,76,33,0,12,SE_224
SE,skåne,2020-05-14,1159,,124,75,38,0,5,SE_224
SE,skåne,2020-05-15,1189,,125,76,30,0,1,SE_224
SE,skåne,2020-05-16,1220,,129,76,31,0,4,SE_224
SE,skåne,2020-05-17,1248,,129,76,28,0,0,SE_224
SE,skåne,2020-05-18,1262,,130,77,14,0,1,SE_224
SE,skåne,2020-05-19,1304,,130,77,42,0,0,SE_224
SE,skåne,2020-05-20,1350,,130,77,46,0,0,SE_224
SE,skåne,2020-05-21,1396,,139,78,46,0,9,SE_224
SE,skåne,2020-05-22,1426,,140,78,30,0,1,SE_224
SE,skåne,2020-05-23,1469,,141,83,43,0,1,SE_224
SE,skåne,2020-05-24,1482,,144,84,13,0,3,SE_224
SE,skåne,2020-05-25,1493,,145,85,11,0,1,SE_224
SE,skåne,2020-05-26,1545,,157,88,52,0,12,SE_224
SE,skåne,2020-05-27,1588,,157,88,43,0,0,SE_224
SE,skåne,2020-05-28,1623,,170,89,35,0,13,SE_224
SE,skåne,2020-05-29,1664,,174,89,41,0,4,SE_224
SE,skåne,2020-05-30,1704,,178,90,40,0,4,SE_224
SE,skåne,2020-05-31,1739,,178,90,35,0,0,SE_224
SE,skåne,2020-06-01,1747,,178,92,8,0,0,SE_224
SE,skåne,2020-06-02,1793,,187,92,46,0,9,SE_224
SE,skåne,2020-06-03,1848,,191,93,55,0,4,SE_224
SE,skåne,2020-06-04,1892,,192,95,44,0,1,SE_224
SE,skåne,2020-06-05,1928,,192,95,36,0,0,SE_224
SE,skåne,2020-06-06,1957,,200,97,29,0,8,SE_224
SE,skåne,2020-06-07,1985,,200,97,28,0,0,SE_224
SE,skåne,2020-06-08,1995,,200,97,10,0,0,SE_224
SE,skåne,2020-06-09,2028,,202,101,33,0,2,SE_224
SE,skåne,2020-06-10,2088,,205,102,60,0,3,SE_224
SE,skåne,2020-06-11,2144,,205,103,56,0,0,SE_224
SE,skåne,2020-06-12,2198,,205,104,54,0,0,SE_224
SE,skåne,2020-06-13,2254,,218,104,56,0,13,SE_224
SE,skåne,2020-06-14,2270,,218,105,16,0,0,SE_224
SE,skåne,2020-06-15,2300,,218,105,30,0,0,SE_224
SE,skåne,2020-06-16,2336,,223,106,36,0,5,SE_224
SE,stockholm,2020-03-16,377,36,0,,,,,SE_110
SE,stockholm,2020-03-17,410,35,0,,33,-1,0,SE_110
SE,stockholm,2020-03-18,446,35,0,,36,0,0,SE_110
SE,stockholm,2020-03-19,501,35,0,,55,0,0,SE_110
SE,stockholm,2020-03-20,606,37,0,,105,2,0,SE_110
SE,stockholm,2020-03-21,661,38,0,,55,1,0,SE_110
SE,stockholm,2020-03-22,760,40,0,,99,2,0,SE_110
SE,stockholm,2020-03-23,816,40,0,,56,0,0,SE_110
SE,stockholm,2020-03-24,959,42,0,,143,2,0,SE_110
SE,stockholm,2020-03-25,1070,43,0,,111,1,0,SE_110
SE,stockholm,2020-03-26,1216,43,0,,146,0,0,SE_110
SE,stockholm,2020-03-27,1311,,60,92,95,0,60,SE_110
SE,stockholm,2020-03-28,1538,,63,100,227,0,3,SE_110
SE,stockholm,2020-03-29,1657,,67,109,119,0,4,SE_110
SE,stockholm,2020-03-30,1806,,88,131,149,0,21,SE_110
SE,stockholm,2020-03-31,1979,,103,158,173,0,15,SE_110
SE,stockholm,2020-04-01,2224,,148,177,245,0,45,SE_110
SE,stockholm,2020-04-02,2439,,178,192,215,0,30,SE_110
SE,stockholm,2020-04-03,2662,,204,206,223,0,26,SE_110
SE,stockholm,2020-04-04,2849,,225,230,187,0,21,SE_110
SE,stockholm,2020-04-05,3016,,251,237,167,0,26,SE_110
SE,stockholm,2020-04-06,3143,,303,253,127,0,52,SE_110
SE,stockholm,2020-04-07,3279,,381,270,136,0,78,SE_110
SE,stockholm,2020-04-08,3577,,419,285,298,0,38,SE_110
SE,stockholm,2020-04-09,3831,,486,307,254,0,67,SE_110
SE,stockholm,2020-04-10,4061,,510,317,230,0,24,SE_110
SE,stockholm,2020-04-11,4205,,523,337,144,0,13,SE_110
SE,stockholm,2020-04-12,4397,,528,368,192,0,5,SE_110
SE,stockholm,2020-04-13,4575,,543,373,178,0,15,SE_110
SE,stockholm,2020-04-14,4806,,616,396,231,0,73,SE_110
SE,stockholm,2020-04-15,4990,,702,400,184,0,86,SE_110
SE,stockholm,2020-04-16,5206,,795,423,216,0,93,SE_110
SE,stockholm,2020-04-17,5387,,816,439,181,0,21,SE_110
SE,stockholm,2020-04-18,5651,,897,447,264,0,81,SE_110
SE,stockholm,2020-04-19,5826,,921,455,175,0,24,SE_110
SE,stockholm,2020-04-20,5992,,944,478,166,0,23,SE_110
SE,stockholm,2020-04-21,6189,,1022,486,197,0,78,SE_110
SE,stockholm,2020-04-22,6401,,1070,496,212,0,48,SE_110
SE,stockholm,2020-04-23,6681,,1128,511,280,0,58,SE_110
SE,stockholm,2020-04-24,6967,,1192,522,286,0,64,SE_110
SE,stockholm,2020-04-25,7148,,1208,529,181,0,16,SE_110
SE,stockholm,2020-04-26,7290,,1209,539,142,0,1,SE_110
SE,stockholm,2020-04-27,7378,,1237,546,88,0,28,SE_110
SE,stockholm,2020-04-28,7622,,1287,562,244,0,50,SE_110
SE,stockholm,2020-04-29,7835,,1319,583,213,0,32,SE_110
SE,stockholm,2020-04-30,8033,,1406,593,198,0,87,SE_110
SE,stockholm,2020-05-01,8205,,1417,606,172,0,11,SE_110
SE,stockholm,2020-05-02,8334,,1428,614,129,0,11,SE_110
SE,stockholm,2020-05-03,8405,,1430,622,71,0,2,SE_110
SE,stockholm,2020-05-04,8536,,1463,630,131,0,33,SE_110
SE,stockholm,2020-05-05,8686,,1524,637,150,0,61,SE_110
SE,stockholm,2020-05-06,8833,,1551,639,147,0,27,SE_110
SE,stockholm,2020-05-07,9027,,1604,645,194,0,53,SE_110
SE,stockholm,2020-05-08,9227,,1660,659,200,0,56,SE_110
SE,stockholm,2020-05-09,9461,,1674,668,234,0,14,SE_110
SE,stockholm,2020-05-10,9536,,1676,679,75,0,2,SE_110
SE,stockholm,2020-05-11,9607,,1688,682,71,0,12,SE_110
SE,stockholm,2020-05-12,9829,,1698,696,222,0,10,SE_110
SE,stockholm,2020-05-13,9998,,1733,696,169,0,35,SE_110
SE,stockholm,2020-05-14,10188,,1779,706,190,0,46,SE_110
SE,stockholm,2020-05-15,10311,,1822,713,123,0,43,SE_110
SE,stockholm,2020-05-16,10425,,1833,729,114,0,11,SE_110
SE,stockholm,2020-05-17,10490,,1837,734,65,0,4,SE_110
SE,stockholm,2020-05-18,10549,,1845,739,59,0,8,SE_110
SE,stockholm,2020-05-19,10668,,1864,728,119,0,19,SE_110
SE,stockholm,2020-05-20,10783,,1879,735,115,0,15,SE_110
SE,stockholm,2020-05-21,10909,,1884,739,126,0,5,SE_110
SE,stockholm,2020-05-22,11020,,1885,740,111,0,1,SE_110
SE,stockholm,2020-05-23,11081,,1936,751,61,0,51,SE_110
SE,stockholm,2020-05-24,11211,,1936,752,130,0,0,SE_110
SE,stockholm,2020-05-25,11271,,1942,755,60,0,6,SE_110
SE,stockholm,2020-05-26,11419,,1971,764,148,0,29,SE_110
SE,stockholm,2020-05-27,11573,,2008,770,154,0,37,SE_110
SE,stockholm,2020-05-28,11652,,2016,778,79,0,8,SE_110
SE,stockholm,2020-05-29,11911,,2018,785,259,0,2,SE_110
SE,stockholm,2020-05-30,12060,,2055,785,149,0,37,SE_110
SE,stockholm,2020-05-31,12149,,2055,790,89,0,0,SE_110
SE,stockholm,2020-06-01,12208,,2058,797,59,0,3,SE_110
SE,stockholm,2020-06-02,12333,,2081,805,125,0,23,SE_110
SE,stockholm,2020-06-03,13877,,2099,811,1544,0,18,SE_110
SE,stockholm,2020-06-04,14108,,2103,815,231,0,4,SE_110
SE,stockholm,2020-06-05,14366,,2136,818,258,0,33,SE_110
SE,stockholm,2020-06-06,14571,,2137,822,205,0,1,SE_110
SE,stockholm,2020-06-07,14745,,2138,826,174,0,1,SE_110
SE,stockholm,2020-06-08,14803,,2157,827,58,0,19,SE_110
SE,stockholm,2020-06-09,14971,,2159,828,168,0,2,SE_110
SE,stockholm,2020-06-10,15173,,2178,835,202,0,19,SE_110
SE,stockholm,2020-06-11,15425,,2184,837,252,0,6,SE_110
SE,stockholm,2020-06-12,15673,,2185,841,248,0,1,SE_110
SE,stockholm,2020-06-13,15844,,2186,842,171,0,1,SE_110
SE,stockholm,2020-06-14,15971,,2186,852,127,0,0,SE_110
SE,stockholm,2020-06-15,16107,,2187,855,136,0,1,SE_110
SE,stockholm,2020-06-16,16275,,2211,856,168,0,24,SE_110
SE,södermanland,2020-03-16,17,2,0,,,,,SE_122
SE,södermanland,2020-03-17,33,3,0,,16,1,0,SE_122
SE,södermanland,2020-03-18,37,3,0,,4,0,0,SE_122
SE,södermanland,2020-03-19,38,3,0,,1,0,0,SE_122
SE,södermanland,2020-03-20,43,3,0,,5,0,0,SE_122
SE,södermanland,2020-03-21,47,3,0,,4,0,0,SE_122
SE,södermanland,2020-03-22,53,3,0,,6,0,0,SE_122
SE,södermanland,2020-03-23,64,3,0,,11,0,0,SE_122
SE,södermanland,2020-03-24,66,3,0,,2,0,0,SE_122
SE,södermanland,2020-03-25,85,3,0,,19,0,0,SE_122
SE,södermanland,2020-03-26,114,4,0,,29,1,0,SE_122
SE,sörmland,2020-03-27,126,,9,20,,,,SE_122
SE,sörmland,2020-03-28,159,,11,21,33,,2,SE_122
SE,sörmland,2020-03-29,160,,11,24,1,,0,SE_122
SE,sörmland,2020-03-30,203,,12,27,43,,1,SE_122
SE,sörmland,2020-03-31,239,,18,34,36,,6,SE_122
SE,sörmland,2020-04-01,276,,24,37,37,,6,SE_122
SE,sörmland,2020-04-02,335,,27,38,59,,3,SE_122
SE,sörmland,2020-04-03,398,,35,41,63,,8,SE_122
SE,sörmland,2020-04-04,412,,45,45,14,,10,SE_122
SE,sörmland,2020-04-05,424,,45,44,12,,0,SE_122
SE,sörmland,2020-04-06,452,,50,49,28,,5,SE_122
SE,sörmland,2020-04-07,478,,64,57,26,,14,SE_122
SE,sörmland,2020-04-08,539,,68,65,61,,4,SE_122
SE,sörmland,2020-04-09,568,,78,64,29,,10,SE_122
SE,sörmland,2020-04-10,597,,82,62,29,,4,SE_122
SE,sörmland,2020-04-11,639,,83,57,42,,1,SE_122
SE,sörmland,2020-04-12,661,,83,64,22,,0,SE_122
SE,sörmland,2020-04-13,668,,83,65,7,,0,SE_122
SE,sörmland,2020-04-14,694,,91,64,26,,8,SE_122
SE,sörmland,2020-04-15,711,,113,75,17,,22,SE_122
SE,sörmland,2020-04-16,777,,116,71,66,,3,SE_122
SE,sörmland,2020-04-17,831,,118,70,54,,2,SE_122
SE,sörmland,2020-04-18,854,,125,72,23,,7,SE_122
SE,sörmland,2020-04-19,872,,125,73,18,,0,SE_122
SE,sörmland,2020-04-20,884,,128,75,12,,3,SE_122
SE,sörmland,2020-04-21,898,,136,78,14,,8,SE_122
SE,sörmland,2020-04-22,944,,147,78,46,,11,SE_122
SE,sörmland,2020-04-23,1004,,150,80,60,,3,SE_122
SE,sörmland,2020-04-24,1057,,153,83,53,,3,SE_122
SE,sörmland,2020-04-25,1081,,153,83,24,,0,SE_122
SE,sörmland,2020-04-26,1089,,153,82,8,,0,SE_122
SE,sörmland,2020-04-27,1092,,158,87,3,,5,SE_122
SE,sörmland,2020-04-28,1107,,158,88,15,,0,SE_122
SE,sörmland,2020-04-29,1176,,162,95,69,,4,SE_122
SE,sörmland,2020-04-30,1215,,165,96,39,,3,SE_122
SE,sörmland,2020-05-01,1222,,171,98,7,,6,SE_122
SE,sörmland,2020-05-02,1277,,171,98,55,,0,SE_122
SE,sörmland,2020-05-03,1280,,171,98,3,,0,SE_122
SE,sörmland,2020-05-04,1285,,176,100,5,,5,SE_122
SE,sörmland,2020-05-05,1314,,177,103,29,,1,SE_122
SE,sörmland,2020-05-06,1347,,179,104,33,,2,SE_122
SE,sörmland,2020-05-07,1372,,181,105,25,,2,SE_122
SE,sörmland,2020-05-08,1381,,184,106,9,,3,SE_122
SE,sörmland,2020-05-09,1403,,188,108,22,,4,SE_122
SE,sörmland,2020-05-10,1409,,188,108,6,,0,SE_122
SE,sörmland,2020-05-11,1412,,188,108,3,,0,SE_122
SE,sörmland,2020-05-12,1425,,194,94,13,,6,SE_122
SE,sörmland,2020-05-13,1462,,194,89,37,,0,SE_122
SE,sörmland,2020-05-14,1474,,194,89,12,,0,SE_122
SE,sörmland,2020-05-15,1479,,200,88,5,,6,SE_122
SE,sörmland,2020-05-16,1494,,200,94,15,,0,SE_122
SE,sörmland,2020-05-17,1501,,200,94,7,,0,SE_122
SE,sörmland,2020-05-18,1501,,200,88,0,,0,SE_122
SE,sörmland,2020-05-19,1507,,204,118,6,,4,SE_122
SE,sörmland,2020-05-20,1544,,207,118,37,,3,SE_122
SE,sörmland,2020-05-21,1547,,210,118,3,,3,SE_122
SE,sörmland,2020-05-22,1563,,210,118,16,,0,SE_122
SE,sörmland,2020-05-23,1563,,210,118,0,,0,SE_122
SE,sörmland,2020-05-24,1563,,210,118,0,,0,SE_122
SE,sörmland,2020-05-25,1565,,212,118,2,,2,SE_122
SE,sörmland,2020-05-26,1591,,220,118,26,,8,SE_122
SE,sörmland,2020-05-27,1592,,220,118,1,,0,SE_122
SE,sörmland,2020-05-28,1612,,221,121,20,,1,SE_122
SE,sörmland,2020-05-29,1620,,223,121,8,,2,SE_122
SE,sörmland,2020-05-30,1623,,224,121,3,,1,SE_122
SE,sörmland,2020-05-31,1625,,224,122,2,,0,SE_122
SE,sörmland,2020-06-01,1634,,224,123,9,,0,SE_122
SE,sörmland,2020-06-02,1639,,224,124,5,,0,SE_122
SE,sörmland,2020-06-03,1641,,225,125,2,,1,SE_122
SE,sörmland,2020-06-04,1643,,225,125,2,,0,SE_122
SE,sörmland,2020-06-05,1655,,228,125,12,,3,SE_122
SE,sörmland,2020-06-06,1657,,228,125,2,,0,SE_122
SE,sörmland,2020-06-07,1658,,228,125,1,,0,SE_122
SE,sörmland,2020-06-08,1669,,230,127,11,,2,SE_122
SE,sörmland,2020-06-09,1673,,230,128,4,,0,SE_122
SE,sörmland,2020-06-10,1675,,233,128,2,,3,SE_122
SE,sörmland,2020-06-11,1682,,233,128,7,,0,SE_122
SE,sörmland,2020-06-12,1688,,233,128,6,,0,SE_122
SE,sörmland,2020-06-13,1710,,233,128,22,,0,SE_122
SE,sörmland,2020-06-14,1715,,233,128,5,,0,SE_122
SE,sörmland,2020-06-15,1780,,233,128,65,,0,SE_122
SE,sörmland,2020-06-16,1789,,236,128,9,,3,SE_122
SE,uppsala,2020-03-16,38,4,0,,,,,SE_121
SE,uppsala,2020-03-17,43,4,0,,5,0,0,SE_121
SE,uppsala,2020-03-18,52,4,0,,9,0,0,SE_121
SE,uppsala,2020-03-19,67,5,0,,15,1,0,SE_121
SE,uppsala,2020-03-20,73,4,0,,6,-1,0,SE_121
SE,uppsala,2020-03-21,74,4,0,,1,0,0,SE_121
SE,uppsala,2020-03-22,77,4,0,,3,0,0,SE_121
SE,uppsala,2020-03-23,82,4,0,,5,0,0,SE_121
SE,uppsala,2020-03-24,93,4,0,,11,0,0,SE_121
SE,uppsala,2020-03-25,102,4,0,,9,0,0,SE_121
SE,uppsala,2020-03-26,117,4,0,,15,0,0,SE_121
SE,uppsala,2020-03-27,129,,3,8,12,0,3,SE_121
SE,uppsala,2020-03-28,149,,3,9,20,0,0,SE_121
SE,uppsala,2020-03-29,156,,3,9,7,0,0,SE_121
SE,uppsala,2020-03-30,160,,3,11,4,0,0,SE_121
SE,uppsala,2020-03-31,183,,6,11,23,0,3,SE_121
SE,uppsala,2020-04-01,194,,7,14,11,0,1,SE_121
SE,uppsala,2020-04-02,222,,7,16,28,0,0,SE_121
SE,uppsala,2020-04-03,247,,9,23,25,0,2,SE_121
SE,uppsala,2020-04-04,274,,9,22,27,0,0,SE_121
SE,uppsala,2020-04-05,293,,9,26,19,0,0,SE_121
SE,uppsala,2020-04-06,308,,9,30,15,0,0,SE_121
SE,uppsala,2020-04-07,332,,10,34,24,0,1,SE_121
SE,uppsala,2020-04-08,378,,10,33,46,0,0,SE_121
SE,uppsala,2020-04-09,412,,14,39,34,0,4,SE_121
SE,uppsala,2020-04-10,431,,30,41,19,0,16,SE_121
SE,uppsala,2020-04-11,437,,30,40,6,0,0,SE_121
SE,uppsala,2020-04-12,449,,30,41,12,0,0,SE_121
SE,uppsala,2020-04-13,465,,30,40,16,0,0,SE_121
SE,uppsala,2020-04-14,478,,31,48,13,0,1,SE_121
SE,uppsala,2020-04-15,517,,35,50,39,0,4,SE_121
SE,uppsala,2020-04-16,549,,35,54,32,0,0,SE_121
SE,uppsala,2020-04-17,579,,41,53,30,0,6,SE_121
SE,uppsala,2020-04-18,624,,41,57,45,0,0,SE_121
SE,uppsala,2020-04-19,649,,41,60,25,0,0,SE_121
SE,uppsala,2020-04-20,667,,41,61,18,0,0,SE_121
SE,uppsala,2020-04-21,701,,64,64,34,0,23,SE_121
SE,uppsala,2020-04-22,734,,64,64,33,0,0,SE_121
SE,uppsala,2020-04-23,767,,66,63,33,0,2,SE_121
SE,uppsala,2020-04-24,802,,69,64,35,0,3,SE_121
SE,uppsala,2020-04-25,862,,70,65,60,0,1,SE_121
SE,uppsala,2020-04-26,875,,70,65,13,0,0,SE_121
SE,uppsala,2020-04-27,882,,84,66,7,0,14,SE_121
SE,uppsala,2020-04-28,914,,86,67,32,0,2,SE_121
SE,uppsala,2020-04-29,966,,94,72,52,0,8,SE_121
SE,uppsala,2020-04-30,988,,94,81,22,0,0,SE_121
SE,uppsala,2020-05-01,1012,,94,82,24,0,0,SE_121
SE,uppsala,2020-05-02,1045,,94,84,33,0,0,SE_121
SE,uppsala,2020-05-03,1057,,94,85,12,0,0,SE_121
SE,uppsala,2020-05-04,1068,,107,87,11,0,13,SE_121
SE,uppsala,2020-05-05,1089,,108,90,21,0,1,SE_121
SE,uppsala,2020-05-06,1146,,111,91,57,0,3,SE_121
SE,uppsala,2020-05-07,1179,,119,94,33,0,8,SE_121
SE,uppsala,2020-05-08,1220,,120,94,41,0,1,SE_121
SE,uppsala,2020-05-09,1241,,120,98,21,0,0,SE_121
SE,uppsala,2020-05-10,1287,,120,97,46,0,0,SE_121
SE,uppsala,2020-05-11,1309,,120,98,22,0,0,SE_121
SE,uppsala,2020-05-12,1334,,130,103,25,0,10,SE_121
SE,uppsala,2020-05-13,1367,,134,104,33,0,4,SE_121
SE,uppsala,2020-05-14,1395,,134,102,28,0,0,SE_121
SE,uppsala,2020-05-15,1430,,134,105,35,0,0,SE_121
SE,uppsala,2020-05-16,1452,,142,108,22,0,8,SE_121
SE,uppsala,2020-05-17,1490,,142,108,38,0,0,SE_121
SE,uppsala,2020-05-18,1494,,142,109,4,0,0,SE_121
SE,uppsala,2020-05-19,1528,,142,109,34,0,0,SE_121
SE,uppsala,2020-05-20,1551,,153,110,23,0,11,SE_121
SE,uppsala,2020-05-21,1623,,153,110,72,0,0,SE_121
SE,uppsala,2020-05-22,1632,,153,110,9,0,0,SE_121
SE,uppsala,2020-05-23,1656,,153,110,24,0,0,SE_121
SE,uppsala,2020-05-24,1662,,153,110,6,0,0,SE_121
SE,uppsala,2020-05-25,1685,,158,110,23,0,5,SE_121
SE,uppsala,2020-05-26,1722,,164,112,37,0,6,SE_121
SE,uppsala,2020-05-27,1769,,165,112,47,0,1,SE_121
SE,uppsala,2020-05-28,1803,,167,121,34,0,2,SE_121
SE,uppsala,2020-05-29,1843,,169,122,40,0,2,SE_121
SE,uppsala,2020-05-30,1883,,169,122,40,0,0,SE_121
SE,uppsala,2020-05-31,1921,,169,122,38,0,0,SE_121
SE,uppsala,2020-06-01,1929,,169,124,8,0,0,SE_121
SE,uppsala,2020-06-02,1968,,182,127,39,0,13,SE_121
SE,uppsala,2020-06-03,2029,,182,129,61,0,0,SE_121
SE,uppsala,2020-06-04,2077,,182,132,48,0,0,SE_121
SE,uppsala,2020-06-05,2136,,184,132,59,0,2,SE_121
SE,uppsala,2020-06-06,2171,,184,132,35,0,0,SE_121
SE,uppsala,2020-06-07,2221,,184,132,50,0,0,SE_121
SE,uppsala,2020-06-08,2244,,184,132,23,0,0,SE_121
SE,uppsala,2020-06-09,2262,,185,132,18,0,1,SE_121
SE,uppsala,2020-06-10,2302,,191,137,40,0,6,SE_121
SE,uppsala,2020-06-11,2340,,191,137,38,0,0,SE_121
SE,uppsala,2020-06-12,2400,,192,137,60,0,1,SE_121
SE,uppsala,2020-06-13,2446,,192,139,46,0,0,SE_121
SE,uppsala,2020-06-14,2450,,192,139,4,0,0,SE_121
SE,uppsala,2020-06-15,2483,,195,143,33,0,3,SE_121
SE,uppsala,2020-06-16,2499,,202,147,16,0,7,SE_121
SE,värmland,2020-03-16,31,3,0,,,,,SE_311
SE,värmland,2020-03-17,34,3,0,,3,0,0,SE_311
SE,värmland,2020-03-18,34,3,0,,0,0,0,SE_311
SE,värmland,2020-03-19,36,3,0,,2,0,0,SE_311
SE,värmland,2020-03-20,36,2,0,,0,-1,0,SE_311
SE,värmland,2020-03-21,37,2,0,,1,0,0,SE_311
SE,värmland,2020-03-22,39,2,0,,2,0,0,SE_311
SE,värmland,2020-03-23,39,2,0,,0,0,0,SE_311
SE,värmland,2020-03-24,42,2,0,,3,0,0,SE_311
SE,värmland,2020-03-25,45,2,0,,3,0,0,SE_311
SE,värmland,2020-03-26,45,2,0,,0,0,0,SE_311
SE,värmland,2020-03-27,45,,1,3,0,0,1,SE_311
SE,värmland,2020-03-28,46,,1,3,1,0,0,SE_311
SE,värmland,2020-03-29,48,,1,3,2,0,0,SE_311
SE,värmland,2020-03-30,49,,1,3,1,0,0,SE_311
SE,värmland,2020-03-31,50,,1,3,1,0,0,SE_311
SE,värmland,2020-04-01,50,,1,3,0,0,0,SE_311
SE,värmland,2020-04-02,52,,1,3,2,0,0,SE_311
SE,värmland,2020-04-03,53,,1,3,1,0,0,SE_311
SE,värmland,2020-04-04,53,,1,4,0,0,0,SE_311
SE,värmland,2020-04-05,55,,1,4,2,0,0,SE_311
SE,värmland,2020-04-06,57,,1,4,2,0,0,SE_311
SE,värmland,2020-04-07,58,,1,6,1,0,0,SE_311
SE,värmland,2020-04-08,65,,1,6,7,0,0,SE_311
SE,värmland,2020-04-09,66,,1,5,1,0,0,SE_311
SE,värmland,2020-04-10,70,,1,5,4,0,0,SE_311
SE,värmland,2020-04-11,73,,1,9,3,0,0,SE_311
SE,värmland,2020-04-12,75,,1,9,2,0,0,SE_311
SE,värmland,2020-04-13,77,,1,9,2,0,0,SE_311
SE,värmland,2020-04-14,82,,1,10,5,0,0,SE_311
SE,värmland,2020-04-15,84,,3,9,2,0,2,SE_311
SE,värmland,2020-04-16,90,,3,12,6,0,0,SE_311
SE,värmland,2020-04-17,94,,3,11,4,0,0,SE_311
SE,värmland,2020-04-18,97,,3,11,3,0,0,SE_311
SE,värmland,2020-04-19,100,,3,11,3,0,0,SE_311
SE,värmland,2020-04-20,105,,3,11,5,0,0,SE_311
SE,värmland,2020-04-21,111,,4,11,6,0,1,SE_311
SE,värmland,2020-04-22,117,,5,12,6,0,1,SE_311
SE,värmland,2020-04-23,124,,5,13,7,0,0,SE_311
SE,värmland,2020-04-24,126,,5,13,2,0,0,SE_311
SE,värmland,2020-04-25,130,,5,13,4,0,0,SE_311
SE,värmland,2020-04-26,135,,5,14,5,0,0,SE_311
SE,värmland,2020-04-27,136,,8,14,1,0,3,SE_311
SE,värmland,2020-04-28,147,,8,15,11,0,0,SE_311
SE,värmland,2020-04-29,168,,8,14,21,0,0,SE_311
SE,värmland,2020-04-30,179,,10,16,11,0,2,SE_311
SE,värmland,2020-05-01,184,,10,16,5,0,0,SE_311
SE,värmland,2020-05-02,198,,10,15,14,0,0,SE_311
SE,värmland,2020-05-03,198,,10,15,0,0,0,SE_311
SE,värmland,2020-05-04,207,,15,15,9,0,5,SE_311
SE,värmland,2020-05-05,220,,15,16,13,0,0,SE_311
SE,värmland,2020-05-06,240,,16,16,20,0,1,SE_311
SE,värmland,2020-05-07,250,,17,19,10,0,1,SE_311
SE,värmland,2020-05-08,253,,17,20,3,0,0,SE_311
SE,värmland,2020-05-09,263,,17,20,10,0,0,SE_311
SE,värmland,2020-05-10,268,,17,20,5,0,0,SE_311
SE,värmland,2020-05-11,271,,21,20,3,0,4,SE_311
SE,värmland,2020-05-12,284,,22,25,13,0,1,SE_311
SE,värmland,2020-05-13,290,,22,24,6,0,0,SE_311
SE,värmland,2020-05-14,295,,23,25,5,0,1,SE_311
SE,värmland,2020-05-15,309,,23,25,14,0,0,SE_311
SE,värmland,2020-05-16,322,,23,25,13,0,0,SE_311
SE,värmland,2020-05-17,324,,23,25,2,0,0,SE_311
SE,värmland,2020-05-18,324,,24,25,0,0,1,SE_311
SE,värmland,2020-05-19,335,,24,19,11,0,0,SE_311
SE,värmland,2020-05-20,356,,26,20,21,0,2,SE_311
SE,värmland,2020-05-21,371,,26,20,15,0,0,SE_311
SE,värmland,2020-05-22,383,,26,20,12,0,0,SE_311
SE,värmland,2020-05-23,395,,27,20,12,0,1,SE_311
SE,värmland,2020-05-24,403,,27,20,8,0,0,SE_311
SE,värmland,2020-05-25,407,,28,20,4,0,1,SE_311
SE,värmland,2020-05-26,419,,28,20,12,0,0,SE_311
SE,värmland,2020-05-27,449,,29,20,30,0,1,SE_311
SE,värmland,2020-05-28,459,,29,20,10,0,0,SE_311
SE,värmland,2020-05-29,497,,31,20,38,0,2,SE_311
SE,värmland,2020-05-30,522,,31,22,25,0,0,SE_311
SE,värmland,2020-05-31,531,,31,22,9,0,0,SE_311
SE,värmland,2020-06-01,532,,32,23,1,0,1,SE_311
SE,värmland,2020-06-02,549,,33,23,17,0,1,SE_311
SE,värmland,2020-06-03,564,,35,23,15,0,2,SE_311
SE,värmland,2020-06-04,582,,36,23,18,0,1,SE_311
SE,värmland,2020-06-05,599,,37,24,17,0,1,SE_311
SE,värmland,2020-06-06,606,,37,24,7,0,0,SE_311
SE,värmland,2020-06-07,633,,37,24,27,0,0,SE_311
SE,värmland,2020-06-08,641,,41,26,8,0,4,SE_311
SE,värmland,2020-06-09,662,,44,26,21,0,3,SE_311
SE,värmland,2020-06-10,678,,44,26,16,0,0,SE_311
SE,värmland,2020-06-11,708,,48,27,30,0,4,SE_311
SE,värmland,2020-06-12,723,,49,27,15,0,1,SE_311
SE,värmland,2020-06-13,745,,49,27,22,0,0,SE_311
SE,värmland,2020-06-14,752,,49,28,7,0,0,SE_311
SE,värmland,2020-06-15,757,,53,28,5,0,4,SE_311
SE,värmland,2020-06-16,776,,56,29,19,0,3,SE_311
SE,västerbotten,2020-03-16,13,1,0,,,,,SE_331
SE,västerbotten,2020-03-17,18,2,0,,5,1,0,SE_331
SE,västerbotten,2020-03-18,19,1,0,,1,-1,0,SE_331
SE,västerbotten,2020-03-19,23,2,0,,4,1,0,SE_331
SE,västerbotten,2020-03-20,27,2,0,,4,0,0,SE_331
SE,västerbotten,2020-03-21,29,2,0,,2,0,0,SE_331
SE,västerbotten,2020-03-22,29,2,0,,0,0,0,SE_331
SE,västerbotten,2020-03-23,30,1,0,,1,-1,0,SE_331
SE,västerbotten,2020-03-24,30,1,0,,0,0,0,SE_331
SE,västerbotten,2020-03-25,33,1,0,,3,0,0,SE_331
SE,västerbotten,2020-03-26,37,1,0,,4,0,0,SE_331
SE,västerbotten,2020-03-27,40,,0,3,3,0,0,SE_331
SE,västerbotten,2020-03-28,42,,0,5,2,0,0,SE_331
SE,västerbotten,2020-03-29,47,,0,5,5,0,0,SE_331
SE,västerbotten,2020-03-30,48,,0,5,1,0,0,SE_331
SE,västerbotten,2020-03-31,55,,0,5,7,0,0,SE_331
SE,västerbotten,2020-04-01,63,,0,5,8,0,0,SE_331
SE,västerbotten,2020-04-02,68,,0,6,5,0,0,SE_331
SE,västerbotten,2020-04-03,80,,0,9,12,0,0,SE_331
SE,västerbotten,2020-04-04,97,,0,9,17,0,0,SE_331
SE,västerbotten,2020-04-05,114,,0,9,17,0,0,SE_331
SE,västerbotten,2020-04-06,123,,0,11,9,0,0,SE_331
SE,västerbotten,2020-04-07,128,,1,12,5,0,1,SE_331
SE,västerbotten,2020-04-08,142,,1,12,14,0,0,SE_331
SE,västerbotten,2020-04-09,154,,1,14,12,0,0,SE_331
SE,västerbotten,2020-04-10,166,,5,14,12,0,4,SE_331
SE,västerbotten,2020-04-11,181,,5,14,15,0,0,SE_331
SE,västerbotten,2020-04-12,183,,5,14,2,0,0,SE_331
SE,västerbotten,2020-04-13,183,,7,16,0,0,2,SE_331
SE,västerbotten,2020-04-14,187,,7,17,4,0,0,SE_331
SE,västerbotten,2020-04-15,192,,8,18,5,0,1,SE_331
SE,västerbotten,2020-04-16,206,,8,18,14,0,0,SE_331
SE,västerbotten,2020-04-17,220,,10,19,14,0,2,SE_331
SE,västerbotten,2020-04-18,230,,10,20,10,0,0,SE_331
SE,västerbotten,2020-04-19,238,,10,20,8,0,0,SE_331
SE,västerbotten,2020-04-20,241,,10,20,3,0,0,SE_331
SE,västerbotten,2020-04-21,244,,11,21,3,0,1,SE_331
SE,västerbotten,2020-04-22,249,,11,22,5,0,0,SE_331
SE,västerbotten,2020-04-23,254,,12,22,5,0,1,SE_331
SE,västerbotten,2020-04-24,273,,13,24,19,0,1,SE_331
SE,västerbotten,2020-04-25,282,,13,24,9,0,0,SE_331
SE,västerbotten,2020-04-26,292,,13,24,10,0,0,SE_331
SE,västerbotten,2020-04-27,293,,14,24,1,0,1,SE_331
SE,västerbotten,2020-04-28,299,,14,24,6,0,0,SE_331
SE,västerbotten,2020-04-29,303,,15,24,4,0,1,SE_331
SE,västerbotten,2020-04-30,322,,15,24,19,0,0,SE_331
SE,västerbotten,2020-05-01,326,,15,24,4,0,0,SE_331
SE,västerbotten,2020-05-02,327,,15,24,1,0,0,SE_331
SE,västerbotten,2020-05-03,330,,15,24,3,0,0,SE_331
SE,västerbotten,2020-05-04,330,,16,24,0,0,1,SE_331
SE,västerbotten,2020-05-05,332,,16,24,2,0,0,SE_331
SE,västerbotten,2020-05-06,336,,17,24,4,0,1,SE_331
SE,västerbotten,2020-05-07,343,,17,24,7,0,0,SE_331
SE,västerbotten,2020-05-08,350,,17,24,7,0,0,SE_331
SE,västerbotten,2020-05-09,357,,17,24,7,0,0,SE_331
SE,västerbotten,2020-05-10,357,,17,24,0,0,0,SE_331
SE,västerbotten,2020-05-11,365,,17,24,8,0,0,SE_331
SE,västerbotten,2020-05-12,366,,17,25,1,0,0,SE_331
SE,västerbotten,2020-05-13,377,,18,25,11,0,1,SE_331
SE,västerbotten,2020-05-14,391,,18,26,14,0,0,SE_331
SE,västerbotten,2020-05-15,401,,18,24,10,0,0,SE_331
SE,västerbotten,2020-05-16,412,,18,25,11,0,0,SE_331
SE,västerbotten,2020-05-17,417,,19,25,5,0,1,SE_331
SE,västerbotten,2020-05-18,419,,19,25,2,0,0,SE_331
SE,västerbotten,2020-05-19,422,,19,24,3,0,0,SE_331
SE,västerbotten,2020-05-20,437,,21,25,15,0,2,SE_331
SE,västerbotten,2020-05-21,442,,21,25,5,0,0,SE_331
SE,västerbotten,2020-05-22,455,,23,25,13,0,2,SE_331
SE,västerbotten,2020-05-23,458,,23,25,3,0,0,SE_331
SE,västerbotten,2020-05-24,464,,23,25,6,0,0,SE_331
SE,västerbotten,2020-05-25,467,,23,26,3,0,0,SE_331
SE,västerbotten,2020-05-26,467,,24,27,0,0,1,SE_331
SE,västerbotten,2020-05-27,467,,25,27,0,0,1,SE_331
SE,västerbotten,2020-05-28,482,,26,27,15,0,1,SE_331
SE,västerbotten,2020-05-29,484,,26,28,2,0,0,SE_331
SE,västerbotten,2020-05-30,490,,26,28,6,0,0,SE_331
SE,västerbotten,2020-05-31,498,,26,28,8,0,0,SE_331
SE,västerbotten,2020-06-01,500,,26,28,2,0,0,SE_331
SE,västerbotten,2020-06-02,500,,26,28,0,0,0,SE_331
SE,västerbotten,2020-06-03,508,,27,28,8,0,1,SE_331
SE,västerbotten,2020-06-04,513,,27,28,5,0,0,SE_331
SE,västerbotten,2020-06-05,518,,28,28,5,0,1,SE_331
SE,västerbotten,2020-06-06,523,,28,28,5,0,0,SE_331
SE,västerbotten,2020-06-07,532,,28,28,9,0,0,SE_331
SE,västerbotten,2020-06-08,535,,29,29,3,0,1,SE_331
SE,västerbotten,2020-06-09,539,,29,29,4,0,0,SE_331
SE,västerbotten,2020-06-10,548,,29,30,9,0,0,SE_331
SE,västerbotten,2020-06-11,555,,29,30,7,0,0,SE_331
SE,västerbotten,2020-06-12,563,,30,31,8,0,1,SE_331
SE,västerbotten,2020-06-13,568,,30,31,5,0,0,SE_331
SE,västerbotten,2020-06-14,574,,30,31,6,0,0,SE_331
SE,västerbotten,2020-06-15,575,,30,31,1,0,0,SE_331
SE,västerbotten,2020-06-16,577,,30,31,2,0,0,SE_331
SE,västernorrland,2020-03-16,12,1,0,,,,,SE_321
SE,västernorrland,2020-03-17,12,1,0,,0,0,0,SE_321
SE,västernorrland,2020-03-18,13,1,0,,1,0,0,SE_321
SE,västernorrland,2020-03-19,14,1,0,,1,0,0,SE_321
SE,västernorrland,2020-03-20,15,1,0,,1,0,0,SE_321
SE,västernorrland,2020-03-21,15,1,0,,0,0,0,SE_321
SE,västernorrland,2020-03-22,15,1,0,,0,0,0,SE_321
SE,västernorrland,2020-03-23,15,1,0,,0,0,0,SE_321
SE,västernorrland,2020-03-24,17,1,0,,2,0,0,SE_321
SE,västernorrland,2020-03-25,19,1,0,,2,0,0,SE_321
SE,västernorrland,2020-03-26,21,1,0,,2,0,0,SE_321
SE,västernorrland,2020-03-27,25,,0,2,4,0,0,SE_321
SE,västernorrland,2020-03-28,25,,0,2,0,0,0,SE_321
SE,västernorrland,2020-03-29,27,,0,2,2,0,0,SE_321
SE,västernorrland,2020-03-30,31,,0,3,4,0,0,SE_321
SE,västernorrland,2020-03-31,46,,0,3,15,0,0,SE_321
SE,västernorrland,2020-04-01,55,,1,4,9,0,1,SE_321
SE,västernorrland,2020-04-02,57,,2,4,2,0,1,SE_321
SE,västernorrland,2020-04-03,58,,2,4,1,0,0,SE_321
SE,västernorrland,2020-04-04,61,,2,5,3,0,0,SE_321
SE,västernorrland,2020-04-05,66,,2,5,5,0,0,SE_321
SE,västernorrland,2020-04-06,68,,2,6,2,0,0,SE_321
SE,västernorrland,2020-04-07,78,,2,7,10,0,0,SE_321
SE,västernorrland,2020-04-08,83,,5,8,5,0,3,SE_321
SE,västernorrland,2020-04-09,90,,6,8,7,0,1,SE_321
SE,västernorrland,2020-04-10,92,,6,8,2,0,0,SE_321
SE,västernorrland,2020-04-11,100,,7,8,8,0,1,SE_321
SE,västernorrland,2020-04-12,100,,8,11,0,0,1,SE_321
SE,västernorrland,2020-04-13,105,,8,12,5,0,0,SE_321
SE,västernorrland,2020-04-14,111,,9,11,6,0,1,SE_321
SE,västernorrland,2020-04-15,117,,13,13,6,0,4,SE_321
SE,västernorrland,2020-04-16,121,,13,13,4,0,0,SE_321
SE,västernorrland,2020-04-17,124,,15,13,3,0,2,SE_321
SE,västernorrland,2020-04-18,129,,15,13,5,0,0,SE_321
SE,västernorrland,2020-04-19,131,,15,13,2,0,0,SE_321
SE,västernorrland,2020-04-20,139,,17,14,8,0,2,SE_321
SE,västernorrland,2020-04-21,141,,21,16,2,0,4,SE_321
SE,västernorrland,2020-04-22,153,,23,16,12,0,2,SE_321
SE,västernorrland,2020-04-23,158,,23,16,5,0,0,SE_321
SE,västernorrland,2020-04-24,175,,26,16,17,0,3,SE_321
SE,västernorrland,2020-04-25,190,,27,16,15,0,1,SE_321
SE,västernorrland,2020-04-26,195,,27,18,5,0,0,SE_321
SE,västernorrland,2020-04-27,210,,34,20,15,0,7,SE_321
SE,västernorrland,2020-04-28,220,,36,21,10,0,2,SE_321
SE,västernorrland,2020-04-29,228,,37,23,8,0,1,SE_321
SE,västernorrland,2020-04-30,235,,38,23,7,0,1,SE_321
SE,västernorrland,2020-05-01,252,,41,23,17,0,3,SE_321
SE,västernorrland,2020-05-02,261,,42,23,9,0,1,SE_321
SE,västernorrland,2020-05-03,266,,43,23,5,0,1,SE_321
SE,västernorrland,2020-05-04,276,,44,24,10,0,1,SE_321
SE,västernorrland,2020-05-05,278,,45,25,2,0,1,SE_321
SE,västernorrland,2020-05-06,283,,46,25,5,0,1,SE_321
SE,västernorrland,2020-05-07,299,,47,26,16,0,1,SE_321
SE,västernorrland,2020-05-08,326,,48,26,27,0,1,SE_321
SE,västernorrland,2020-05-09,334,,49,27,8,0,1,SE_321
SE,västernorrland,2020-05-10,337,,51,27,3,0,2,SE_321
SE,västernorrland,2020-05-11,351,,52,28,14,0,1,SE_321
SE,västernorrland,2020-05-12,355,,59,28,4,0,7,SE_321
SE,västernorrland,2020-05-13,374,,59,28,19,0,0,SE_321
SE,västernorrland,2020-05-14,389,,60,28,15,0,1,SE_321
SE,västernorrland,2020-05-15,405,,61,29,16,0,1,SE_321
SE,västernorrland,2020-05-16,428,,61,30,23,0,0,SE_321
SE,västernorrland,2020-05-17,446,,61,31,18,0,0,SE_321
SE,västernorrland,2020-05-18,452,,61,31,6,0,0,SE_321
SE,västernorrland,2020-05-19,456,,64,32,4,0,3,SE_321
SE,västernorrland,2020-05-20,497,,66,32,41,0,2,SE_321
SE,västernorrland,2020-05-21,521,,67,33,24,0,1,SE_321
SE,västernorrland,2020-05-22,550,,67,33,29,0,0,SE_321
SE,västernorrland,2020-05-23,559,,69,34,9,0,2,SE_321
SE,västernorrland,2020-05-24,572,,71,34,13,0,2,SE_321
SE,västernorrland,2020-05-25,593,,73,37,21,0,2,SE_321
SE,västernorrland,2020-05-26,603,,75,38,10,0,2,SE_321
SE,västernorrland,2020-05-27,640,,77,39,37,0,2,SE_321
SE,västernorrland,2020-05-28,673,,81,39,33,0,4,SE_321
SE,västernorrland,2020-05-29,701,,84,39,28,0,3,SE_321
SE,västernorrland,2020-05-30,722,,84,39,21,0,0,SE_321
SE,västernorrland,2020-05-31,723,,84,39,1,0,0,SE_321
SE,västernorrland,2020-06-01,728,,84,39,5,0,0,SE_321
SE,västernorrland,2020-06-02,758,,86,39,30,0,2,SE_321
SE,västernorrland,2020-06-03,785,,88,40,27,0,2,SE_321
SE,västernorrland,2020-06-04,806,,88,40,21,0,0,SE_321
SE,västernorrland,2020-06-05,835,,88,40,29,0,0,SE_321
SE,västernorrland,2020-06-06,853,,88,40,18,0,0,SE_321
SE,västernorrland,2020-06-07,860,,89,40,7,0,1,SE_321
SE,västernorrland,2020-06-08,887,,90,41,27,0,1,SE_321
SE,västernorrland,2020-06-09,905,,90,41,18,0,0,SE_321
SE,västernorrland,2020-06-10,929,,92,41,24,0,2,SE_321
SE,västernorrland,2020-06-11,942,,94,41,13,0,2,SE_321
SE,västernorrland,2020-06-12,971,,95,42,29,0,1,SE_321
SE,västernorrland,2020-06-13,989,,98,43,18,0,3,SE_321
SE,västernorrland,2020-06-14,994,,98,43,5,0,0,SE_321
SE,västernorrland,2020-06-15,1035,,98,44,41,0,0,SE_321
SE,västernorrland,2020-06-16,1039,,99,46,4,0,1,SE_321
SE,västmanland,2020-03-16,5,0,0,,,,,SE_125
SE,västmanland,2020-03-17,16,1,0,,11,1,0,SE_125
SE,västmanland,2020-03-18,18,1,0,,2,0,0,SE_125
SE,västmanland,2020-03-19,18,1,0,,0,0,0,SE_125
SE,västmanland,2020-03-20,19,1,0,,1,0,0,SE_125
SE,västmanland,2020-03-21,21,1,0,,2,0,0,SE_125
SE,västmanland,2020-03-22,21,1,0,,0,0,0,SE_125
SE,västmanland,2020-03-23,23,1,0,,2,0,0,SE_125
SE,västmanland,2020-03-24,24,1,0,,1,0,0,SE_125
SE,västmanland,2020-03-25,29,1,0,,5,0,0,SE_125
SE,västmanland,2020-03-26,31,1,0,,2,0,0,SE_125
SE,västmanland,2020-03-27,38,,0,5,7,0,0,SE_125
SE,västmanland,2020-03-28,46,,0,7,8,0,0,SE_125
SE,västmanland,2020-03-29,47,,0,8,1,0,0,SE_125
SE,västmanland,2020-03-30,70,,2,10,23,0,2,SE_125
SE,västmanland,2020-03-31,79,,2,10,9,0,0,SE_125
SE,västmanland,2020-04-01,88,,2,10,9,0,0,SE_125
SE,västmanland,2020-04-02,109,,2,11,21,0,0,SE_125
SE,västmanland,2020-04-03,134,,4,11,25,0,2,SE_125
SE,västmanland,2020-04-04,139,,4,12,5,0,0,SE_125
SE,västmanland,2020-04-05,140,,4,13,1,0,0,SE_125
SE,västmanland,2020-04-06,178,,5,14,38,0,1,SE_125
SE,västmanland,2020-04-07,222,,7,15,44,0,2,SE_125
SE,västmanland,2020-04-08,236,,15,16,14,0,8,SE_125
SE,västmanland,2020-04-09,268,,15,18,32,0,0,SE_125
SE,västmanland,2020-04-10,273,,16,18,5,0,1,SE_125
SE,västmanland,2020-04-11,298,,16,20,25,0,0,SE_125
SE,västmanland,2020-04-12,304,,16,20,6,0,0,SE_125
SE,västmanland,2020-04-13,346,,16,22,42,0,0,SE_125
SE,västmanland,2020-04-14,379,,17,22,33,0,1,SE_125
SE,västmanland,2020-04-15,404,,23,21,25,0,6,SE_125
SE,västmanland,2020-04-16,430,,26,23,26,0,3,SE_125
SE,västmanland,2020-04-17,450,,27,24,20,0,1,SE_125
SE,västmanland,2020-04-18,467,,29,26,17,0,2,SE_125
SE,västmanland,2020-04-19,484,,30,26,17,0,1,SE_125
SE,västmanland,2020-04-20,528,,30,27,44,0,0,SE_125
SE,västmanland,2020-04-21,573,,36,28,45,0,6,SE_125
SE,västmanland,2020-04-22,581,,64,29,8,0,28,SE_125
SE,västmanland,2020-04-23,610,,65,29,29,0,1,SE_125
SE,västmanland,2020-04-24,625,,77,31,15,0,12,SE_125
SE,västmanland,2020-04-25,660,,78,32,35,0,1,SE_125
SE,västmanland,2020-04-26,660,,78,33,0,0,0,SE_125
SE,västmanland,2020-04-27,702,,78,33,42,0,0,SE_125
SE,västmanland,2020-04-28,723,,78,33,21,0,0,SE_125
SE,västmanland,2020-04-29,744,,86,33,21,0,8,SE_125
SE,västmanland,2020-04-30,766,,89,35,22,0,3,SE_125
SE,västmanland,2020-05-01,768,,89,36,2,0,0,SE_125
SE,västmanland,2020-05-02,788,,89,36,20,0,0,SE_125
SE,västmanland,2020-05-03,789,,89,36,1,0,0,SE_125
SE,västmanland,2020-05-04,809,,95,37,20,0,6,SE_125
SE,västmanland,2020-05-05,820,,96,38,11,0,1,SE_125
SE,västmanland,2020-05-06,845,,99,38,25,0,3,SE_125
SE,västmanland,2020-05-07,865,,99,39,20,0,0,SE_125
SE,västmanland,2020-05-08,881,,99,40,16,0,0,SE_125
SE,västmanland,2020-05-09,887,,103,40,6,0,4,SE_125
SE,västmanland,2020-05-10,887,,103,41,0,0,0,SE_125
SE,västmanland,2020-05-11,918,,103,41,31,0,0,SE_125
SE,västmanland,2020-05-12,928,,104,40,10,0,1,SE_125
SE,västmanland,2020-05-13,956,,115,40,28,0,11,SE_125
SE,västmanland,2020-05-14,978,,115,40,22,0,0,SE_125
SE,västmanland,2020-05-15,996,,123,40,18,0,8,SE_125
SE,västmanland,2020-05-16,1001,,123,40,5,0,0,SE_125
SE,västmanland,2020-05-17,1001,,123,41,0,0,0,SE_125
SE,västmanland,2020-05-18,1003,,123,42,2,0,0,SE_125
SE,västmanland,2020-05-19,1042,,123,42,39,0,0,SE_125
SE,västmanland,2020-05-20,1068,,125,42,26,0,2,SE_125
SE,västmanland,2020-05-21,1083,,125,42,15,0,0,SE_125
SE,västmanland,2020-05-22,1107,,125,42,24,0,0,SE_125
SE,västmanland,2020-05-23,1118,,126,42,11,0,1,SE_125
SE,västmanland,2020-05-24,1118,,126,42,0,0,0,SE_125
SE,västmanland,2020-05-25,1137,,129,42,19,0,3,SE_125
SE,västmanland,2020-05-26,1163,,131,42,26,0,2,SE_125
SE,västmanland,2020-05-27,1196,,135,42,33,0,4,SE_125
SE,västmanland,2020-05-28,1231,,135,43,35,0,0,SE_125
SE,västmanland,2020-05-29,1255,,135,43,24,0,0,SE_125
SE,västmanland,2020-05-30,1264,,135,43,9,0,0,SE_125
SE,västmanland,2020-05-31,1264,,135,44,0,0,0,SE_125
SE,västmanland,2020-06-01,1273,,135,44,9,0,0,SE_125
SE,västmanland,2020-06-02,1332,,136,44,59,0,1,SE_125
SE,västmanland,2020-06-03,1367,,139,44,35,0,3,SE_125
SE,västmanland,2020-06-04,1401,,139,44,34,0,0,SE_125
SE,västmanland,2020-06-05,1434,,148,44,33,0,9,SE_125
SE,västmanland,2020-06-06,1436,,148,44,2,0,0,SE_125
SE,västmanland,2020-06-07,1436,,148,44,0,0,0,SE_125
SE,västmanland,2020-06-08,1457,,148,47,21,0,0,SE_125
SE,västmanland,2020-06-09,1527,,148,49,70,0,0,SE_125
SE,västmanland,2020-06-10,1547,,148,49,20,0,0,SE_125
SE,västmanland,2020-06-11,1606,,151,49,59,0,3,SE_125
SE,västmanland,2020-06-12,1683,,152,49,77,0,1,SE_125
SE,västmanland,2020-06-13,1718,,152,50,35,0,0,SE_125
SE,västmanland,2020-06-14,1718,,152,50,0,0,0,SE_125
SE,västmanland,2020-06-15,1750,,152,50,32,0,0,SE_125
SE,västmanland,2020-06-16,1820,,152,50,70,0,0,SE_125
SE,västra götaland,2020-03-16,176,17,0,,,,,SE_232
SE,västra götaland,2020-03-17,179,15,0,,3,-2,0,SE_232
SE,västra götaland,2020-03-18,199,16,0,,20,1,0,SE_232
SE,västra götaland,2020-03-19,207,15,0,,8,-1,0,SE_232
SE,västra götaland,2020-03-20,228,14,0,,21,-1,0,SE_232
SE,västra götaland,2020-03-21,242,14,0,,14,0,0,SE_232
SE,västra götaland,2020-03-22,250,13,0,,8,-1,0,SE_232
SE,västra götaland,2020-03-23,254,13,0,,4,0,0,SE_232
SE,västra götaland,2020-03-24,265,12,0,,11,-1,0,SE_232
SE,västra götaland,2020-03-25,275,11,0,,10,-1,0,SE_232
SE,västra götaland,2020-03-26,297,11,0,,22,0,0,SE_232
SE,västra götaland,2020-03-27,317,,4,20,20,0,4,SE_232
SE,västra götaland,2020-03-28,330,,4,25,13,0,0,SE_232
SE,västra götaland,2020-03-29,351,,4,26,21,0,0,SE_232
SE,västra götaland,2020-03-30,372,,4,35,21,0,0,SE_232
SE,västra götaland,2020-03-31,399,,6,39,27,0,2,SE_232
SE,västra götaland,2020-04-01,427,,6,44,28,0,0,SE_232
SE,västra götaland,2020-04-02,457,,9,49,30,0,3,SE_232
SE,västra götaland,2020-04-03,509,,14,50,52,0,5,SE_232
SE,västra götaland,2020-04-04,537,,18,54,28,0,4,SE_232
SE,västra götaland,2020-04-05,561,,18,55,24,0,0,SE_232
SE,västra götaland,2020-04-06,605,,21,64,44,0,3,SE_232
SE,västra götaland,2020-04-07,674,,26,66,69,0,5,SE_232
SE,västra götaland,2020-04-08,730,,33,68,56,0,7,SE_232
SE,västra götaland,2020-04-09,827,,39,73,97,0,6,SE_232
SE,västra götaland,2020-04-10,902,,49,78,75,0,10,SE_232
SE,västra götaland,2020-04-11,982,,49,89,80,0,0,SE_232
SE,västra götaland,2020-04-12,1018,,50,97,36,0,1,SE_232
SE,västra götaland,2020-04-13,1064,,51,101,46,0,1,SE_232
SE,västra götaland,2020-04-14,1106,,54,104,42,0,3,SE_232
SE,västra götaland,2020-04-15,1171,,60,111,65,0,6,SE_232
SE,västra götaland,2020-04-16,1242,,67,118,71,0,7,SE_232
SE,västra götaland,2020-04-17,1316,,75,124,74,0,8,SE_232
SE,västra götaland,2020-04-18,1405,,80,125,89,0,5,SE_232
SE,västra götaland,2020-04-19,1442,,81,126,37,0,1,SE_232
SE,västra götaland,2020-04-20,1478,,83,134,36,0,2,SE_232
SE,västra götaland,2020-04-21,1557,,103,136,79,0,20,SE_232
SE,västra götaland,2020-04-22,1667,,131,140,110,0,28,SE_232
SE,västra götaland,2020-04-23,1745,,134,148,78,0,3,SE_232
SE,västra götaland,2020-04-24,1886,,149,160,141,0,15,SE_232
SE,västra götaland,2020-04-25,1965,,161,165,79,0,12,SE_232
SE,västra götaland,2020-04-26,2058,,162,174,93,0,1,SE_232
SE,västra götaland,2020-04-27,2101,,164,181,43,0,2,SE_232
SE,västra götaland,2020-04-28,2212,,176,186,111,0,12,SE_232
SE,västra götaland,2020-04-29,2291,,192,189,79,0,16,SE_232
SE,västra götaland,2020-04-30,2459,,209,200,168,0,17,SE_232
SE,västra götaland,2020-05-01,2512,,224,211,53,0,15,SE_232
SE,västra götaland,2020-05-02,2636,,224,213,124,0,0,SE_232
SE,västra götaland,2020-05-03,2661,,224,212,25,0,0,SE_232
SE,västra götaland,2020-05-04,2720,,227,217,59,0,3,SE_232
SE,västra götaland,2020-05-05,2813,,234,224,93,0,7,SE_232
SE,västra götaland,2020-05-06,2971,,246,228,158,0,12,SE_232
SE,västra götaland,2020-05-07,3117,,250,236,146,0,4,SE_232
SE,västra götaland,2020-05-08,3254,,292,244,137,0,42,SE_232
SE,västra götaland,2020-05-09,3378,,296,250,124,0,4,SE_232
SE,västra götaland,2020-05-10,3473,,296,257,95,0,0,SE_232
SE,västra götaland,2020-05-11,3560,,297,261,87,0,1,SE_232
SE,västra götaland,2020-05-12,3679,,304,263,119,0,7,SE_232
SE,västra götaland,2020-05-13,3785,,351,267,106,0,47,SE_232
SE,västra götaland,2020-05-14,3910,,354,270,125,0,3,SE_232
SE,västra götaland,2020-05-15,4112,,389,272,202,0,35,SE_232
SE,västra götaland,2020-05-16,4201,,385,274,89,0,-4,SE_232
SE,västra götaland,2020-05-17,4352,,385,274,151,0,0,SE_232
SE,västra götaland,2020-05-18,4390,,387,280,38,0,2,SE_232
SE,västra götaland,2020-05-19,4442,,392,292,52,0,5,SE_232
SE,västra götaland,2020-05-20,4619,,426,292,177,0,34,SE_232
SE,västra götaland,2020-05-21,4705,,428,294,86,0,2,SE_232
SE,västra götaland,2020-05-22,4931,,470,298,226,0,42,SE_232
SE,västra götaland,2020-05-23,5019,,474,299,88,0,4,SE_232
SE,västra götaland,2020-05-24,5050,,474,301,31,0,0,SE_232
SE,västra götaland,2020-05-25,5164,,474,307,114,0,0,SE_232
SE,västra götaland,2020-05-26,5267,,477,314,103,0,3,SE_232
SE,västra götaland,2020-05-27,5377,,510,317,110,0,33,SE_232
SE,västra götaland,2020-05-28,5480,,511,320,103,0,1,SE_232
SE,västra götaland,2020-05-29,5574,,548,325,94,0,37,SE_232
SE,västra götaland,2020-05-30,5772,,550,329,198,0,2,SE_232
SE,västra götaland,2020-05-31,5898,,550,330,126,0,0,SE_232
SE,västra götaland,2020-06-01,6021,,551,333,123,0,1,SE_232
SE,västra götaland,2020-06-02,6184,,553,338,163,0,2,SE_232
SE,västra götaland,2020-06-03,6414,,579,340,230,0,26,SE_232
SE,västra götaland,2020-06-04,6833,,582,344,419,0,3,SE_232
SE,västra götaland,2020-06-05,7218,,600,347,385,0,18,SE_232
SE,västra götaland,2020-06-06,7589,,602,349,371,0,2,SE_232
SE,västra götaland,2020-06-07,7973,,602,352,384,0,0,SE_232
SE,västra götaland,2020-06-08,8128,,602,357,155,0,0,SE_232
SE,västra götaland,2020-06-09,8383,,604,360,255,0,2,SE_232
SE,västra götaland,2020-06-10,8608,,631,367,225,0,27,SE_232
SE,västra götaland,2020-06-11,9255,,632,373,647,0,1,SE_232
SE,västra götaland,2020-06-12,9752,,647,373,497,0,15,SE_232
SE,västra götaland,2020-06-13,10231,,647,373,479,0,0,SE_232
SE,västra götaland,2020-06-14,10609,,647,373,378,0,0,SE_232
SE,västra götaland,2020-06-15,10743,,649,379,134,0,2,SE_232
SE,västra götaland,2020-06-16,11083,,649,384,340,0,0,SE_232
SE,örebro,2020-03-16,9,1,0,,,,,SE_124
SE,örebro,2020-03-17,12,1,0,,3,0,0,SE_124
SE,örebro,2020-03-18,23,2,0,,11,1,0,SE_124
SE,örebro,2020-03-19,27,2,0,,4,0,0,SE_124
SE,örebro,2020-03-20,33,2,0,,6,0,0,SE_124
SE,örebro,2020-03-21,41,2,0,,8,0,0,SE_124
SE,örebro,2020-03-22,42,2,0,,1,0,0,SE_124
SE,örebro,2020-03-23,42,2,0,,0,0,0,SE_124
SE,örebro,2020-03-24,48,2,0,,6,0,0,SE_124
SE,örebro,2020-03-25,58,2,0,,10,0,0,SE_124
SE,örebro,2020-03-26,66,2,0,,8,0,0,SE_124
SE,örebro,2020-03-27,68,,0,5,2,0,0,SE_124
SE,örebro,2020-03-28,75,,0,6,7,0,0,SE_124
SE,örebro,2020-03-29,77,,0,5,2,0,0,SE_124
SE,örebro,2020-03-30,86,,0,7,9,0,0,SE_124
SE,örebro,2020-03-31,109,,1,8,23,0,1,SE_124
SE,örebro,2020-04-01,117,,1,7,8,0,0,SE_124
SE,örebro,2020-04-02,121,,1,9,4,0,0,SE_124
SE,örebro,2020-04-03,166,,1,9,45,0,0,SE_124
SE,örebro,2020-04-04,166,,1,13,0,0,0,SE_124
SE,örebro,2020-04-05,172,,1,13,6,0,0,SE_124
SE,örebro,2020-04-06,173,,1,16,1,0,0,SE_124
SE,örebro,2020-04-07,185,,1,17,12,0,0,SE_124
SE,örebro,2020-04-08,230,,3,19,45,0,2,SE_124
SE,örebro,2020-04-09,279,,4,19,49,0,1,SE_124
SE,örebro,2020-04-10,302,,5,22,23,0,1,SE_124
SE,örebro,2020-04-11,308,,5,25,6,0,0,SE_124
SE,örebro,2020-04-12,316,,5,26,8,0,0,SE_124
SE,örebro,2020-04-13,383,,5,28,67,0,0,SE_124
SE,örebro,2020-04-14,388,,6,26,5,0,1,SE_124
SE,örebro,2020-04-15,401,,7,33,13,0,1,SE_124
SE,örebro,2020-04-16,421,,7,34,20,0,0,SE_124
SE,örebro,2020-04-17,537,,8,34,116,0,1,SE_124
SE,örebro,2020-04-18,566,,20,35,29,0,12,SE_124
SE,örebro,2020-04-19,617,,20,36,51,0,0,SE_124
SE,örebro,2020-04-20,630,,22,37,13,0,2,SE_124
SE,örebro,2020-04-21,663,,34,38,33,0,12,SE_124
SE,örebro,2020-04-22,720,,39,38,57,0,5,SE_124
SE,örebro,2020-04-23,753,,44,40,33,0,5,SE_124
SE,örebro,2020-04-24,802,,48,42,49,0,4,SE_124
SE,örebro,2020-04-25,838,,52,46,36,0,4,SE_124
SE,örebro,2020-04-26,860,,52,48,22,0,0,SE_124
SE,örebro,2020-04-27,877,,55,51,17,0,3,SE_124
SE,örebro,2020-04-28,928,,58,52,51,0,3,SE_124
SE,örebro,2020-04-29,974,,61,54,46,0,3,SE_124
SE,örebro,2020-04-30,1013,,61,54,39,0,0,SE_124
SE,örebro,2020-05-01,1035,,61,55,22,0,0,SE_124
SE,örebro,2020-05-02,1078,,62,57,43,0,1,SE_124
SE,örebro,2020-05-03,1090,,62,58,12,0,0,SE_124
SE,örebro,2020-05-04,1111,,72,61,21,0,10,SE_124
SE,örebro,2020-05-05,1129,,70,64,18,0,-2,SE_124
SE,örebro,2020-05-06,1182,,71,64,53,0,1,SE_124
SE,örebro,2020-05-07,1225,,78,63,43,0,7,SE_124
SE,örebro,2020-05-08,1242,,81,63,17,0,3,SE_124
SE,örebro,2020-05-09,1282,,82,63,40,0,1,SE_124
SE,örebro,2020-05-10,1305,,82,65,23,0,0,SE_124
SE,örebro,2020-05-11,1323,,89,66,18,0,7,SE_124
SE,örebro,2020-05-12,1367,,91,69,44,0,2,SE_124
SE,örebro,2020-05-13,1407,,92,69,40,0,1,SE_124
SE,örebro,2020-05-14,1433,,98,69,26,0,6,SE_124
SE,örebro,2020-05-15,1432,,99,69,-1,0,1,SE_124
SE,örebro,2020-05-16,1481,,102,69,49,0,3,SE_124
SE,örebro,2020-05-17,1501,,102,70,20,0,0,SE_124
SE,örebro,2020-05-18,1507,,105,71,6,0,3,SE_124
SE,örebro,2020-05-19,1515,,109,67,8,0,4,SE_124
SE,örebro,2020-05-20,1557,,112,68,42,0,3,SE_124
SE,örebro,2020-05-21,1591,,112,69,34,0,0,SE_124
SE,örebro,2020-05-22,1629,,119,69,38,0,7,SE_124
SE,örebro,2020-05-23,1633,,119,69,4,0,0,SE_124
SE,örebro,2020-05-24,1639,,119,69,6,0,0,SE_124
SE,örebro,2020-05-25,1677,,124,69,38,0,5,SE_124
SE,örebro,2020-05-26,1687,,128,70,10,0,4,SE_124
SE,örebro,2020-05-27,1715,,129,70,28,0,1,SE_124
SE,örebro,2020-05-28,1750,,130,70,35,0,1,SE_124
SE,örebro,2020-05-29,1777,,131,70,27,0,1,SE_124
SE,örebro,2020-05-30,1795,,131,70,18,0,0,SE_124
SE,örebro,2020-05-31,1795,,131,71,0,0,0,SE_124
SE,örebro,2020-06-01,1795,,133,71,0,0,2,SE_124
SE,örebro,2020-06-02,1853,,137,72,58,0,4,SE_124
SE,örebro,2020-06-03,1870,,138,72,17,0,1,SE_124
SE,örebro,2020-06-04,1894,,139,73,24,0,1,SE_124
SE,örebro,2020-06-05,1896,,139,73,2,0,0,SE_124
SE,örebro,2020-06-06,1942,,139,73,46,0,0,SE_124
SE,örebro,2020-06-07,1957,,139,73,15,0,0,SE_124
SE,örebro,2020-06-08,1975,,141,73,18,0,2,SE_124
SE,örebro,2020-06-09,1983,,141,73,8,0,0,SE_124
SE,örebro,2020-06-10,2016,,142,74,33,0,1,SE_124
SE,örebro,2020-06-11,2036,,143,74,20,0,1,SE_124
SE,örebro,2020-06-12,2077,,143,76,41,0,0,SE_124
SE,örebro,2020-06-13,2096,,146,76,19,0,3,SE_124
SE,örebro,2020-06-14,2099,,146,76,3,0,0,SE_124
SE,örebro,2020-06-15,2107,,150,77,8,0,4,SE_124
SE,örebro,2020-06-16,2151,,150,79,44,0,0,SE_124
SE,östergötland,2020-03-16,26,2,0,,,,,SE_123
SE,östergötland,2020-03-17,39,3,0,,13,1,0,SE_123
SE,östergötland,2020-03-18,52,4,0,,13,1,0,SE_123
SE,östergötland,2020-03-19,88,6,0,,36,2,0,SE_123
SE,östergötland,2020-03-20,116,7,0,,28,1,0,SE_123
SE,östergötland,2020-03-21,126,7,0,,10,0,0,SE_123
SE,östergötland,2020-03-22,137,7,0,,11,0,0,SE_123
SE,östergötland,2020-03-23,151,7,0,,14,0,0,SE_123
SE,östergötland,2020-03-24,181,8,0,,30,1,0,SE_123
SE,östergötland,2020-03-25,203,8,0,,22,0,0,SE_123
SE,östergötland,2020-03-26,221,8,0,,18,0,0,SE_123
SE,östergötland,2020-03-27,244,,4,16,23,0,4,SE_123
SE,östergötland,2020-03-28,272,,4,18,28,0,0,SE_123
SE,östergötland,2020-03-29,311,,4,19,39,0,0,SE_123
SE,östergötland,2020-03-30,353,,5,23,42,0,1,SE_123
SE,östergötland,2020-03-31,376,,6,26,23,0,1,SE_123
SE,östergötland,2020-04-01,449,,8,28,73,0,2,SE_123
SE,östergötland,2020-04-02,514,,8,28,65,0,0,SE_123
SE,östergötland,2020-04-03,578,,10,31,64,0,2,SE_123
SE,östergötland,2020-04-04,584,,12,35,6,0,2,SE_123
SE,östergötland,2020-04-05,644,,12,35,60,0,0,SE_123
SE,östergötland,2020-04-06,695,,17,35,51,0,5,SE_123
SE,östergötland,2020-04-07,733,,17,41,38,0,0,SE_123
SE,östergötland,2020-04-08,811,,27,43,78,0,10,SE_123
SE,östergötland,2020-04-09,874,,27,45,63,0,0,SE_123
SE,östergötland,2020-04-10,910,,32,45,36,0,5,SE_123
SE,östergötland,2020-04-11,942,,32,46,32,0,0,SE_123
SE,östergötland,2020-04-12,951,,34,45,9,0,2,SE_123
SE,östergötland,2020-04-13,970,,34,45,19,0,0,SE_123
SE,östergötland,2020-04-14,1011,,35,48,41,0,1,SE_123
SE,östergötland,2020-04-15,1041,,49,50,30,0,14,SE_123
SE,östergötland,2020-04-16,1068,,56,53,27,0,7,SE_123
SE,östergötland,2020-04-17,1098,,58,52,30,0,2,SE_123
SE,östergötland,2020-04-18,1106,,58,55,8,0,0,SE_123
SE,östergötland,2020-04-19,1158,,58,57,52,0,0,SE_123
SE,östergötland,2020-04-20,1174,,58,60,16,0,0,SE_123
SE,östergötland,2020-04-21,1217,,64,59,43,0,6,SE_123
SE,östergötland,2020-04-22,1248,,80,61,31,0,16,SE_123
SE,östergötland,2020-04-23,1282,,81,61,34,0,1,SE_123
SE,östergötland,2020-04-24,1305,,90,62,23,0,9,SE_123
SE,östergötland,2020-04-25,1325,,91,63,20,0,1,SE_123
SE,östergötland,2020-04-26,1355,,91,66,30,0,0,SE_123
SE,östergötland,2020-04-27,1365,,91,69,10,0,0,SE_123
SE,östergötland,2020-04-28,1401,,92,70,36,0,1,SE_123
SE,östergötland,2020-04-29,1423,,101,74,22,0,9,SE_123
SE,östergötland,2020-04-30,1440,,102,74,17,0,1,SE_123
SE,östergötland,2020-05-01,1443,,117,80,3,0,15,SE_123
SE,östergötland,2020-05-02,1468,,117,80,25,0,0,SE_123
SE,östergötland,2020-05-03,1485,,118,80,17,0,1,SE_123
SE,östergötland,2020-05-04,1499,,121,80,14,0,3,SE_123
SE,östergötland,2020-05-05,1522,,123,82,23,0,2,SE_123
SE,östergötland,2020-05-06,1537,,134,82,15,0,11,SE_123
SE,östergötland,2020-05-07,1555,,135,82,18,0,1,SE_123
SE,östergötland,2020-05-08,1576,,136,82,21,0,1,SE_123
SE,östergötland,2020-05-09,1604,,147,80,28,0,11,SE_123
SE,östergötland,2020-05-10,1620,,147,83,16,0,0,SE_123
SE,östergötland,2020-05-11,1626,,147,83,6,0,0,SE_123
SE,östergötland,2020-05-12,1650,,148,87,24,0,1,SE_123
SE,östergötland,2020-05-13,1677,,153,90,27,0,5,SE_123
SE,östergötland,2020-05-14,1706,,153,90,29,0,0,SE_123
SE,östergötland,2020-05-15,1724,,159,91,18,0,6,SE_123
SE,östergötland,2020-05-16,1729,,159,92,5,0,0,SE_123
SE,östergötland,2020-05-17,1744,,159,92,15,0,0,SE_123
SE,östergötland,2020-05-18,1776,,159,91,32,0,0,SE_123
SE,östergötland,2020-05-19,1785,,159,90,9,0,0,SE_123
SE,östergötland,2020-05-20,1826,,162,90,41,0,3,SE_123
SE,östergötland,2020-05-21,1863,,165,92,37,0,3,SE_123
SE,östergötland,2020-05-22,1871,,165,92,8,0,0,SE_123
SE,östergötland,2020-05-23,1901,,165,94,30,0,0,SE_123
SE,östergötland,2020-05-24,1903,,165,94,2,0,0,SE_123
SE,östergötland,2020-05-25,1907,,165,96,4,0,0,SE_123
SE,östergötland,2020-05-26,1944,,172,97,37,0,7,SE_123
SE,östergötland,2020-05-27,1944,,179,97,0,0,7,SE_123
SE,östergötland,2020-05-28,1974,,179,97,30,0,0,SE_123
SE,östergötland,2020-05-29,1974,,190,98,0,0,11,SE_123
SE,östergötland,2020-05-30,1975,,190,98,1,0,0,SE_123
SE,östergötland,2020-05-31,1975,,190,98,0,0,0,SE_123
SE,östergötland,2020-06-01,1975,,190,97,0,0,0,SE_123
SE,östergötland,2020-06-02,2067,,190,97,92,0,0,SE_123
SE,östergötland,2020-06-03,2099,,190,98,32,0,0,SE_123
SE,östergötland,2020-06-04,2159,,194,100,60,0,4,SE_123
SE,östergötland,2020-06-05,2197,,194,100,38,0,0,SE_123
SE,östergötland,2020-06-06,2238,,198,100,41,0,4,SE_123
SE,östergötland,2020-06-07,2253,,198,100,15,0,0,SE_123
SE,östergötland,2020-06-08,2260,,198,100,7,0,0,SE_123
SE,östergötland,2020-06-09,2287,,198,102,27,0,0,SE_123
SE,östergötland,2020-06-10,2324,,201,102,37,0,3,SE_123
SE,östergötland,2020-06-11,2363,,201,102,39,0,0,SE_123
SE,östergötland,2020-06-12,2418,,209,103,55,0,8,SE_123
SE,östergötland,2020-06-13,2503,,209,103,85,0,0,SE_123
SE,östergötland,2020-06-14,2515,,209,103,12,0,0,SE_123
SE,östergötland,2020-06-15,2557,,209,104,42,0,0,SE_123
SE,östergötland,2020-06-16,2588,,209,104,31,0,0,SE_123
