country,nuts_2,cases,deaths,datetime
PL,podlaskie,2.0,0,2020-03-18T00:00:00
PL,lubuskie,3.0,0,2020-03-18T00:00:00
PL,świętokrzyskie,4.0,0,2020-03-18T00:00:00
PL,małopolskie,6.0,0,2020-03-18T00:00:00
PL,zachodniopomorskie,8.0,0,2020-03-18T00:00:00
PL,kujawsko-pomorskie,8.0,0,2020-03-18T00:00:00
PL,pomorskie,9.0,0,2020-03-18T00:00:00
PL,opolskie,9.0,0,2020-03-18T00:00:00
PL,warmińsko-mazurskie,11.0,0,2020-03-18T00:00:00
PL,wielkopolskie,13.0,1,2020-03-18T00:00:00
PL,podkarpackie,14.0,1,2020-03-18T00:00:00
PL,lubelskie,22.0,1,2020-03-18T00:00:00
PL,śląskie,30.0,0,2020-03-18T00:00:00
PL,dolnośląskie,40.0,2,2020-03-18T00:00:00
PL,łódzkie,42.0,0,2020-03-18T00:00:00
PL,mazowieckie,66.0,0,2020-03-18T00:00:00
PL,podlaskie,1.0,0,2020-03-19T00:00:00
PL,świętokrzyskie,5.0,0,2020-03-19T00:00:00
PL,małopolskie,7.0,0,2020-03-19T00:00:00
PL,zachodniopomorskie,9.0,0,2020-03-19T00:00:00
PL,pomorskie,9.0,0,2020-03-19T00:00:00
PL,lubuskie,9.0,0,2020-03-19T00:00:00
PL,opolskie,10.0,0,2020-03-19T00:00:00
PL,kujawsko-pomorskie,11.0,0,2020-03-19T00:00:00
PL,warmińsko-mazurskie,12.0,0,2020-03-19T00:00:00
PL,wielkopolskie,15.0,1,2020-03-19T00:00:00
PL,podkarpackie,17.0,1,2020-03-19T00:00:00
PL,lubelskie,25.0,1,2020-03-19T00:00:00
PL,śląskie,42.0,0,2020-03-19T00:00:00
PL,łódzkie,48.0,0,2020-03-19T00:00:00
PL,dolnośląskie,53.0,2,2020-03-19T00:00:00
PL,mazowieckie,82.0,0,2020-03-19T00:00:00
PL,podlaskie,3.0,0,2020-03-20T00:00:00
PL,świętokrzyskie,6.0,0,2020-03-20T00:00:00
PL,zachodniopomorskie,9.0,0,2020-03-20T00:00:00
PL,lubuskie,9.0,0,2020-03-20T00:00:00
PL,pomorskie,10.0,0,2020-03-20T00:00:00
PL,opolskie,10.0,0,2020-03-20T00:00:00
PL,małopolskie,14.0,0,2020-03-20T00:00:00
PL,kujawsko-pomorskie,14.0,0,2020-03-20T00:00:00
PL,warmińsko-mazurskie,17.0,0,2020-03-20T00:00:00
PL,wielkopolskie,18.0,1,2020-03-20T00:00:00
PL,podkarpackie,19.0,1,2020-03-20T00:00:00
PL,lubelskie,28.0,1,2020-03-20T00:00:00
PL,śląskie,46.0,0,2020-03-20T00:00:00
PL,łódzkie,57.0,0,2020-03-20T00:00:00
PL,dolnośląskie,58.0,2,2020-03-20T00:00:00
PL,mazowieckie,107.0,0,2020-03-20T00:00:00
PL,podlaskie,5.0,0,2020-03-21T00:00:00
PL,świętokrzyskie,7.0,0,2020-03-21T00:00:00
PL,lubuskie,9.0,0,2020-03-21T00:00:00
PL,opolskie,10.0,0,2020-03-21T00:00:00
PL,zachodniopomorskie,10.0,0,2020-03-21T00:00:00
PL,pomorskie,14.0,0,2020-03-21T00:00:00
PL,małopolskie,16.0,0,2020-03-21T00:00:00
PL,kujawsko-pomorskie,18.0,0,2020-03-21T00:00:00
PL,warmińsko-mazurskie,20.0,0,2020-03-21T00:00:00
PL,podkarpackie,25.0,1,2020-03-21T00:00:00
PL,wielkopolskie,31.0,1,2020-03-21T00:00:00
PL,lubelskie,31.0,1,2020-03-21T00:00:00
PL,śląskie,56.0,0,2020-03-21T00:00:00
PL,dolnośląskie,66.0,2,2020-03-21T00:00:00
PL,łódzkie,91.0,0,2020-03-21T00:00:00
PL,mazowieckie,127.0,0,2020-03-21T00:00:00
PL,podlaskie,6.0,0,2020-03-22T00:00:00
PL,świętokrzyskie,7.0,0,2020-03-22T00:00:00
PL,lubuskie,11.0,0,2020-03-22T00:00:00
PL,zachodniopomorskie,12.0,0,2020-03-22T00:00:00
PL,opolskie,14.0,0,2020-03-22T00:00:00
PL,pomorskie,17.0,0,2020-03-22T00:00:00
PL,kujawsko-pomorskie,18.0,0,2020-03-22T00:00:00
PL,warmińsko-mazurskie,22.0,0,2020-03-22T00:00:00
PL,małopolskie,24.0,0,2020-03-22T00:00:00
PL,podkarpackie,29.0,1,2020-03-22T00:00:00
PL,wielkopolskie,36.0,2,2020-03-22T00:00:00
PL,lubelskie,39.0,1,2020-03-22T00:00:00
PL,śląskie,66.0,0,2020-03-22T00:00:00
PL,dolnośląskie,79.0,2,2020-03-22T00:00:00
PL,łódzkie,106.0,0,2020-03-22T00:00:00
PL,mazowieckie,147.0,1,2020-03-22T00:00:00
PL,podlaskie,7.0,0,2020-03-23T00:00:00
PL,świętokrzyskie,8.0,0,2020-03-23T00:00:00
PL,lubuskie,16.0,0,2020-03-23T00:00:00
PL,zachodniopomorskie,16.0,0,2020-03-23T00:00:00
PL,opolskie,19.0,0,2020-03-23T00:00:00
PL,kujawsko-pomorskie,21.0,0,2020-03-23T00:00:00
PL,pomorskie,21.0,0,2020-03-23T00:00:00
PL,warmińsko-mazurskie,25.0,0,2020-03-23T00:00:00
PL,podkarpackie,30.0,1,2020-03-23T00:00:00
PL,małopolskie,33.0,0,2020-03-23T00:00:00
PL,wielkopolskie,41.0,2,2020-03-23T00:00:00
PL,lubelskie,48.0,1,2020-03-23T00:00:00
PL,śląskie,77.0,1,2020-03-23T00:00:00
PL,dolnośląskie,101.0,2,2020-03-23T00:00:00
PL,łódzkie,111.0,0,2020-03-23T00:00:00
PL,mazowieckie,175.0,1,2020-03-23T00:00:00
PL,podlaskie,7.0,0,2020-03-24T00:00:00
PL,świętokrzyskie,8.0,0,2020-03-24T00:00:00
PL,lubuskie,21.0,0,2020-03-24T00:00:00
PL,opolskie,21.0,0,2020-03-24T00:00:00
PL,kujawsko-pomorskie,22.0,0,2020-03-24T00:00:00
PL,pomorskie,22.0,0,2020-03-24T00:00:00
PL,zachodniopomorskie,27.0,0,2020-03-24T00:00:00
PL,warmińsko-mazurskie,29.0,0,2020-03-24T00:00:00
PL,podkarpackie,37.0,1,2020-03-24T00:00:00
PL,wielkopolskie,42.0,2,2020-03-24T00:00:00
PL,małopolskie,49.0,0,2020-03-24T00:00:00
PL,lubelskie,54.0,2,2020-03-24T00:00:00
PL,śląskie,87.0,2,2020-03-24T00:00:00
PL,łódzkie,129.0,0,2020-03-24T00:00:00
PL,dolnośląskie,134.0,2,2020-03-24T00:00:00
PL,mazowieckie,212.0,1,2020-03-24T00:00:00
PL,podlaskie,10.0,0,2020-03-25T00:00:00
PL,świętokrzyskie,14.0,1,2020-03-25T00:00:00
PL,lubuskie,20.0,0,2020-03-25T00:00:00
PL,pomorskie,22.0,0,2020-03-25T00:00:00
PL,opolskie,23.0,0,2020-03-25T00:00:00
PL,kujawsko-pomorskie,27.0,0,2020-03-25T00:00:00
PL,zachodniopomorskie,31.0,0,2020-03-25T00:00:00
PL,warmińsko-mazurskie,33.0,0,2020-03-25T00:00:00
PL,podkarpackie,43.0,1,2020-03-25T00:00:00
PL,małopolskie,56.0,0,2020-03-25T00:00:00
PL,wielkopolskie,57.0,2,2020-03-25T00:00:00
PL,lubelskie,63.0,2,2020-03-25T00:00:00
PL,śląskie,107.0,2,2020-03-25T00:00:00
PL,łódzkie,144.0,0,2020-03-25T00:00:00
PL,dolnośląskie,150.0,5,2020-03-25T00:00:00
PL,mazowieckie,251.0,1,2020-03-25T00:00:00
PL,podlaskie,13.0,0,2020-03-26T00:00:00
PL,świętokrzyskie,15.0,1,2020-03-26T00:00:00
PL,opolskie,26.0,0,2020-03-26T00:00:00
PL,pomorskie,28.0,0,2020-03-26T00:00:00
PL,lubuskie,30.0,0,2020-03-26T00:00:00
PL,kujawsko-pomorskie,31.0,0,2020-03-26T00:00:00
PL,zachodniopomorskie,33.0,1,2020-03-26T00:00:00
PL,warmińsko-mazurskie,39.0,0,2020-03-26T00:00:00
PL,podkarpackie,53.0,1,2020-03-26T00:00:00
PL,małopolskie,69.0,0,2020-03-26T00:00:00
PL,wielkopolskie,69.0,2,2020-03-26T00:00:00
PL,lubelskie,74.0,2,2020-03-26T00:00:00
PL,śląskie,127.0,2,2020-03-26T00:00:00
PL,łódzkie,158.0,0,2020-03-26T00:00:00
PL,dolnośląskie,165.0,4,2020-03-26T00:00:00
PL,mazowieckie,291.0,3,2020-03-26T00:00:00
PL,podlaskie,17.0,0,2020-03-27T00:00:00
PL,świętokrzyskie,22.0,1,2020-03-27T00:00:00
PL,opolskie,28.0,0,2020-03-27T00:00:00
PL,lubuskie,31.0,0,2020-03-27T00:00:00
PL,pomorskie,32.0,0,2020-03-27T00:00:00
PL,kujawsko-pomorskie,33.0,0,2020-03-27T00:00:00
PL,zachodniopomorskie,40.0,1,2020-03-27T00:00:00
PL,warmińsko-mazurskie,44.0,0,2020-03-27T00:00:00
PL,podkarpackie,61.0,1,2020-03-27T00:00:00
PL,lubelskie,78.0,2,2020-03-27T00:00:00
PL,wielkopolskie,90.0,2,2020-03-27T00:00:00
PL,małopolskie,93.0,0,2020-03-27T00:00:00
PL,śląskie,141.0,2,2020-03-27T00:00:00
PL,łódzkie,168.0,0,2020-03-27T00:00:00
PL,dolnośląskie,193.0,4,2020-03-27T00:00:00
PL,mazowieckie,318.0,3,2020-03-27T00:00:00
PL,podlaskie,26.0,0,2020-03-28T00:00:00
PL,świętokrzyskie,27.0,1,2020-03-28T00:00:00
PL,opolskie,31.0,0,2020-03-28T00:00:00
PL,lubuskie,33.0,0,2020-03-28T00:00:00
PL,pomorskie,36.0,0,2020-03-28T00:00:00
PL,kujawsko-pomorskie,37.0,0,2020-03-28T00:00:00
PL,warmińsko-mazurskie,46.0,0,2020-03-28T00:00:00
PL,zachodniopomorskie,51.0,1,2020-03-28T00:00:00
PL,podkarpackie,71.0,1,2020-03-28T00:00:00
PL,lubelskie,87.0,3,2020-03-28T00:00:00
PL,wielkopolskie,99.0,2,2020-03-28T00:00:00
PL,małopolskie,112.0,0,2020-03-28T00:00:00
PL,śląskie,165.0,2,2020-03-28T00:00:00
PL,łódzkie,182.0,0,2020-03-28T00:00:00
PL,dolnośląskie,214.0,4,2020-03-28T00:00:00
PL,mazowieckie,421.0,4,2020-03-28T00:00:00
PL,podlaskie,28.0,0,2020-03-29T00:00:00
PL,lubuskie,33.0,0,2020-03-29T00:00:00
PL,świętokrzyskie,34.0,1,2020-03-29T00:00:00
PL,opolskie,43.0,0,2020-03-29T00:00:00
PL,pomorskie,45.0,0,2020-03-29T00:00:00
PL,kujawsko-pomorskie,47.0,0,2020-03-29T00:00:00
PL,warmińsko-mazurskie,56.0,0,2020-03-29T00:00:00
PL,zachodniopomorskie,57.0,1,2020-03-29T00:00:00
PL,podkarpackie,76.0,1,2020-03-29T00:00:00
PL,lubelskie,105.0,3,2020-03-29T00:00:00
PL,wielkopolskie,108.0,2,2020-03-29T00:00:00
PL,małopolskie,150.0,1,2020-03-29T00:00:00
PL,łódzkie,190.0,0,2020-03-29T00:00:00
PL,śląskie,195.0,5,2020-03-29T00:00:00
PL,dolnośląskie,234.0,4,2020-03-29T00:00:00
PL,mazowieckie,461.0,4,2020-03-29T00:00:00
PL,lubuskie,36.0,0,2020-03-30T00:00:00
PL,podlaskie,36.0,0,2020-03-30T00:00:00
PL,świętokrzyskie,37.0,1,2020-03-30T00:00:00
PL,pomorskie,48.0,0,2020-03-30T00:00:00
PL,opolskie,54.0,0,2020-03-30T00:00:00
PL,warmińsko-mazurskie,57.0,0,2020-03-30T00:00:00
PL,zachodniopomorskie,59.0,1,2020-03-30T00:00:00
PL,kujawsko-pomorskie,72.0,0,2020-03-30T00:00:00
PL,podkarpackie,80.0,3,2020-03-30T00:00:00
PL,lubelskie,114.0,4,2020-03-30T00:00:00
PL,wielkopolskie,132.0,3,2020-03-30T00:00:00
PL,małopolskie,174.0,1,2020-03-30T00:00:00
PL,łódzkie,202.0,0,2020-03-30T00:00:00
PL,śląskie,209.0,7,2020-03-30T00:00:00
PL,dolnośląskie,258.0,4,2020-03-30T00:00:00
PL,mazowieckie,487.0,7,2020-03-30T00:00:00
PL,podlaskie,36.0,0,2020-03-31T00:00:00
PL,lubuskie,42.0,0,2020-03-31T00:00:00
PL,świętokrzyskie,49.0,1,2020-03-31T00:00:00
PL,pomorskie,54.0,0,2020-03-31T00:00:00
PL,warmińsko-mazurskie,58.0,0,2020-03-31T00:00:00
PL,zachodniopomorskie,69.0,1,2020-03-31T00:00:00
PL,opolskie,70.0,0,2020-03-31T00:00:00
PL,kujawsko-pomorskie,76.0,0,2020-03-31T00:00:00
PL,podkarpackie,95.0,3,2020-03-31T00:00:00
PL,lubelskie,132.0,4,2020-03-31T00:00:00
PL,wielkopolskie,148.0,3,2020-03-31T00:00:00
PL,małopolskie,192.0,1,2020-03-31T00:00:00
PL,łódzkie,208.0,0,2020-03-31T00:00:00
PL,śląskie,264.0,8,2020-03-31T00:00:00
PL,dolnośląskie,274.0,4,2020-03-31T00:00:00
PL,mazowieckie,544.0,8,2020-03-31T00:00:00
PL,lubuskie,47.0,0,2020-04-01T00:00:00
PL,podlaskie,47.0,0,2020-04-01T00:00:00
PL,świętokrzyskie,55.0,1,2020-04-01T00:00:00
PL,pomorskie,60.0,0,2020-04-01T00:00:00
PL,warmińsko-mazurskie,61.0,0,2020-04-01T00:00:00
PL,opolskie,75.0,0,2020-04-01T00:00:00
PL,zachodniopomorskie,79.0,1,2020-04-01T00:00:00
PL,kujawsko-pomorskie,84.0,0,2020-04-01T00:00:00
PL,podkarpackie,104.0,3,2020-04-01T00:00:00
PL,lubelskie,133.0,5,2020-04-01T00:00:00
PL,wielkopolskie,169.0,6,2020-04-01T00:00:00
PL,małopolskie,209.0,1,2020-04-01T00:00:00
PL,łódzkie,221.0,1,2020-04-01T00:00:00
PL,śląskie,272.0,10,2020-04-01T00:00:00
PL,dolnośląskie,326.0,4,2020-04-01T00:00:00
PL,mazowieckie,612.0,11,2020-04-01T00:00:00
PL,lubuskie,49.0,0,2020-04-02T00:00:00
PL,podlaskie,59.0,0,2020-04-02T00:00:00
PL,świętokrzyskie,62.0,1,2020-04-02T00:00:00
PL,warmińsko-mazurskie,67.0,0,2020-04-02T00:00:00
PL,pomorskie,70.0,0,2020-04-02T00:00:00
PL,opolskie,78.0,1,2020-04-02T00:00:00
PL,zachodniopomorskie,89.0,2,2020-04-02T00:00:00
PL,podkarpackie,111.0,4,2020-04-02T00:00:00
PL,lubelskie,150.0,5,2020-04-02T00:00:00
PL,kujawsko-pomorskie,157.0,0,2020-04-02T00:00:00
PL,wielkopolskie,195.0,8,2020-04-02T00:00:00
PL,małopolskie,230.0,4,2020-04-02T00:00:00
PL,łódzkie,236.0,1,2020-04-02T00:00:00
PL,śląskie,301.0,11,2020-04-02T00:00:00
PL,dolnośląskie,338.0,6,2020-04-02T00:00:00
PL,mazowieckie,754.0,14,2020-04-02T00:00:00
PL,lubuskie,51.0,0,2020-04-03T00:00:00
PL,podlaskie,74.0,0,2020-04-03T00:00:00
PL,warmińsko-mazurskie,75.0,0,2020-04-03T00:00:00
PL,opolskie,79.0,1,2020-04-03T00:00:00
PL,świętokrzyskie,79.0,1,2020-04-03T00:00:00
PL,pomorskie,82.0,0,2020-04-03T00:00:00
PL,zachodniopomorskie,89.0,2,2020-04-03T00:00:00
PL,podkarpackie,125.0,4,2020-04-03T00:00:00
PL,lubelskie,157.0,6,2020-04-03T00:00:00
PL,kujawsko-pomorskie,199.0,1,2020-04-03T00:00:00
PL,wielkopolskie,213.0,12,2020-04-03T00:00:00
PL,łódzkie,248.0,3,2020-04-03T00:00:00
PL,małopolskie,262.0,5,2020-04-03T00:00:00
PL,dolnośląskie,400.0,6,2020-04-03T00:00:00
PL,śląskie,431.0,16,2020-04-03T00:00:00
PL,mazowieckie,819.0,14,2020-04-03T00:00:00
PL,lubuskie,56.0,0,2020-04-04T00:00:00
PL,warmińsko-mazurskie,78.0,1,2020-04-04T00:00:00
PL,świętokrzyskie,81.0,1,2020-04-04T00:00:00
PL,podlaskie,82.0,0,2020-04-04T00:00:00
PL,opolskie,90.0,1,2020-04-04T00:00:00
PL,zachodniopomorskie,100.0,2,2020-04-04T00:00:00
PL,pomorskie,104.0,0,2020-04-04T00:00:00
PL,podkarpackie,136.0,4,2020-04-04T00:00:00
PL,lubelskie,165.0,6,2020-04-04T00:00:00
PL,kujawsko-pomorskie,224.0,1,2020-04-04T00:00:00
PL,wielkopolskie,233.0,13,2020-04-04T00:00:00
PL,łódzkie,259.0,3,2020-04-04T00:00:00
PL,małopolskie,308.0,5,2020-04-04T00:00:00
PL,dolnośląskie,407.0,6,2020-04-04T00:00:00
PL,śląskie,496.0,22,2020-04-04T00:00:00
PL,mazowieckie,808.0,14,2020-04-04T00:00:00
PL,lubuskie,59.0,0,2020-04-05T00:00:00
PL,warmińsko-mazurskie,80.0,1,2020-04-05T00:00:00
PL,podlaskie,91.0,1,2020-04-05T00:00:00
PL,świętokrzyskie,93.0,1,2020-04-05T00:00:00
PL,opolskie,94.0,1,2020-04-05T00:00:00
PL,zachodniopomorskie,106.0,2,2020-04-05T00:00:00
PL,pomorskie,117.0,0,2020-04-05T00:00:00
PL,podkarpackie,149.0,5,2020-04-05T00:00:00
PL,lubelskie,174.0,6,2020-04-05T00:00:00
PL,kujawsko-pomorskie,241.0,1,2020-04-05T00:00:00
PL,wielkopolskie,273.0,14,2020-04-05T00:00:00
PL,łódzkie,326.0,3,2020-04-05T00:00:00
PL,małopolskie,327.0,7,2020-04-05T00:00:00
PL,dolnośląskie,468.0,10,2020-04-05T00:00:00
PL,śląskie,537.0,22,2020-04-05T00:00:00
PL,mazowieckie,967.0,20,2020-04-05T00:00:00
PL,lubuskie,62.0,0,2020-04-06T00:00:00
PL,warmińsko-mazurskie,83.0,1,2020-04-06T00:00:00
PL,opolskie,101.0,2,2020-04-06T00:00:00
PL,świętokrzyskie,103.0,1,2020-04-06T00:00:00
PL,podlaskie,109.0,1,2020-04-06T00:00:00
PL,zachodniopomorskie,117.0,2,2020-04-06T00:00:00
PL,pomorskie,125.0,0,2020-04-06T00:00:00
PL,podkarpackie,156.0,6,2020-04-06T00:00:00
PL,lubelskie,181.0,7,2020-04-06T00:00:00
PL,kujawsko-pomorskie,245.0,1,2020-04-06T00:00:00
PL,wielkopolskie,327.0,15,2020-04-06T00:00:00
PL,łódzkie,340.0,3,2020-04-06T00:00:00
PL,małopolskie,349.0,7,2020-04-06T00:00:00
PL,dolnośląskie,488.0,13,2020-04-06T00:00:00
PL,śląskie,562.0,25,2020-04-06T00:00:00
PL,mazowieckie,1065.0,23,2020-04-06T00:00:00
PL,lubuskie,62.0,0,2020-04-07T00:00:00
PL,warmińsko-mazurskie,87.0,1,2020-04-07T00:00:00
PL,opolskie,107.0,3,2020-04-07T00:00:00
PL,świętokrzyskie,120.0,1,2020-04-07T00:00:00
PL,podlaskie,127.0,1,2020-04-07T00:00:00
PL,zachodniopomorskie,133.0,2,2020-04-07T00:00:00
PL,pomorskie,135.0,0,2020-04-07T00:00:00
PL,podkarpackie,168.0,7,2020-04-07T00:00:00
PL,lubelskie,192.0,7,2020-04-07T00:00:00
PL,kujawsko-pomorskie,264.0,1,2020-04-07T00:00:00
PL,wielkopolskie,349.0,22,2020-04-07T00:00:00
PL,łódzkie,358.0,5,2020-04-07T00:00:00
PL,małopolskie,371.0,8,2020-04-07T00:00:00
PL,dolnośląskie,527.0,14,2020-04-07T00:00:00
PL,śląskie,601.0,32,2020-04-07T00:00:00
PL,mazowieckie,1247.0,25,2020-04-07T00:00:00
PL,lubuskie,66.0,0,2020-04-08T00:00:00
PL,warmińsko-mazurskie,92.0,1,2020-04-08T00:00:00
PL,opolskie,116.0,5,2020-04-08T00:00:00
PL,świętokrzyskie,127.0,2,2020-04-08T00:00:00
PL,pomorskie,143.0,1,2020-04-08T00:00:00
PL,podlaskie,149.0,2,2020-04-08T00:00:00
PL,zachodniopomorskie,165.0,2,2020-04-08T00:00:00
PL,podkarpackie,182.0,7,2020-04-08T00:00:00
PL,lubelskie,199.0,9,2020-04-08T00:00:00
PL,kujawsko-pomorskie,277.0,5,2020-04-08T00:00:00
PL,wielkopolskie,394.0,23,2020-04-08T00:00:00
PL,małopolskie,398.0,9,2020-04-08T00:00:00
PL,łódzkie,400.0,5,2020-04-08T00:00:00
PL,dolnośląskie,539.0,15,2020-04-08T00:00:00
PL,śląskie,644.0,36,2020-04-08T00:00:00
PL,mazowieckie,1314.0,37,2020-04-08T00:00:00
PL,lubuskie,69.0,0,2020-04-09T00:00:00
PL,warmińsko-mazurskie,95.0,1,2020-04-09T00:00:00
PL,opolskie,125.0,6,2020-04-09T00:00:00
PL,świętokrzyskie,129.0,2,2020-04-09T00:00:00
PL,pomorskie,153.0,1,2020-04-09T00:00:00
PL,podlaskie,168.0,2,2020-04-09T00:00:00
PL,zachodniopomorskie,174.0,2,2020-04-09T00:00:00
PL,podkarpackie,196.0,10,2020-04-09T00:00:00
PL,lubelskie,204.0,8,2020-04-09T00:00:00
PL,kujawsko-pomorskie,280.0,6,2020-04-09T00:00:00
PL,wielkopolskie,431.0,24,2020-04-09T00:00:00
PL,łódzkie,432.0,7,2020-04-09T00:00:00
PL,małopolskie,432.0,8,2020-04-09T00:00:00
PL,dolnośląskie,568.0,18,2020-04-09T00:00:00
PL,śląskie,695.0,38,2020-04-09T00:00:00
PL,mazowieckie,1424.0,41,2020-04-09T00:00:00
PL,lubuskie,74.0,0,2020-04-10T00:00:00
PL,warmińsko-mazurskie,110.0,1,2020-04-10T00:00:00
PL,opolskie,130.0,6,2020-04-10T00:00:00
PL,świętokrzyskie,130.0,2,2020-04-10T00:00:00
PL,pomorskie,157.0,1,2020-04-10T00:00:00
PL,zachodniopomorskie,184.0,2,2020-04-10T00:00:00
PL,podlaskie,189.0,2,2020-04-10T00:00:00
PL,podkarpackie,211.0,10,2020-04-10T00:00:00
PL,lubelskie,221.0,9,2020-04-10T00:00:00
PL,kujawsko-pomorskie,290.0,7,2020-04-10T00:00:00
PL,małopolskie,452.0,9,2020-04-10T00:00:00
PL,łódzkie,463.0,7,2020-04-10T00:00:00
PL,wielkopolskie,477.0,26,2020-04-10T00:00:00
PL,dolnośląskie,637.0,20,2020-04-10T00:00:00
PL,śląskie,729.0,38,2020-04-10T00:00:00
PL,mazowieckie,1501.0,41,2020-04-10T00:00:00
PL,lubuskie,76.0,0,2020-04-11T00:00:00
PL,warmińsko-mazurskie,111.0,1,2020-04-11T00:00:00
PL,świętokrzyskie,136.0,2,2020-04-11T00:00:00
PL,opolskie,143.0,6,2020-04-11T00:00:00
PL,pomorskie,163.0,1,2020-04-11T00:00:00
PL,zachodniopomorskie,191.0,2,2020-04-11T00:00:00
PL,podlaskie,195.0,2,2020-04-11T00:00:00
PL,podkarpackie,220.0,11,2020-04-11T00:00:00
PL,lubelskie,225.0,10,2020-04-11T00:00:00
PL,kujawsko-pomorskie,313.0,7,2020-04-11T00:00:00
PL,małopolskie,486.0,10,2020-04-11T00:00:00
PL,łódzkie,492.0,7,2020-04-11T00:00:00
PL,wielkopolskie,535.0,31,2020-04-11T00:00:00
PL,dolnośląskie,660.0,22,2020-04-11T00:00:00
PL,śląskie,781.0,43,2020-04-11T00:00:00
PL,mazowieckie,1629.0,53,2020-04-11T00:00:00
PL,lubuskie,78.0,0,2020-04-12T00:00:00
PL,warmińsko-mazurskie,122.0,1,2020-04-12T00:00:00
PL,świętokrzyskie,141.0,2,2020-04-12T00:00:00
PL,opolskie,151.0,7,2020-04-12T00:00:00
PL,pomorskie,171.0,1,2020-04-12T00:00:00
PL,zachodniopomorskie,193.0,2,2020-04-12T00:00:00
PL,podkarpackie,221.0,11,2020-04-12T00:00:00
PL,podlaskie,222.0,2,2020-04-12T00:00:00
PL,lubelskie,234.0,10,2020-04-12T00:00:00
PL,kujawsko-pomorskie,336.0,7,2020-04-12T00:00:00
PL,małopolskie,505.0,11,2020-04-12T00:00:00
PL,łódzkie,529.0,7,2020-04-12T00:00:00
PL,wielkopolskie,564.0,35,2020-04-12T00:00:00
PL,dolnośląskie,697.0,23,2020-04-12T00:00:00
PL,śląskie,846.0,44,2020-04-12T00:00:00
PL,mazowieckie,1664.0,69,2020-04-12T00:00:00
PL,lubuskie,78.0,0,2020-04-13T00:00:00
PL,warmińsko-mazurskie,122.0,1,2020-04-13T00:00:00
PL,świętokrzyskie,141.0,2,2020-04-13T00:00:00
PL,opolskie,171.0,7,2020-04-13T00:00:00
PL,pomorskie,175.0,1,2020-04-13T00:00:00
PL,zachodniopomorskie,203.0,2,2020-04-13T00:00:00
PL,podkarpackie,225.0,13,2020-04-13T00:00:00
PL,podlaskie,238.0,2,2020-04-13T00:00:00
PL,lubelskie,240.0,10,2020-04-13T00:00:00
PL,kujawsko-pomorskie,345.0,7,2020-04-13T00:00:00
PL,małopolskie,519.0,12,2020-04-13T00:00:00
PL,łódzkie,551.0,7,2020-04-13T00:00:00
PL,wielkopolskie,650.0,40,2020-04-13T00:00:00
PL,dolnośląskie,709.0,24,2020-04-13T00:00:00
PL,śląskie,879.0,47,2020-04-13T00:00:00
PL,mazowieckie,1688.0,70,2020-04-13T00:00:00
PL,lubuskie,79.0,0,2020-04-14T00:00:00
PL,warmińsko-mazurskie,122.0,1,2020-04-14T00:00:00
PL,świętokrzyskie,154.0,2,2020-04-14T00:00:00
PL,pomorskie,175.0,1,2020-04-14T00:00:00
PL,opolskie,206.0,7,2020-04-14T00:00:00
PL,zachodniopomorskie,211.0,2,2020-04-14T00:00:00
PL,podkarpackie,234.0,13,2020-04-14T00:00:00
PL,lubelskie,245.0,10,2020-04-14T00:00:00
PL,podlaskie,256.0,2,2020-04-14T00:00:00
PL,kujawsko-pomorskie,352.0,9,2020-04-14T00:00:00
PL,małopolskie,537.0,13,2020-04-14T00:00:00
PL,łódzkie,567.0,8,2020-04-14T00:00:00
PL,wielkopolskie,683.0,43,2020-04-14T00:00:00
PL,dolnośląskie,723.0,25,2020-04-14T00:00:00
PL,śląskie,943.0,52,2020-04-14T00:00:00
PL,mazowieckie,1715.0,75,2020-04-14T00:00:00
PL,lubuskie,79.0,0,2020-04-15T00:00:00
PL,warmińsko-mazurskie,125.0,1,2020-04-15T00:00:00
PL,świętokrzyskie,170.0,2,2020-04-15T00:00:00
PL,pomorskie,179.0,1,2020-04-15T00:00:00
PL,zachodniopomorskie,217.0,2,2020-04-15T00:00:00
PL,opolskie,219.0,9,2020-04-15T00:00:00
PL,podkarpackie,243.0,14,2020-04-15T00:00:00
PL,podlaskie,259.0,2,2020-04-15T00:00:00
PL,lubelskie,270.0,10,2020-04-15T00:00:00
PL,kujawsko-pomorskie,359.0,12,2020-04-15T00:00:00
PL,małopolskie,561.0,15,2020-04-15T00:00:00
PL,łódzkie,572.0,9,2020-04-15T00:00:00
PL,dolnośląskie,764.0,25,2020-04-15T00:00:00
PL,wielkopolskie,785.0,43,2020-04-15T00:00:00
PL,śląskie,988.0,58,2020-04-15T00:00:00
PL,mazowieckie,1792.0,83,2020-04-15T00:00:00
PL,lubuskie,81.0,0,2020-04-16T00:00:00
PL,warmińsko-mazurskie,129.0,1,2020-04-16T00:00:00
PL,świętokrzyskie,175.0,3,2020-04-16T00:00:00
PL,pomorskie,181.0,2,2020-04-16T00:00:00
PL,zachodniopomorskie,223.0,2,2020-04-16T00:00:00
PL,opolskie,230.0,10,2020-04-16T00:00:00
PL,podkarpackie,246.0,15,2020-04-16T00:00:00
PL,podlaskie,278.0,3,2020-04-16T00:00:00
PL,lubelskie,279.0,10,2020-04-16T00:00:00
PL,kujawsko-pomorskie,367.0,13,2020-04-16T00:00:00
PL,małopolskie,575.0,15,2020-04-16T00:00:00
PL,łódzkie,590.0,9,2020-04-16T00:00:00
PL,dolnośląskie,819.0,28,2020-04-16T00:00:00
PL,wielkopolskie,829.0,45,2020-04-16T00:00:00
PL,śląskie,1070.0,63,2020-04-16T00:00:00
PL,mazowieckie,1846.0,95,2020-04-16T00:00:00
PL,lubuskie,81.0,0,2020-04-17T00:00:00
PL,warmińsko-mazurskie,139.0,1,2020-04-17T00:00:00
PL,pomorskie,185.0,2,2020-04-17T00:00:00
PL,świętokrzyskie,193.0,4,2020-04-17T00:00:00
PL,zachodniopomorskie,230.0,2,2020-04-17T00:00:00
PL,podkarpackie,251.0,15,2020-04-17T00:00:00
PL,opolskie,254.0,13,2020-04-17T00:00:00
PL,lubelskie,290.0,10,2020-04-17T00:00:00
PL,podlaskie,291.0,3,2020-04-17T00:00:00
PL,kujawsko-pomorskie,387.0,13,2020-04-17T00:00:00
PL,małopolskie,596.0,16,2020-04-17T00:00:00
PL,łódzkie,607.0,8,2020-04-17T00:00:00
PL,wielkopolskie,880.0,48,2020-04-17T00:00:00
PL,dolnośląskie,893.0,30,2020-04-17T00:00:00
PL,śląskie,1219.0,67,2020-04-17T00:00:00
PL,mazowieckie,1883.0,100,2020-04-17T00:00:00
PL,lubuskie,81.0,0,2020-04-18T00:00:00
PL,warmińsko-mazurskie,139.0,1,2020-04-18T00:00:00
PL,świętokrzyskie,203.0,4,2020-04-18T00:00:00
PL,pomorskie,207.0,2,2020-04-18T00:00:00
PL,zachodniopomorskie,249.0,2,2020-04-18T00:00:00
PL,podkarpackie,259.0,15,2020-04-18T00:00:00
PL,opolskie,271.0,13,2020-04-18T00:00:00
PL,lubelskie,293.0,10,2020-04-18T00:00:00
PL,podlaskie,316.0,3,2020-04-18T00:00:00
PL,kujawsko-pomorskie,398.0,16,2020-04-18T00:00:00
PL,małopolskie,630.0,16,2020-04-18T00:00:00
PL,łódzkie,640.0,10,2020-04-18T00:00:00
PL,wielkopolskie,898.0,49,2020-04-18T00:00:00
PL,dolnośląskie,949.0,30,2020-04-18T00:00:00
PL,śląskie,1273.0,69,2020-04-18T00:00:00
PL,mazowieckie,1936.0,107,2020-04-18T00:00:00
PL,lubuskie,81.0,0,2020-04-19T00:00:00
PL,warmińsko-mazurskie,142.0,1,2020-04-19T00:00:00
PL,pomorskie,209.0,2,2020-04-19T00:00:00
PL,świętokrzyskie,210.0,4,2020-04-19T00:00:00
PL,podkarpackie,263.0,16,2020-04-19T00:00:00
PL,zachodniopomorskie,266.0,4,2020-04-19T00:00:00
PL,opolskie,276.0,14,2020-04-19T00:00:00
PL,lubelskie,308.0,10,2020-04-19T00:00:00
PL,podlaskie,321.0,3,2020-04-19T00:00:00
PL,kujawsko-pomorskie,406.0,16,2020-04-19T00:00:00
PL,małopolskie,646.0,17,2020-04-19T00:00:00
PL,łódzkie,660.0,10,2020-04-19T00:00:00
PL,wielkopolskie,1020.0,51,2020-04-19T00:00:00
PL,dolnośląskie,1044.0,30,2020-04-19T00:00:00
PL,śląskie,1443.0,74,2020-04-19T00:00:00
PL,mazowieckie,1992.0,108,2020-04-19T00:00:00
PL,lubuskie,82.0,0,2020-04-20T00:00:00
PL,warmińsko-mazurskie,143.0,1,2020-04-20T00:00:00
PL,pomorskie,215.0,2,2020-04-20T00:00:00
PL,świętokrzyskie,227.0,4,2020-04-20T00:00:00
PL,podkarpackie,266.0,16,2020-04-20T00:00:00
PL,zachodniopomorskie,277.0,4,2020-04-20T00:00:00
PL,opolskie,292.0,14,2020-04-20T00:00:00
PL,lubelskie,311.0,10,2020-04-20T00:00:00
PL,podlaskie,327.0,3,2020-04-20T00:00:00
PL,kujawsko-pomorskie,421.0,17,2020-04-20T00:00:00
PL,małopolskie,679.0,19,2020-04-20T00:00:00
PL,łódzkie,682.0,10,2020-04-20T00:00:00
PL,wielkopolskie,1050.0,57,2020-04-20T00:00:00
PL,dolnośląskie,1077.0,33,2020-04-20T00:00:00
PL,śląskie,1514.0,74,2020-04-20T00:00:00
PL,mazowieckie,2030.0,116,2020-04-20T00:00:00
PL,lubuskie,84.0,0,2020-04-21T00:00:00
PL,warmińsko-mazurskie,145.0,1,2020-04-21T00:00:00
PL,pomorskie,219.0,2,2020-04-21T00:00:00
PL,świętokrzyskie,238.0,4,2020-04-21T00:00:00
PL,podkarpackie,270.0,16,2020-04-21T00:00:00
PL,zachodniopomorskie,279.0,4,2020-04-21T00:00:00
PL,opolskie,298.0,15,2020-04-21T00:00:00
PL,lubelskie,325.0,10,2020-04-21T00:00:00
PL,podlaskie,332.0,3,2020-04-21T00:00:00
PL,kujawsko-pomorskie,438.0,17,2020-04-21T00:00:00
PL,łódzkie,695.0,10,2020-04-21T00:00:00
PL,małopolskie,707.0,20,2020-04-21T00:00:00
PL,wielkopolskie,1081.0,61,2020-04-21T00:00:00
PL,dolnośląskie,1118.0,33,2020-04-21T00:00:00
PL,śląskie,1568.0,79,2020-04-21T00:00:00
PL,mazowieckie,2059.0,126,2020-04-21T00:00:00
PL,lubuskie,85.0,0,2020-04-22T00:00:00
PL,warmińsko-mazurskie,145.0,1,2020-04-22T00:00:00
PL,pomorskie,231.0,3,2020-04-22T00:00:00
PL,świętokrzyskie,247.0,4,2020-04-22T00:00:00
PL,podkarpackie,276.0,16,2020-04-22T00:00:00
PL,zachodniopomorskie,288.0,4,2020-04-22T00:00:00
PL,opolskie,324.0,15,2020-04-22T00:00:00
PL,lubelskie,332.0,10,2020-04-22T00:00:00
PL,podlaskie,335.0,3,2020-04-22T00:00:00
PL,kujawsko-pomorskie,452.0,20,2020-04-22T00:00:00
PL,małopolskie,734.0,21,2020-04-22T00:00:00
PL,łódzkie,765.0,12,2020-04-22T00:00:00
PL,wielkopolskie,1099.0,66,2020-04-22T00:00:00
PL,dolnośląskie,1144.0,36,2020-04-22T00:00:00
PL,śląskie,1614.0,83,2020-04-22T00:00:00
PL,mazowieckie,2098.0,132,2020-04-22T00:00:00
PL,lubuskie,85.0,0,2020-04-23T00:00:00
PL,warmińsko-mazurskie,145.0,1,2020-04-23T00:00:00
PL,pomorskie,243.0,3,2020-04-23T00:00:00
PL,świętokrzyskie,248.0,6,2020-04-23T00:00:00
PL,podkarpackie,279.0,16,2020-04-23T00:00:00
PL,zachodniopomorskie,304.0,4,2020-04-23T00:00:00
PL,opolskie,330.0,17,2020-04-23T00:00:00
PL,lubelskie,336.0,10,2020-04-23T00:00:00
PL,podlaskie,341.0,3,2020-04-23T00:00:00
PL,kujawsko-pomorskie,460.0,20,2020-04-23T00:00:00
PL,małopolskie,766.0,23,2020-04-23T00:00:00
PL,łódzkie,781.0,19,2020-04-23T00:00:00
PL,wielkopolskie,1166.0,68,2020-04-23T00:00:00
PL,dolnośląskie,1212.0,36,2020-04-23T00:00:00
PL,śląskie,1649.0,86,2020-04-23T00:00:00
PL,mazowieckie,2166.0,142,2020-04-23T00:00:00
PL,https://prezentacja.redakcja.www.gov.pl/redakcja/internal-files,,0,2020-04-23T00:00:00
PL,,,0,2020-04-23T00:00:00
PL,lubuskie,85.0,0,2020-04-24T00:00:00
PL,warmińsko-mazurskie,146.0,1,2020-04-24T00:00:00
PL,świętokrzyskie,254.0,6,2020-04-24T00:00:00
PL,pomorskie,257.0,3,2020-04-24T00:00:00
PL,podkarpackie,288.0,16,2020-04-24T00:00:00
PL,zachodniopomorskie,336.0,6,2020-04-24T00:00:00
PL,lubelskie,342.0,10,2020-04-24T00:00:00
PL,podlaskie,344.0,4,2020-04-24T00:00:00
PL,opolskie,345.0,21,2020-04-24T00:00:00
PL,kujawsko-pomorskie,471.0,24,2020-04-24T00:00:00
PL,małopolskie,788.0,25,2020-04-24T00:00:00
PL,łódzkie,813.0,20,2020-04-24T00:00:00
PL,dolnośląskie,1235.0,37,2020-04-24T00:00:00
PL,wielkopolskie,1236.0,72,2020-04-24T00:00:00
PL,śląskie,1746.0,89,2020-04-24T00:00:00
PL,mazowieckie,2206.0,160,2020-04-24T00:00:00
PL,lubuskie,85.0,0,2020-04-25T00:00:00
PL,warmińsko-mazurskie,146.0,1,2020-04-25T00:00:00
PL,świętokrzyskie,255.0,7,2020-04-25T00:00:00
PL,pomorskie,296.0,3,2020-04-25T00:00:00
PL,podkarpackie,311.0,16,2020-04-25T00:00:00
PL,zachodniopomorskie,343.0,7,2020-04-25T00:00:00
PL,lubelskie,346.0,10,2020-04-25T00:00:00
PL,opolskie,352.0,23,2020-04-25T00:00:00
PL,podlaskie,358.0,3,2020-04-25T00:00:00
PL,kujawsko-pomorskie,474.0,26,2020-04-25T00:00:00
PL,małopolskie,812.0,27,2020-04-25T00:00:00
PL,łódzkie,836.0,21,2020-04-25T00:00:00
PL,wielkopolskie,1266.0,75,2020-04-25T00:00:00
PL,dolnośląskie,1278.0,40,2020-04-25T00:00:00
PL,śląskie,1813.0,93,2020-04-25T00:00:00
PL,mazowieckie,2302.0,172,2020-04-25T00:00:00
PL,lubuskie,87.0,0,2020-04-26T00:00:00
PL,warmińsko-mazurskie,146.0,1,2020-04-26T00:00:00
PL,świętokrzyskie,258.0,7,2020-04-26T00:00:00
PL,podkarpackie,313.0,16,2020-04-26T00:00:00
PL,pomorskie,346.0,3,2020-04-26T00:00:00
PL,lubelskie,351.0,12,2020-04-26T00:00:00
PL,zachodniopomorskie,355.0,9,2020-04-26T00:00:00
PL,podlaskie,361.0,3,2020-04-26T00:00:00
PL,opolskie,363.0,24,2020-04-26T00:00:00
PL,kujawsko-pomorskie,478.0,26,2020-04-26T00:00:00
PL,małopolskie,821.0,27,2020-04-26T00:00:00
PL,łódzkie,855.0,21,2020-04-26T00:00:00
PL,wielkopolskie,1307.0,77,2020-04-26T00:00:00
PL,dolnośląskie,1341.0,41,2020-04-26T00:00:00
PL,śląskie,1887.0,94,2020-04-26T00:00:00
PL,mazowieckie,2348.0,174,2020-04-26T00:00:00
PL,lubuskie,87.0,0,2020-04-27T00:00:00
PL,warmińsko-mazurskie,146.0,1,2020-04-27T00:00:00
PL,świętokrzyskie,261.0,7,2020-04-27T00:00:00
PL,podkarpackie,316.0,18,2020-04-27T00:00:00
PL,lubelskie,353.0,13,2020-04-27T00:00:00
PL,pomorskie,357.0,5,2020-04-27T00:00:00
PL,podlaskie,365.0,3,2020-04-27T00:00:00
PL,zachodniopomorskie,370.0,9,2020-04-27T00:00:00
PL,opolskie,373.0,26,2020-04-27T00:00:00
PL,kujawsko-pomorskie,483.0,26,2020-04-27T00:00:00
PL,małopolskie,841.0,29,2020-04-27T00:00:00
PL,łódzkie,890.0,21,2020-04-27T00:00:00
PL,wielkopolskie,1343.0,80,2020-04-27T00:00:00
PL,dolnośląskie,1412.0,41,2020-04-27T00:00:00
PL,śląskie,1929.0,99,2020-04-27T00:00:00
PL,mazowieckie,2376.0,184,2020-04-27T00:00:00
PL,lubuskie,87.0,0,2020-04-28T00:00:00
PL,warmińsko-mazurskie,146.0,1,2020-04-28T00:00:00
PL,świętokrzyskie,264.0,8,2020-04-28T00:00:00
PL,podkarpackie,325.0,19,2020-04-28T00:00:00
PL,lubelskie,356.0,13,2020-04-28T00:00:00
PL,podlaskie,367.0,3,2020-04-28T00:00:00
PL,zachodniopomorskie,376.0,9,2020-04-28T00:00:00
PL,opolskie,378.0,27,2020-04-28T00:00:00
PL,pomorskie,394.0,8,2020-04-28T00:00:00
PL,kujawsko-pomorskie,518.0,27,2020-04-28T00:00:00
PL,małopolskie,852.0,29,2020-04-28T00:00:00
PL,łódzkie,904.0,23,2020-04-28T00:00:00
PL,wielkopolskie,1376.0,85,2020-04-28T00:00:00
PL,dolnośląskie,1461.0,44,2020-04-28T00:00:00
PL,śląskie,2023.0,105,2020-04-28T00:00:00
PL,mazowieckie,2391.0,195,2020-04-28T00:00:00
PL,lubuskie,87.0,0,2020-04-29T00:00:00
PL,warmińsko-mazurskie,146.0,1,2020-04-29T00:00:00
PL,świętokrzyskie,266.0,8,2020-04-29T00:00:00
PL,podkarpackie,328.0,23,2020-04-29T00:00:00
PL,lubelskie,359.0,13,2020-04-29T00:00:00
PL,podlaskie,367.0,3,2020-04-29T00:00:00
PL,zachodniopomorskie,380.0,10,2020-04-29T00:00:00
PL,opolskie,390.0,28,2020-04-29T00:00:00
PL,pomorskie,424.0,10,2020-04-29T00:00:00
PL,kujawsko-pomorskie,537.0,28,2020-04-29T00:00:00
PL,małopolskie,876.0,30,2020-04-29T00:00:00
PL,łódzkie,936.0,27,2020-04-29T00:00:00
PL,wielkopolskie,1415.0,85,2020-04-29T00:00:00
PL,dolnośląskie,1520.0,47,2020-04-29T00:00:00
PL,śląskie,2182.0,113,2020-04-29T00:00:00
PL,mazowieckie,2427.0,198,2020-04-29T00:00:00
PL,lubuskie,87.0,0,2020-04-30T00:00:00
PL,warmińsko-mazurskie,148.0,1,2020-04-30T00:00:00
PL,świętokrzyskie,270.0,8,2020-04-30T00:00:00
PL,podkarpackie,329.0,23,2020-04-30T00:00:00
PL,lubelskie,360.0,13,2020-04-30T00:00:00
PL,podlaskie,375.0,3,2020-04-30T00:00:00
PL,opolskie,394.0,28,2020-04-30T00:00:00
PL,zachodniopomorskie,396.0,10,2020-04-30T00:00:00
PL,pomorskie,428.0,11,2020-04-30T00:00:00
PL,kujawsko-pomorskie,544.0,28,2020-04-30T00:00:00
PL,małopolskie,897.0,30,2020-04-30T00:00:00
PL,łódzkie,954.0,31,2020-04-30T00:00:00
PL,wielkopolskie,1441.0,86,2020-04-30T00:00:00
PL,dolnośląskie,1563.0,48,2020-04-30T00:00:00
PL,śląskie,2239.0,118,2020-04-30T00:00:00
PL,mazowieckie,2452.0,206,2020-04-30T00:00:00
PL,lubuskie,87.0,0,2020-05-01T00:00:00
PL,warmińsko-mazurskie,148.0,1,2020-05-01T00:00:00
PL,świętokrzyskie,270.0,8,2020-05-01T00:00:00
PL,podkarpackie,337.0,23,2020-05-01T00:00:00
PL,lubelskie,365.0,13,2020-05-01T00:00:00
PL,podlaskie,375.0,4,2020-05-01T00:00:00
PL,opolskie,398.0,28,2020-05-01T00:00:00
PL,zachodniopomorskie,401.0,10,2020-05-01T00:00:00
PL,pomorskie,434.0,12,2020-05-01T00:00:00
PL,kujawsko-pomorskie,550.0,28,2020-05-01T00:00:00
PL,małopolskie,913.0,30,2020-05-01T00:00:00
PL,łódzkie,972.0,34,2020-05-01T00:00:00
PL,wielkopolskie,1443.0,86,2020-05-01T00:00:00
PL,dolnośląskie,1580.0,48,2020-05-01T00:00:00
PL,śląskie,2380.0,120,2020-05-01T00:00:00
PL,mazowieckie,2452.0,206,2020-05-01T00:00:00
PL,lubuskie,87.0,0,2020-05-02T00:00:00
PL,warmińsko-mazurskie,148.0,1,2020-05-02T00:00:00
PL,świętokrzyskie,271.0,8,2020-05-02T00:00:00
PL,podkarpackie,341.0,23,2020-05-02T00:00:00
PL,lubelskie,367.0,13,2020-05-02T00:00:00
PL,podlaskie,377.0,5,2020-05-02T00:00:00
PL,zachodniopomorskie,406.0,10,2020-05-02T00:00:00
PL,opolskie,407.0,28,2020-05-02T00:00:00
PL,pomorskie,440.0,14,2020-05-02T00:00:00
PL,kujawsko-pomorskie,554.0,29,2020-05-02T00:00:00
PL,małopolskie,934.0,31,2020-05-02T00:00:00
PL,łódzkie,1006.0,34,2020-05-02T00:00:00
PL,wielkopolskie,1494.0,90,2020-05-02T00:00:00
PL,dolnośląskie,1620.0,49,2020-05-02T00:00:00
PL,śląskie,2446.0,122,2020-05-02T00:00:00
PL,mazowieckie,2477.0,207,2020-05-02T00:00:00
PL,lubuskie,88.0,0,2020-05-03T00:00:00
PL,warmińsko-mazurskie,148.0,1,2020-05-03T00:00:00
PL,świętokrzyskie,278.0,8,2020-05-03T00:00:00
PL,podkarpackie,350.0,24,2020-05-03T00:00:00
PL,lubelskie,374.0,14,2020-05-03T00:00:00
PL,podlaskie,378.0,5,2020-05-03T00:00:00
PL,zachodniopomorskie,414.0,10,2020-05-03T00:00:00
PL,opolskie,422.0,28,2020-05-03T00:00:00
PL,pomorskie,444.0,15,2020-05-03T00:00:00
PL,kujawsko-pomorskie,557.0,29,2020-05-03T00:00:00
PL,małopolskie,944.0,31,2020-05-03T00:00:00
PL,łódzkie,1049.0,34,2020-05-03T00:00:00
PL,wielkopolskie,1518.0,93,2020-05-03T00:00:00
PL,dolnośląskie,1645.0,52,2020-05-03T00:00:00
PL,mazowieckie,2508.0,207,2020-05-03T00:00:00
PL,śląskie,2576.0,127,2020-05-03T00:00:00
PL,lubuskie,90.0,0,2020-05-04T00:00:00
PL,warmińsko-mazurskie,150.0,1,2020-05-04T00:00:00
PL,świętokrzyskie,282.0,8,2020-05-04T00:00:00
PL,podkarpackie,363.0,24,2020-05-04T00:00:00
PL,lubelskie,374.0,14,2020-05-04T00:00:00
PL,podlaskie,378.0,5,2020-05-04T00:00:00
PL,zachodniopomorskie,428.0,14,2020-05-04T00:00:00
PL,opolskie,435.0,29,2020-05-04T00:00:00
PL,pomorskie,444.0,18,2020-05-04T00:00:00
PL,kujawsko-pomorskie,557.0,30,2020-05-04T00:00:00
PL,małopolskie,976.0,31,2020-05-04T00:00:00
PL,łódzkie,1068.0,33,2020-05-04T00:00:00
PL,wielkopolskie,1529.0,95,2020-05-04T00:00:00
PL,dolnośląskie,1723.0,53,2020-05-04T00:00:00
PL,mazowieckie,2553.0,211,2020-05-04T00:00:00
PL,śląskie,2656.0,132,2020-05-04T00:00:00
PL,lubuskie,92.0,0,2020-05-05T00:00:00
PL,warmińsko-mazurskie,154.0,1,2020-05-05T00:00:00
PL,świętokrzyskie,300.0,9,2020-05-05T00:00:00
PL,podkarpackie,366.0,24,2020-05-05T00:00:00
PL,lubelskie,374.0,14,2020-05-05T00:00:00
PL,podlaskie,379.0,6,2020-05-05T00:00:00
PL,opolskie,440.0,30,2020-05-05T00:00:00
PL,zachodniopomorskie,441.0,14,2020-05-05T00:00:00
PL,pomorskie,451.0,19,2020-05-05T00:00:00
PL,kujawsko-pomorskie,561.0,30,2020-05-05T00:00:00
PL,małopolskie,997.0,32,2020-05-05T00:00:00
PL,łódzkie,1088.0,35,2020-05-05T00:00:00
PL,wielkopolskie,1598.0,98,2020-05-05T00:00:00
PL,dolnośląskie,1769.0,57,2020-05-05T00:00:00
PL,mazowieckie,2631.0,214,2020-05-05T00:00:00
PL,śląskie,2790.0,133,2020-05-05T00:00:00
PL,lubuskie,90.0,0,2020-05-06T00:00:00
PL,warmińsko-mazurskie,152.0,1,2020-05-06T00:00:00
PL,świętokrzyskie,300.0,10,2020-05-06T00:00:00
PL,podkarpackie,366.0,25,2020-05-06T00:00:00
PL,lubelskie,380.0,14,2020-05-06T00:00:00
PL,podlaskie,380.0,6,2020-05-06T00:00:00
PL,opolskie,450.0,31,2020-05-06T00:00:00
PL,zachodniopomorskie,452.0,15,2020-05-06T00:00:00
PL,pomorskie,460.0,21,2020-05-06T00:00:00
PL,kujawsko-pomorskie,561.0,30,2020-05-06T00:00:00
PL,małopolskie,1009.0,32,2020-05-06T00:00:00
PL,łódzkie,1115.0,36,2020-05-06T00:00:00
PL,wielkopolskie,1616.0,102,2020-05-06T00:00:00
PL,dolnośląskie,1789.0,57,2020-05-06T00:00:00
PL,mazowieckie,2673.0,215,2020-05-06T00:00:00
PL,śląskie,2947.0,138,2020-05-06T00:00:00
PL,lubuskie,92.0,0,2020-05-07T00:00:00
PL,warmińsko-mazurskie,156.0,1,2020-05-07T00:00:00
PL,świętokrzyskie,303.0,10,2020-05-07T00:00:00
PL,podkarpackie,368.0,27,2020-05-07T00:00:00
PL,lubelskie,381.0,14,2020-05-07T00:00:00
PL,podlaskie,381.0,7,2020-05-07T00:00:00
PL,opolskie,459.0,32,2020-05-07T00:00:00
PL,zachodniopomorskie,460.0,16,2020-05-07T00:00:00
PL,pomorskie,468.0,22,2020-05-07T00:00:00
PL,kujawsko-pomorskie,566.0,31,2020-05-07T00:00:00
PL,małopolskie,1019.0,33,2020-05-07T00:00:00
PL,łódzkie,1157.0,39,2020-05-07T00:00:00
PL,wielkopolskie,1640.0,105,2020-05-07T00:00:00
PL,dolnośląskie,1825.0,59,2020-05-07T00:00:00
PL,mazowieckie,2709.0,217,2020-05-07T00:00:00
PL,śląskie,3063.0,142,2020-05-07T00:00:00
PL,lubuskie,92.0,0,2020-05-08T00:00:00
PL,warmińsko-mazurskie,157.0,1,2020-05-08T00:00:00
PL,świętokrzyskie,312.0,11,2020-05-08T00:00:00
PL,podkarpackie,370.0,27,2020-05-08T00:00:00
PL,podlaskie,383.0,7,2020-05-08T00:00:00
PL,lubelskie,384.0,14,2020-05-08T00:00:00
PL,zachodniopomorskie,464.0,16,2020-05-08T00:00:00
PL,opolskie,475.0,33,2020-05-08T00:00:00
PL,pomorskie,477.0,23,2020-05-08T00:00:00
PL,kujawsko-pomorskie,571.0,32,2020-05-08T00:00:00
PL,małopolskie,1033.0,33,2020-05-08T00:00:00
PL,łódzkie,1150.0,40,2020-05-08T00:00:00
PL,wielkopolskie,1655.0,108,2020-05-08T00:00:00
PL,dolnośląskie,1870.0,66,2020-05-08T00:00:00
PL,mazowieckie,2731.0,219,2020-05-08T00:00:00
PL,śląskie,3242.0,146,2020-05-08T00:00:00
PL,lubuskie,92.0,0,2020-05-09T00:00:00
PL,warmińsko-mazurskie,160.0,1,2020-05-09T00:00:00
PL,świętokrzyskie,321.0,11,2020-05-09T00:00:00
PL,podkarpackie,370.0,27,2020-05-09T00:00:00
PL,podlaskie,383.0,7,2020-05-09T00:00:00
PL,lubelskie,386.0,14,2020-05-09T00:00:00
PL,zachodniopomorskie,469.0,16,2020-05-09T00:00:00
PL,opolskie,478.0,33,2020-05-09T00:00:00
PL,pomorskie,478.0,24,2020-05-09T00:00:00
PL,kujawsko-pomorskie,572.0,32,2020-05-09T00:00:00
PL,małopolskie,1043.0,34,2020-05-09T00:00:00
PL,łódzkie,1166.0,40,2020-05-09T00:00:00
PL,wielkopolskie,1670.0,111,2020-05-09T00:00:00
PL,dolnośląskie,1903.0,67,2020-05-09T00:00:00
PL,mazowieckie,2765.0,222,2020-05-09T00:00:00
PL,śląskie,3395.0,146,2020-05-09T00:00:00
PL,lubuskie,92.0,0,2020-05-10T00:00:00
PL,warmińsko-mazurskie,162.0,1,2020-05-10T00:00:00
PL,świętokrzyskie,325.0,12,2020-05-10T00:00:00
PL,podkarpackie,371.0,28,2020-05-10T00:00:00
PL,podlaskie,384.0,7,2020-05-10T00:00:00
PL,lubelskie,388.0,14,2020-05-10T00:00:00
PL,zachodniopomorskie,473.0,16,2020-05-10T00:00:00
PL,pomorskie,481.0,26,2020-05-10T00:00:00
PL,opolskie,490.0,34,2020-05-10T00:00:00
PL,kujawsko-pomorskie,574.0,32,2020-05-10T00:00:00
PL,małopolskie,1047.0,35,2020-05-10T00:00:00
PL,łódzkie,1178.0,40,2020-05-10T00:00:00
PL,wielkopolskie,1672.0,114,2020-05-10T00:00:00
PL,dolnośląskie,2002.0,67,2020-05-10T00:00:00
PL,mazowieckie,2791.0,224,2020-05-10T00:00:00
PL,śląskie,3566.0,150,2020-05-10T00:00:00
PL,lubuskie,92.0,0,2020-05-11T00:00:00
PL,warmińsko-mazurskie,162.0,1,2020-05-11T00:00:00
PL,świętokrzyskie,325.0,12,2020-05-11T00:00:00
PL,podkarpackie,371.0,29,2020-05-11T00:00:00
PL,podlaskie,384.0,7,2020-05-11T00:00:00
PL,lubelskie,392.0,14,2020-05-11T00:00:00
PL,zachodniopomorskie,474.0,16,2020-05-11T00:00:00
PL,pomorskie,485.0,27,2020-05-11T00:00:00
PL,opolskie,495.0,35,2020-05-11T00:00:00
PL,kujawsko-pomorskie,577.0,32,2020-05-11T00:00:00
PL,małopolskie,1071.0,35,2020-05-11T00:00:00
PL,łódzkie,1188.0,40,2020-05-11T00:00:00
PL,wielkopolskie,1699.0,118,2020-05-11T00:00:00
PL,dolnośląskie,2024.0,72,2020-05-11T00:00:00
PL,mazowieckie,2808.0,222,2020-05-11T00:00:00
PL,śląskie,3779.0,151,2020-05-11T00:00:00
PL,lubuskie,92.0,0,2020-05-12T00:00:00
PL,warmińsko-mazurskie,164.0,1,2020-05-12T00:00:00
PL,świętokrzyskie,328.0,13,2020-05-12T00:00:00
PL,podkarpackie,371.0,29,2020-05-12T00:00:00
PL,podlaskie,385.0,7,2020-05-12T00:00:00
PL,lubelskie,396.0,14,2020-05-12T00:00:00
PL,zachodniopomorskie,480.0,16,2020-05-12T00:00:00
PL,pomorskie,489.0,28,2020-05-12T00:00:00
PL,opolskie,498.0,35,2020-05-12T00:00:00
PL,kujawsko-pomorskie,577.0,34,2020-05-12T00:00:00
PL,małopolskie,1074.0,35,2020-05-12T00:00:00
PL,łódzkie,1201.0,44,2020-05-12T00:00:00
PL,wielkopolskie,1710.0,123,2020-05-12T00:00:00
PL,dolnośląskie,2056.0,78,2020-05-12T00:00:00
PL,mazowieckie,2829.0,225,2020-05-12T00:00:00
PL,śląskie,4271.0,157,2020-05-12T00:00:00
PL,lubuskie,92.0,0,2020-05-13T00:00:00
PL,warmińsko-mazurskie,168.0,1,2020-05-13T00:00:00
PL,świętokrzyskie,337.0,13,2020-05-13T00:00:00
PL,podkarpackie,371.0,29,2020-05-13T00:00:00
PL,podlaskie,385.0,7,2020-05-13T00:00:00
PL,lubelskie,398.0,14,2020-05-13T00:00:00
PL,zachodniopomorskie,486.0,16,2020-05-13T00:00:00
PL,pomorskie,491.0,28,2020-05-13T00:00:00
PL,opolskie,502.0,36,2020-05-13T00:00:00
PL,kujawsko-pomorskie,577.0,39,2020-05-13T00:00:00
PL,małopolskie,1084.0,35,2020-05-13T00:00:00
PL,łódzkie,1212.0,45,2020-05-13T00:00:00
PL,wielkopolskie,1722.0,133,2020-05-13T00:00:00
PL,dolnośląskie,2100.0,79,2020-05-13T00:00:00
PL,mazowieckie,2880.0,228,2020-05-13T00:00:00
PL,śląskie,4399.0,158,2020-05-13T00:00:00
PL,lubuskie,92.0,0,2020-05-14T00:00:00
PL,warmińsko-mazurskie,169.0,1,2020-05-14T00:00:00
PL,świętokrzyskie,337.0,14,2020-05-14T00:00:00
PL,podkarpackie,373.0,30,2020-05-14T00:00:00
PL,podlaskie,386.0,8,2020-05-14T00:00:00
PL,lubelskie,400.0,14,2020-05-14T00:00:00
PL,zachodniopomorskie,488.0,17,2020-05-14T00:00:00
PL,pomorskie,492.0,28,2020-05-14T00:00:00
PL,opolskie,510.0,38,2020-05-14T00:00:00
PL,kujawsko-pomorskie,578.0,40,2020-05-14T00:00:00
PL,małopolskie,1108.0,35,2020-05-14T00:00:00
PL,łódzkie,1219.0,45,2020-05-14T00:00:00
PL,wielkopolskie,1735.0,135,2020-05-14T00:00:00
PL,dolnośląskie,2125.0,82,2020-05-14T00:00:00
PL,mazowieckie,2902.0,230,2020-05-14T00:00:00
PL,śląskie,4701.0,166,2020-05-14T00:00:00
PL,lubuskie,92.0,0,2020-05-15T00:00:00
PL,warmińsko-mazurskie,170.0,1,2020-05-15T00:00:00
PL,świętokrzyskie,340.0,17,2020-05-15T00:00:00
PL,podkarpackie,373.0,31,2020-05-15T00:00:00
PL,podlaskie,387.0,9,2020-05-15T00:00:00
PL,lubelskie,401.0,14,2020-05-15T00:00:00
PL,zachodniopomorskie,491.0,18,2020-05-15T00:00:00
PL,pomorskie,493.0,28,2020-05-15T00:00:00
PL,opolskie,527.0,39,2020-05-15T00:00:00
PL,kujawsko-pomorskie,581.0,42,2020-05-15T00:00:00
PL,małopolskie,1117.0,35,2020-05-15T00:00:00
PL,łódzkie,1227.0,46,2020-05-15T00:00:00
PL,wielkopolskie,1752.0,136,2020-05-15T00:00:00
PL,dolnośląskie,2141.0,89,2020-05-15T00:00:00
PL,mazowieckie,2930.0,230,2020-05-15T00:00:00
PL,śląskie,4994.0,172,2020-05-15T00:00:00
PL,lubuskie,92.0,0,2020-05-16T00:00:00
PL,warmińsko-mazurskie,170.0,1,2020-05-16T00:00:00
PL,świętokrzyskie,341.0,17,2020-05-16T00:00:00
PL,podkarpackie,374.0,31,2020-05-16T00:00:00
PL,podlaskie,387.0,8,2020-05-16T00:00:00
PL,lubelskie,401.0,14,2020-05-16T00:00:00
PL,zachodniopomorskie,492.0,18,2020-05-16T00:00:00
PL,pomorskie,500.0,28,2020-05-16T00:00:00
PL,opolskie,535.0,39,2020-05-16T00:00:00
PL,kujawsko-pomorskie,582.0,42,2020-05-16T00:00:00
PL,małopolskie,1124.0,37,2020-05-16T00:00:00
PL,łódzkie,1234.0,47,2020-05-16T00:00:00
PL,wielkopolskie,1757.0,138,2020-05-16T00:00:00
PL,dolnośląskie,2160.0,89,2020-05-16T00:00:00
PL,mazowieckie,2949.0,231,2020-05-16T00:00:00
PL,śląskie,5159.0,175,2020-05-16T00:00:00
PL,lubuskie,92.0,0,2020-05-17T00:00:00
PL,warmińsko-mazurskie,170.0,1,2020-05-17T00:00:00
PL,świętokrzyskie,341.0,17,2020-05-17T00:00:00
PL,podkarpackie,374.0,31,2020-05-17T00:00:00
PL,podlaskie,388.0,9,2020-05-17T00:00:00
PL,lubelskie,402.0,14,2020-05-17T00:00:00
PL,zachodniopomorskie,494.0,18,2020-05-17T00:00:00
PL,pomorskie,502.0,28,2020-05-17T00:00:00
PL,opolskie,544.0,39,2020-05-17T00:00:00
PL,kujawsko-pomorskie,582.0,43,2020-05-17T00:00:00
PL,małopolskie,1128.0,39,2020-05-17T00:00:00
PL,łódzkie,1240.0,48,2020-05-17T00:00:00
PL,wielkopolskie,1797.0,139,2020-05-17T00:00:00
PL,dolnośląskie,2166.0,89,2020-05-17T00:00:00
PL,mazowieckie,2970.0,232,2020-05-17T00:00:00
PL,śląskie,5339.0,178,2020-05-17T00:00:00
PL,lubuskie,92.0,0,2020-05-18T00:00:00
PL,warmińsko-mazurskie,170.0,1,2020-05-18T00:00:00
PL,świętokrzyskie,352.0,18,2020-05-18T00:00:00
PL,podkarpackie,374.0,34,2020-05-18T00:00:00
PL,podlaskie,389.0,9,2020-05-18T00:00:00
PL,lubelskie,409.0,14,2020-05-18T00:00:00
PL,zachodniopomorskie,497.0,18,2020-05-18T00:00:00
PL,pomorskie,502.0,28,2020-05-18T00:00:00
PL,opolskie,551.0,39,2020-05-18T00:00:00
PL,kujawsko-pomorskie,582.0,44,2020-05-18T00:00:00
PL,małopolskie,1133.0,39,2020-05-18T00:00:00
PL,łódzkie,1251.0,48,2020-05-18T00:00:00
PL,wielkopolskie,1810.0,140,2020-05-18T00:00:00
PL,dolnośląskie,2226.0,91,2020-05-18T00:00:00
PL,mazowieckie,3003.0,234,2020-05-18T00:00:00
PL,śląskie,5544.0,179,2020-05-18T00:00:00
PL,lubuskie,92.0,0,2020-05-19T00:00:00
PL,warmińsko-mazurskie,175.0,1,2020-05-19T00:00:00
PL,świętokrzyskie,353.0,19,2020-05-19T00:00:00
PL,podkarpackie,374.0,34,2020-05-19T00:00:00
PL,podlaskie,398.0,9,2020-05-19T00:00:00
PL,lubelskie,409.0,14,2020-05-19T00:00:00
PL,zachodniopomorskie,502.0,18,2020-05-19T00:00:00
PL,pomorskie,503.0,29,2020-05-19T00:00:00
PL,opolskie,555.0,41,2020-05-19T00:00:00
PL,kujawsko-pomorskie,583.0,44,2020-05-19T00:00:00
PL,małopolskie,1148.0,39,2020-05-19T00:00:00
PL,łódzkie,1257.0,49,2020-05-19T00:00:00
PL,wielkopolskie,1815.0,140,2020-05-19T00:00:00
PL,dolnośląskie,2257.0,93,2020-05-19T00:00:00
PL,mazowieckie,3040.0,237,2020-05-19T00:00:00
PL,śląskie,5807.0,181,2020-05-19T00:00:00
PL,lubuskie,92.0,0,2020-05-20T00:00:00
PL,warmińsko-mazurskie,175.0,1,2020-05-20T00:00:00
PL,świętokrzyskie,357.0,20,2020-05-20T00:00:00
PL,podkarpackie,374.0,34,2020-05-20T00:00:00
PL,podlaskie,405.0,9,2020-05-20T00:00:00
PL,lubelskie,411.0,14,2020-05-20T00:00:00
PL,zachodniopomorskie,503.0,18,2020-05-20T00:00:00
PL,pomorskie,508.0,29,2020-05-20T00:00:00
PL,opolskie,568.0,43,2020-05-20T00:00:00
PL,kujawsko-pomorskie,584.0,44,2020-05-20T00:00:00
PL,małopolskie,1150.0,40,2020-05-20T00:00:00
PL,łódzkie,1273.0,51,2020-05-20T00:00:00
PL,wielkopolskie,1899.0,141,2020-05-20T00:00:00
PL,dolnośląskie,2276.0,94,2020-05-20T00:00:00
PL,mazowieckie,3082.0,242,2020-05-20T00:00:00
PL,śląskie,6082.0,182,2020-05-20T00:00:00
PL,lubuskie,95.0,0,2020-05-21T00:00:00
PL,warmińsko-mazurskie,174.0,1,2020-05-21T00:00:00
PL,świętokrzyskie,361.0,20,2020-05-21T00:00:00
PL,podkarpackie,375.0,34,2020-05-21T00:00:00
PL,podlaskie,405.0,9,2020-05-21T00:00:00
PL,lubelskie,417.0,15,2020-05-21T00:00:00
PL,pomorskie,513.0,29,2020-05-21T00:00:00
PL,zachodniopomorskie,515.0,18,2020-05-21T00:00:00
PL,opolskie,576.0,43,2020-05-21T00:00:00
PL,kujawsko-pomorskie,587.0,44,2020-05-21T00:00:00
PL,małopolskie,1165.0,40,2020-05-21T00:00:00
PL,łódzkie,1279.0,51,2020-05-21T00:00:00
PL,wielkopolskie,1925.0,143,2020-05-21T00:00:00
PL,dolnośląskie,2295.0,94,2020-05-21T00:00:00
PL,mazowieckie,3128.0,245,2020-05-21T00:00:00
PL,śląskie,6333.0,186,2020-05-21T00:00:00
PL,lubuskie,97.0,0,2020-05-22T00:00:00
PL,warmińsko-mazurskie,174.0,1,2020-05-22T00:00:00
PL,świętokrzyskie,366.0,20,2020-05-22T00:00:00
PL,podkarpackie,376.0,34,2020-05-22T00:00:00
PL,podlaskie,411.0,9,2020-05-22T00:00:00
PL,lubelskie,420.0,15,2020-05-22T00:00:00
PL,pomorskie,517.0,29,2020-05-22T00:00:00
PL,zachodniopomorskie,517.0,19,2020-05-22T00:00:00
PL,opolskie,586.0,44,2020-05-22T00:00:00
PL,kujawsko-pomorskie,590.0,45,2020-05-22T00:00:00
PL,małopolskie,1167.0,40,2020-05-22T00:00:00
PL,łódzkie,1316.0,51,2020-05-22T00:00:00
PL,wielkopolskie,1941.0,145,2020-05-22T00:00:00
PL,dolnośląskie,2366.0,96,2020-05-22T00:00:00
PL,mazowieckie,3157.0,247,2020-05-22T00:00:00
PL,śląskie,6618.0,187,2020-05-22T00:00:00
PL,lubuskie,99.0,0,2020-05-23T00:00:00
PL,warmińsko-mazurskie,175.0,1,2020-05-23T00:00:00
PL,świętokrzyskie,374.0,20,2020-05-23T00:00:00
PL,podkarpackie,377.0,35,2020-05-23T00:00:00
PL,podlaskie,414.0,9,2020-05-23T00:00:00
PL,lubelskie,421.0,15,2020-05-23T00:00:00
PL,zachodniopomorskie,521.0,19,2020-05-23T00:00:00
PL,pomorskie,527.0,30,2020-05-23T00:00:00
PL,opolskie,590.0,44,2020-05-23T00:00:00
PL,kujawsko-pomorskie,592.0,45,2020-05-23T00:00:00
PL,małopolskie,1171.0,40,2020-05-23T00:00:00
PL,łódzkie,1324.0,58,2020-05-23T00:00:00
PL,wielkopolskie,1953.0,145,2020-05-23T00:00:00
PL,dolnośląskie,2399.0,96,2020-05-23T00:00:00
PL,mazowieckie,3197.0,247,2020-05-23T00:00:00
PL,śląskie,6797.0,189,2020-05-23T00:00:00
PL,lubuskie,103.0,0,2020-05-24T00:00:00
PL,warmińsko-mazurskie,175.0,1,2020-05-24T00:00:00
PL,podkarpackie,378.0,35,2020-05-24T00:00:00
PL,świętokrzyskie,382.0,20,2020-05-24T00:00:00
PL,podlaskie,418.0,9,2020-05-24T00:00:00
PL,lubelskie,434.0,15,2020-05-24T00:00:00
PL,zachodniopomorskie,522.0,19,2020-05-24T00:00:00
PL,pomorskie,533.0,30,2020-05-24T00:00:00
PL,kujawsko-pomorskie,593.0,45,2020-05-24T00:00:00
PL,opolskie,593.0,45,2020-05-24T00:00:00
PL,małopolskie,1176.0,40,2020-05-24T00:00:00
PL,łódzkie,1347.0,58,2020-05-24T00:00:00
PL,wielkopolskie,2055.0,145,2020-05-24T00:00:00
PL,dolnośląskie,2418.0,96,2020-05-24T00:00:00
PL,mazowieckie,3217.0,247,2020-05-24T00:00:00
PL,śląskie,6982.0,191,2020-05-24T00:00:00
PL,lubuskie,108.0,0,2020-05-25T00:00:00
PL,warmińsko-mazurskie,175.0,1,2020-05-25T00:00:00
PL,podkarpackie,378.0,35,2020-05-25T00:00:00
PL,świętokrzyskie,392.0,20,2020-05-25T00:00:00
PL,podlaskie,423.0,9,2020-05-25T00:00:00
PL,lubelskie,446.0,15,2020-05-25T00:00:00
PL,zachodniopomorskie,521.0,19,2020-05-25T00:00:00
PL,pomorskie,540.0,30,2020-05-25T00:00:00
PL,kujawsko-pomorskie,594.0,46,2020-05-25T00:00:00
PL,opolskie,598.0,45,2020-05-25T00:00:00
PL,małopolskie,1176.0,40,2020-05-25T00:00:00
PL,łódzkie,1362.0,58,2020-05-25T00:00:00
PL,wielkopolskie,2040.0,146,2020-05-25T00:00:00
PL,dolnośląskie,2455.0,98,2020-05-25T00:00:00
PL,mazowieckie,3283.0,253,2020-05-25T00:00:00
PL,śląskie,7140.0,192,2020-05-25T00:00:00
PL,lubuskie,111.0,0,2020-05-26T00:00:00
PL,warmińsko-mazurskie,179.0,1,2020-05-26T00:00:00
PL,podkarpackie,378.0,35,2020-05-26T00:00:00
PL,świętokrzyskie,399.0,21,2020-05-26T00:00:00
PL,podlaskie,430.0,9,2020-05-26T00:00:00
PL,lubelskie,449.0,15,2020-05-26T00:00:00
PL,zachodniopomorskie,525.0,19,2020-05-26T00:00:00
PL,pomorskie,542.0,32,2020-05-26T00:00:00
PL,kujawsko-pomorskie,594.0,46,2020-05-26T00:00:00
PL,opolskie,601.0,47,2020-05-26T00:00:00
PL,małopolskie,1179.0,40,2020-05-26T00:00:00
PL,łódzkie,1384.0,61,2020-05-26T00:00:00
PL,wielkopolskie,2059.0,147,2020-05-26T00:00:00
PL,dolnośląskie,2471.0,101,2020-05-26T00:00:00
PL,mazowieckie,3359.0,256,2020-05-26T00:00:00
PL,śląskie,7414.0,194,2020-05-26T00:00:00
PL,lubuskie,111.0,0,2020-05-27T00:00:00
PL,warmińsko-mazurskie,179.0,1,2020-05-27T00:00:00
PL,podkarpackie,378.0,35,2020-05-27T00:00:00
PL,świętokrzyskie,408.0,21,2020-05-27T00:00:00
PL,podlaskie,439.0,9,2020-05-27T00:00:00
PL,lubelskie,471.0,15,2020-05-27T00:00:00
PL,zachodniopomorskie,527.0,19,2020-05-27T00:00:00
PL,pomorskie,546.0,33,2020-05-27T00:00:00
PL,kujawsko-pomorskie,595.0,46,2020-05-27T00:00:00
PL,opolskie,610.0,47,2020-05-27T00:00:00
PL,małopolskie,1181.0,40,2020-05-27T00:00:00
PL,łódzkie,1412.0,63,2020-05-27T00:00:00
PL,wielkopolskie,2118.0,147,2020-05-27T00:00:00
PL,dolnośląskie,2512.0,101,2020-05-27T00:00:00
PL,mazowieckie,3396.0,256,2020-05-27T00:00:00
PL,śląskie,7590.0,195,2020-05-27T00:00:00
PL,lubuskie,113.0,0,2020-05-28T00:00:00
PL,warmińsko-mazurskie,179.0,1,2020-05-28T00:00:00
PL,podkarpackie,380.0,35,2020-05-28T00:00:00
PL,świętokrzyskie,432.0,21,2020-05-28T00:00:00
PL,podlaskie,442.0,9,2020-05-28T00:00:00
PL,lubelskie,487.0,15,2020-05-28T00:00:00
PL,zachodniopomorskie,527.0,19,2020-05-28T00:00:00
PL,pomorskie,548.0,33,2020-05-28T00:00:00
PL,kujawsko-pomorskie,595.0,46,2020-05-28T00:00:00
PL,opolskie,622.0,47,2020-05-28T00:00:00
PL,małopolskie,1190.0,40,2020-05-28T00:00:00
PL,łódzkie,1458.0,63,2020-05-28T00:00:00
PL,wielkopolskie,2133.0,149,2020-05-28T00:00:00
PL,dolnośląskie,2530.0,102,2020-05-28T00:00:00
PL,mazowieckie,3461.0,257,2020-05-28T00:00:00
PL,śląskie,7728.0,201,2020-05-28T00:00:00
PL,lubuskie,114.0,0,2020-05-29T00:00:00
PL,warmińsko-mazurskie,179.0,1,2020-05-29T00:00:00
PL,podkarpackie,382.0,35,2020-05-29T00:00:00
PL,świętokrzyskie,439.0,22,2020-05-29T00:00:00
PL,podlaskie,445.0,9,2020-05-29T00:00:00
PL,lubelskie,486.0,15,2020-05-29T00:00:00
PL,zachodniopomorskie,531.0,19,2020-05-29T00:00:00
PL,pomorskie,552.0,34,2020-05-29T00:00:00
PL,kujawsko-pomorskie,594.0,46,2020-05-29T00:00:00
PL,opolskie,631.0,47,2020-05-29T00:00:00
PL,małopolskie,1199.0,40,2020-05-29T00:00:00
PL,łódzkie,1488.0,64,2020-05-29T00:00:00
PL,wielkopolskie,2146.0,151,2020-05-29T00:00:00
PL,dolnośląskie,2556.0,102,2020-05-29T00:00:00
PL,mazowieckie,3494.0,262,2020-05-29T00:00:00
PL,śląskie,7919.0,204,2020-05-29T00:00:00
PL,lubuskie,116.0,0,2020-05-30T00:00:00
PL,warmińsko-mazurskie,179.0,1,2020-05-30T00:00:00
PL,podkarpackie,382.0,35,2020-05-30T00:00:00
PL,podlaskie,449.0,9,2020-05-30T00:00:00
PL,świętokrzyskie,473.0,22,2020-05-30T00:00:00
PL,lubelskie,486.0,15,2020-05-30T00:00:00
PL,zachodniopomorskie,535.0,19,2020-05-30T00:00:00
PL,pomorskie,552.0,35,2020-05-30T00:00:00
PL,kujawsko-pomorskie,594.0,46,2020-05-30T00:00:00
PL,opolskie,642.0,47,2020-05-30T00:00:00
PL,małopolskie,1215.0,40,2020-05-30T00:00:00
PL,łódzkie,1523.0,66,2020-05-30T00:00:00
PL,wielkopolskie,2147.0,152,2020-05-30T00:00:00
PL,dolnośląskie,2581.0,104,2020-05-30T00:00:00
PL,mazowieckie,3546.0,264,2020-05-30T00:00:00
PL,śląskie,8151.0,206,2020-05-30T00:00:00
PL,lubuskie,116.0,0,2020-05-31T00:00:00
PL,warmińsko-mazurskie,179.0,1,2020-05-31T00:00:00
PL,podkarpackie,387.0,35,2020-05-31T00:00:00
PL,podlaskie,450.0,9,2020-05-31T00:00:00
PL,świętokrzyskie,480.0,22,2020-05-31T00:00:00
PL,lubelskie,493.0,15,2020-05-31T00:00:00
PL,zachodniopomorskie,536.0,19,2020-05-31T00:00:00
PL,pomorskie,553.0,35,2020-05-31T00:00:00
PL,kujawsko-pomorskie,594.0,46,2020-05-31T00:00:00
PL,opolskie,643.0,47,2020-05-31T00:00:00
PL,małopolskie,1225.0,40,2020-05-31T00:00:00
PL,łódzkie,1553.0,66,2020-05-31T00:00:00
PL,wielkopolskie,2150.0,153,2020-05-31T00:00:00
PL,dolnośląskie,2594.0,104,2020-05-31T00:00:00
PL,mazowieckie,3581.0,264,2020-05-31T00:00:00
PL,śląskie,8252.0,208,2020-05-31T00:00:00
PL,lubuskie,118.0,0,2020-06-01T00:00:00
PL,warmińsko-mazurskie,179.0,1,2020-06-01T00:00:00
PL,podkarpackie,387.0,35,2020-06-01T00:00:00
PL,podlaskie,458.0,9,2020-06-01T00:00:00
PL,świętokrzyskie,486.0,22,2020-06-01T00:00:00
PL,lubelskie,495.0,15,2020-06-01T00:00:00
PL,zachodniopomorskie,536.0,19,2020-06-01T00:00:00
PL,pomorskie,558.0,35,2020-06-01T00:00:00
PL,kujawsko-pomorskie,593.0,47,2020-06-01T00:00:00
PL,opolskie,652.0,47,2020-06-01T00:00:00
PL,małopolskie,1232.0,40,2020-06-01T00:00:00
PL,łódzkie,1610.0,66,2020-06-01T00:00:00
PL,wielkopolskie,2155.0,153,2020-06-01T00:00:00
PL,dolnośląskie,2630.0,105,2020-06-01T00:00:00
PL,mazowieckie,3628.0,269,2020-06-01T00:00:00
PL,śląskie,8448.0,211,2020-06-01T00:00:00
PL,lubuskie,120.0,0,2020-06-02T00:00:00
PL,warmińsko-mazurskie,179.0,1,2020-06-02T00:00:00
PL,podkarpackie,387.0,35,2020-06-02T00:00:00
PL,podlaskie,463.0,9,2020-06-02T00:00:00
PL,świętokrzyskie,493.0,22,2020-06-02T00:00:00
PL,lubelskie,495.0,15,2020-06-02T00:00:00
PL,zachodniopomorskie,541.0,19,2020-06-02T00:00:00
PL,pomorskie,559.0,35,2020-06-02T00:00:00
PL,kujawsko-pomorskie,594.0,47,2020-06-02T00:00:00
PL,opolskie,666.0,48,2020-06-02T00:00:00
PL,małopolskie,1241.0,40,2020-06-02T00:00:00
PL,łódzkie,1613.0,71,2020-06-02T00:00:00
PL,wielkopolskie,2188.0,153,2020-06-02T00:00:00
PL,dolnośląskie,2639.0,105,2020-06-02T00:00:00
PL,mazowieckie,3660.0,275,2020-06-02T00:00:00
PL,śląskie,8557.0,217,2020-06-02T00:00:00
PL,lubuskie,122.0,0,2020-06-03T00:00:00
PL,warmińsko-mazurskie,179.0,1,2020-06-03T00:00:00
PL,podkarpackie,388.0,36,2020-06-03T00:00:00
PL,podlaskie,473.0,9,2020-06-03T00:00:00
PL,świętokrzyskie,502.0,22,2020-06-03T00:00:00
PL,lubelskie,503.0,15,2020-06-03T00:00:00
PL,zachodniopomorskie,548.0,19,2020-06-03T00:00:00
PL,pomorskie,559.0,35,2020-06-03T00:00:00
PL,kujawsko-pomorskie,595.0,47,2020-06-03T00:00:00
PL,opolskie,685.0,49,2020-06-03T00:00:00
PL,małopolskie,1257.0,40,2020-06-03T00:00:00
PL,łódzkie,1667.0,73,2020-06-03T00:00:00
PL,wielkopolskie,2206.0,154,2020-06-03T00:00:00
PL,dolnośląskie,2649.0,112,2020-06-03T00:00:00
PL,mazowieckie,3688.0,279,2020-06-03T00:00:00
PL,śląskie,8666.0,224,2020-06-03T00:00:00
PL,lubuskie,122.0,0,2020-06-04T00:00:00
PL,warmińsko-mazurskie,179.0,1,2020-06-04T00:00:00
PL,podkarpackie,388.0,36,2020-06-04T00:00:00
PL,podlaskie,485.0,9,2020-06-04T00:00:00
PL,lubelskie,504.0,15,2020-06-04T00:00:00
PL,świętokrzyskie,511.0,22,2020-06-04T00:00:00
PL,zachodniopomorskie,550.0,19,2020-06-04T00:00:00
PL,pomorskie,560.0,35,2020-06-04T00:00:00
PL,kujawsko-pomorskie,599.0,47,2020-06-04T00:00:00
PL,opolskie,693.0,49,2020-06-04T00:00:00
PL,małopolskie,1278.0,40,2020-06-04T00:00:00
PL,łódzkie,1779.0,74,2020-06-04T00:00:00
PL,wielkopolskie,2216.0,154,2020-06-04T00:00:00
PL,dolnośląskie,2660.0,112,2020-06-04T00:00:00
PL,mazowieckie,3738.0,279,2020-06-04T00:00:00
PL,śląskie,8786.0,225,2020-06-04T00:00:00
