Province,Cases,Deaths,Recoveries,Active Cases,Date
#adm1+name,#affected+infected+cases,#affected+infected+deaths,#affected+infected+recoveries,#affected+infected+active,#date
Badakhshan Province ,190,5,43,142,2020-06-23
Badghis Province ,364,4,141,219,2020-06-23
Baghlan Province ,539,17,170,352,2020-06-23
Balkh Province ,"1,596",52,492,"1,052",2020-06-23
Bamyan Province,366,7,70,289,2020-06-23
Daykundi Province,105,1,21,83,2020-06-23
Farah Province,242,2,22,218,2020-06-23
Faryab Province,193,13,110,70,2020-06-23
Ghazni Province ,408,27,138,243,2020-06-23
Ghor Province,116,1,70,45,2020-06-23
Helmand Province ,160,17,94,49,2020-06-23
Herat Province,"4,572",113,"1,589","2,870",2020-06-23
Jowzjan Province,196,6,83,107,2020-06-23
Kabul Province ,"12,185",147,"3,883","8,155",2020-06-23
Kandahar Province ,"1,231",20,195,"1,016",2020-06-23
Kapisa Province,144,2,22,120,2020-06-23
Khost Province,340,17,45,278,2020-06-23
Kunar Province ,364,15,120,229,2020-06-23
Kunduz Province ,404,7,65,332,2020-06-23
Laghman Province ,324,4,101,219,2020-06-23
Logar Province ,445,15,113,317,2020-06-23
Nangarhar Province ,"1,307",45,284,978,2020-06-23
Nimruz Province ,326,6,162,158,2020-06-23
Nuristan Province,66,0,12,54,2020-06-23
Paktia Province ,942,16,150,776,2020-06-23
Paktika Province ,168,2,130,36,2020-06-23
Panjshir Province ,245,10,104,131,2020-06-23
Parwan Province ,329,10,86,233,2020-06-23
Samangan Province ,304,9,222,73,2020-06-23
Sar-e Pol Province,130,2,70,58,2020-06-23
Takhar Province ,752,14,168,570,2020-06-23
Urozgan Province ,38,5,9,24,2020-06-23
Wardak Province,267,10,182,75,2020-06-23
Zabul Province ,109,4,56,49,2020-06-23
Badakhshan Province,139,0,3,,2020-06-16
Badghis Province,331,3,50,,2020-06-16
Baghlan Province,450,16,134,,2020-06-16
Balkh Province,"1,493",46,279,,2020-06-16
Bamyan Province,212,4,64,,2020-06-16
Daykundi Province,62,1,21,,2020-06-16
Farah Province,218,2,22,,2020-06-16
Faryab Province,189,10,21,,2020-06-16
Ghazni Province,356,20,62,,2020-06-16
Ghor Province,108,1,45,,2020-06-16
Helmand Province,138,12,80,,2020-06-16
Herat Province,"4,304",89,719,,2020-06-16
Jowzjan Province,196,6,20,,2020-06-16
Kabul Province,"10,732",106,"2,238",,2020-06-16
Kandahar Province,"1,092",18,165,,2020-06-16
Kapisa Province,124,0,57,,2020-06-16
Khost Province,272,8,18,,2020-06-16
Kunar Province,332,15,87,,2020-06-16
Kunduz Province,309,7,65,,2020-06-16
Laghman Province,314,4,101,,2020-06-16
Logar Province,414,9,65,,2020-06-16
Nangarhar Province,"1,275",38,59,,2020-06-16
Nimruz Province,305,6,98,,2020-06-16
Nuristan Province,47,0,4,,2020-06-16
Paktia Province,849,14,144,,2020-06-16
Paktika Province,137,2,22,,2020-06-16
Panjshir Province,225,10,104,,2020-06-16
Parwan Province,311,10,85,,2020-06-16
Samangan Province,298,7,132,,2020-06-16
Sar-e Pol Province,130,2,12,,2020-06-16
Takhar Province,596,10,140,,2020-06-16
Urozgan Province,32,5,9,,2020-06-16
Wardak Province,236,7,123,,2020-06-16
Zabul Province,84,2,44,,2020-06-16
Badakhshan Province,67,0,3,,2020-06-14
Badghis Province,331,3,50,,2020-06-14
Baghlan Province,402,16,116,,2020-06-14
Balkh Province,"1,493",46,279,,2020-06-14
Bamyan Province,139,4,64,,2020-06-14
Daykundi Province,52,1,21,,2020-06-14
Farah Province,218,2,22,,2020-06-14
Faryab Province,189,10,21,,2020-06-14
Ghazni Province,356,20,62,,2020-06-14
Ghor Province,108,1,45,,2020-06-14
Helmand Province,132,10,73,,2020-06-14
Herat Province,"4,304",89,719,,2020-06-14
Jowzjan Province,196,6,20,,2020-06-14
Kabul Province,"10,035",101,"1,738",,2020-06-14
Kandahar Province,"1,054",18,165,,2020-06-14
Kapisa Province,124,0,57,,2020-06-14
Khost Province,272,8,18,,2020-06-14
Kunar Province,328,14,63,,2020-06-14
Kunduz Province,192,6,56,,2020-06-14
Laghman Province,301,4,101,,2020-06-14
Logar Province,277,9,65,,2020-06-14
Nangarhar Province,"1,253",38,59,,2020-06-14
Nimruz Province,303,6,98,,2020-06-14
Nuristan Province,43,0,4,,2020-06-14
Paktia Province,806,12,130,,2020-06-14
Paktika Province,137,2,22,,2020-06-14
Panjshir Province,204,10,99,,2020-06-14
Parwan Province,268,10,85,,2020-06-14
Samangan Province,298,7,132,,2020-06-14
Sar-e Pol Province,130,2,12,,2020-06-14
Takhar Province,454,10,124,,2020-06-14
Urozgan Province,20,0,1,,2020-06-14
Wardak Province,206,4,89,,2020-06-14
Zabul Province,74,2,38,,2020-06-14
Badakhshan Province,67,0,3,,2020-06-13
Badghis Province,329,3,50,,2020-06-13
Baghlan Province,370,16,106,,2020-06-13
Balkh Province,"1,493",46,279,,2020-06-13
Bamyan Province,137,4,64,,2020-06-13
Daykundi Province,40,1,17,,2020-06-13
Farah Province,218,2,22,,2020-06-13
Faryab Province,189,10,21,,2020-06-13
Ghazni Province,356,20,62,,2020-06-13
Ghor Province,108,1,45,,2020-06-13
Helmand Province,125,10,65,,2020-06-13
Herat Province,"4,304",89,719,,2020-06-13
Jowzjan Province,196,6,20,,2020-06-13
Kabul Province,"9,719",95,"1,332",,2020-06-13
Kandahar Province,"1,020",18,165,,2020-06-13
Kapisa Province,94,0,57,,2020-06-13
Khost Province,272,8,18,,2020-06-13
Kunar Province,320,14,57,,2020-06-13
Kunduz Province,178,6,56,,2020-06-13
Laghman Province,280,4,101,,2020-06-13
Logar Province,266,9,65,,2020-06-13
Nangarhar Province,"1,246",29,59,,2020-06-13
Nimruz Province,300,6,98,,2020-06-13
Nuristan Province,11,0,2,,2020-06-13
Paktia Province,784,10,128,,2020-06-13
Paktika Province,118,2,22,,2020-06-13
Panjshir Province,173,10,79,,2020-06-13
Parwan Province,234,7,85,,2020-06-13
Samangan Province,298,7,132,,2020-06-13
Sar-e Pol Province,130,2,12,,2020-06-13
Takhar Province,422,10,100,,2020-06-13
Urozgan Province,20,0,1,,2020-06-13
Wardak Province,206,4,89,,2020-06-13
Zabul Province,71,2,38,,2020-06-13
Badakhshan Province,56,0,2,,2020-06-05
Badghis Province,265,1,30,,2020-06-05
Baghlan Province,336,13,63,,2020-06-05
Balkh Province,"1,329",44,50,,2020-06-05
Bamyan Province,114,2,23,,2020-06-05
Daykundi Province,28,1,10,,2020-06-05
Farah Province,195,2,19,,2020-06-05
Faryab Province,155,9,11,,2020-06-05
Ghazni Province,239,16,27,,2020-06-05
Ghor Province,72,0,10,,2020-06-05
Helmand Province,65,0,20,,2020-06-05
Herat Province,"3,426",59,366,,2020-06-05
Jowzjan Province,179,6,7,,2020-06-05
Kabul Province,"7,556",39,505,,2020-06-05
Kandahar Province,776,17,43,,2020-06-05
Kapisa Province,79,0,19,,2020-06-05
Khost Province,144,6,8,,2020-06-05
Kunar Province,217,7,19,,2020-06-05
Kunduz Province,162,6,38,,2020-06-05
Laghman Province,224,3,47,,2020-06-05
Logar Province,227,8,39,,2020-06-05
Nangarhar Province,901,22,42,,2020-06-05
Nimruz Province,81,2,30,,2020-06-05
Nuristan Province,9,0,2,,2020-06-05
Paktia Province,659,7,108,,2020-06-05
Paktika Province,118,1,22,,2020-06-05
Panjshir Province,158,10,43,,2020-06-05
Parwan Province,186,7,14,,2020-06-05
Samangan Province,264,5,11,,2020-06-05
Sar-e Pol Province,120,1,12,,2020-06-05
Takhar Province,389,9,48,,2020-06-05
Urozgan Province,5,0,1,,2020-06-05
Wardak Province,179,3,50,,2020-06-05
Zabul Province,38,1,10,,2020-06-05
Badakhshan Province,56,0,2,,2020-06-04
Badghis Province,265,1,30,,2020-06-04
Baghlan Province,336,13,63,,2020-06-04
Balkh Province,"1,213",41,49,,2020-06-04
Bamyan Province,114,2,23,,2020-06-04
Daykundi Province,28,1,10,,2020-06-04
Farah Province,174,2,19,,2020-06-04
Faryab Province,155,9,8,,2020-06-04
Ghazni Province,239,16,27,,2020-06-04
Ghor Province,72,0,10,,2020-06-04
Helmand Province,45,0,20,,2020-06-04
Herat Province,"3,227",57,308,,2020-06-04
Jowzjan Province,179,6,7,,2020-06-04
Kabul Province,"7,133",39,401,,2020-06-04
Kandahar Province,755,17,43,,2020-06-04
Kapisa Province,79,0,19,,2020-06-04
Khost Province,144,6,8,,2020-06-04
Kunar Province,194,7,18,,2020-06-04
Kunduz Province,133,4,38,,2020-06-04
Laghman Province,221,3,46,,2020-06-04
Logar Province,227,8,39,,2020-06-04
Nangarhar Province,894,22,42,,2020-06-04
Nimruz Province,81,2,30,,2020-06-04
Nuristan Province,9,0,2,,2020-06-04
Paktia Province,648,7,108,,2020-06-04
Paktika Province,86,1,22,,2020-06-04
Panjshir Province,158,10,43,,2020-06-04
Parwan Province,186,7,14,,2020-06-04
Samangan Province,264,5,11,,2020-06-04
Sar-e Pol Province,99,1,9,,2020-06-04
Takhar Province,389,9,48,,2020-06-04
Urozgan Province,5,0,1,,2020-06-04
Wardak Province,175,3,49,,2020-06-04
Zabul Province,38,1,10,,2020-06-04
Badakhshan Province,48,0,1,,2020-06-03
Badghis Province,217,0,25,,2020-06-03
Baghlan Province,336,13,63,,2020-06-03
Balkh Province,"1,179",39,47,,2020-06-03
Bamyan Province,112,1,15,,2020-06-03
Daykundi Province,28,1,10,,2020-06-03
Farah Province,174,1,19,,2020-06-03
Faryab Province,155,9,8,,2020-06-03
Ghazni Province,239,16,27,,2020-06-03
Ghor Province,72,0,10,,2020-06-03
Helmand Province,45,0,20,,2020-06-03
Herat Province,"3,117",57,268,,2020-06-03
Jowzjan Province,179,6,7,,2020-06-03
Kabul Province,"6,810",39,401,,2020-06-03
Kandahar Province,690,17,43,,2020-06-03
Kapisa Province,79,0,19,,2020-06-03
Khost Province,104,6,8,,2020-06-03
Kunar Province,179,7,18,,2020-06-03
Kunduz Province,133,4,38,,2020-06-03
Laghman Province,221,3,46,,2020-06-03
Logar Province,226,8,39,,2020-06-03
Nangarhar Province,840,22,42,,2020-06-03
Nimruz Province,63,1,30,,2020-06-03
Nuristan Province,9,0,2,,2020-06-03
Paktia Province,612,7,108,,2020-06-03
Paktika Province,86,1,22,,2020-06-03
Panjshir Province,158,10,43,,2020-06-03
Parwan Province,185,7,14,,2020-06-03
Samangan Province,264,5,11,,2020-06-03
Sar-e Pol Province,99,1,9,,2020-06-03
Takhar Province,381,9,48,,2020-06-03
Urozgan Province,5,0,1,,2020-06-03
Wardak Province,175,3,49,,2020-06-03
Zabul Province,38,1,10,,2020-06-03
Badakhshan Province,48,0,1,,2020-06-02
Badghis Province,217,0,25,,2020-06-02
Baghlan Province,336,12,58,,2020-06-02
Balkh Province,"1,127",39,46,,2020-06-02
Bamyan Province,112,1,15,,2020-06-02
Daykundi Province,28,1,10,,2020-06-02
Farah Province,174,1,19,,2020-06-02
Faryab Province,144,9,5,,2020-06-02
Ghazni Province,239,14,27,,2020-06-02
Ghor Province,72,0,10,,2020-06-02
Helmand Province,45,0,20,,2020-06-02
Herat Province,"2,901",53,268,,2020-06-02
Jowzjan Province,131,6,3,,2020-06-02
Kabul Province,"6,478",31,384,,2020-06-02
Kandahar Province,636,16,43,,2020-06-02
Kapisa Province,79,0,19,,2020-06-02
Khost Province,104,5,8,,2020-06-02
Kunar Province,168,7,18,,2020-06-02
Kunduz Province,133,4,38,,2020-06-02
Laghman Province,221,3,46,,2020-06-02
Logar Province,207,8,21,,2020-06-02
Nangarhar Province,837,21,28,,2020-06-02
Nimruz Province,63,1,30,,2020-06-02
Nuristan Province,4,0,2,,2020-06-02
Paktia Province,612,7,108,,2020-06-02
Paktika Province,86,1,22,,2020-06-02
Panjshir Province,158,7,43,,2020-06-02
Parwan Province,185,5,5,,2020-06-02
Samangan Province,262,4,11,,2020-06-02
Sar-e Pol Province,99,1,9,,2020-06-02
Takhar Province,381,9,48,,2020-06-02
Urozgan Province,5,0,1,,2020-06-02
Wardak Province,175,3,49,,2020-06-02
Zabul Province,38,1,10,,2020-06-02
Badakhshan Province,34,0,1,,2020-05-31
Badghis Province,215,0,25,,2020-05-31
Baghlan Province,309,10,54,,2020-05-31
Balkh Province,"1,084",34,39,,2020-05-31
Bamyan Province,71,1,15,,2020-05-31
Daykundi Province,28,1,10,,2020-05-31
Farah Province,138,1,19,,2020-05-31
Faryab Province,114,8,5,,2020-05-31
Ghazni Province,221,14,27,,2020-05-31
Ghor Province,58,0,10,,2020-05-31
Helmand Province,45,0,20,,2020-05-31
Herat Province,"2,572",53,268,,2020-05-31
Jowzjan Province,131,6,3,,2020-05-31
Kabul Province,"6,146",30,375,,2020-05-31
Kandahar Province,636,16,43,,2020-05-31
Kapisa Province,72,0,19,,2020-05-31
Khost Province,79,5,8,,2020-05-31
Kunar Province,165,7,16,,2020-05-31
Kunduz Province,133,4,38,,2020-05-31
Laghman Province,219,3,36,,2020-05-31
Logar Province,190,8,21,,2020-05-31
Nangarhar Province,753,21,23,,2020-05-31
Nimruz Province,63,1,30,,2020-05-31
Nuristan Province,4,0,2,,2020-05-31
Paktia Province,454,7,74,,2020-05-31
Paktika Province,86,1,22,,2020-05-31
Panjshir Province,158,7,43,,2020-05-31
Parwan Province,181,5,5,,2020-05-31
Samangan Province,212,2,8,,2020-05-31
Sar-e Pol Province,77,1,5,,2020-05-31
Takhar Province,350,24,8,,2020-05-31
Urozgan Province,5,0,1,,2020-05-31
Wardak Province,163,2,29,,2020-05-31
Zabul Province,38,1,10,,2020-05-31
Badakhshan Province,34,0,1,,2020-05-30
Badghis Province,215,0,25,,2020-05-30
Baghlan Province,298,7,31,,2020-05-30
Balkh Province,"1,009",33,37,,2020-05-30
Bamyan Province,69,1,15,,2020-05-30
Daykundi Province,28,1,10,,2020-05-30
Farah Province,138,1,19,,2020-05-30
Faryab Province,114,8,5,,2020-05-30
Ghazni Province,221,14,27,,2020-05-30
Ghor Province,58,0,10,,2020-05-30
Helmand Province,45,0,20,,2020-05-30
Herat Province,"2,461",51,268,,2020-05-30
Jowzjan Province,131,6,3,,2020-05-30
Kabul Province,"5,775",30,375,,2020-05-30
Kandahar Province,636,16,43,,2020-05-30
Kapisa Province,72,0,19,,2020-05-30
Khost Province,79,5,8,,2020-05-30
Kunar Province,159,5,16,,2020-05-30
Kunduz Province,133,4,38,,2020-05-30
Laghman Province,201,3,36,,2020-05-30
Logar Province,164,8,21,,2020-05-30
Nangarhar Province,732,21,23,,2020-05-30
Nimruz Province,63,1,30,,2020-05-30
Nuristan Province,4,0,2,,2020-05-30
Paktia Province,454,7,74,,2020-05-30
Paktika Province,86,1,22,,2020-05-30
Panjshir Province,158,7,43,,2020-05-30
Parwan Province,179,5,5,,2020-05-30
Samangan Province,179,2,8,,2020-05-30
Sar-e Pol Province,77,1,5,,2020-05-30
Takhar Province,328,24,8,,2020-05-30
Urozgan Province,5,0,1,,2020-05-30
Wardak Province,163,2,29,,2020-05-30
Zabul Province,38,1,10,,2020-05-30
Badakhshan Province,30,0,1,,2020-05-29
Badghis Province,189,0,5,,2020-05-29
Baghlan Province,279,7,31,,2020-05-29
Balkh Province,970,33,37,,2020-05-29
Bamyan Province,69,1,15,,2020-05-29
Daykundi Province,28,1,10,,2020-05-29
Farah Province,138,0,19,,2020-05-29
Faryab Province,112,8,5,,2020-05-29
Ghazni Province,211,14,27,,2020-05-29
Ghor Province,58,0,10,,2020-05-29
Helmand Province,45,0,20,,2020-05-29
Herat Province,"2,284",51,251,,2020-05-29
Jowzjan Province,131,6,3,,2020-05-29
Kabul Province,"5,364",30,369,,2020-05-29
Kandahar Province,636,16,43,,2020-05-29
Kapisa Province,57,0,19,,2020-05-29
Khost Province,79,5,8,,2020-05-29
Kunar Province,159,5,16,,2020-05-29
Kunduz Province,117,4,33,,2020-05-29
Laghman Province,201,3,36,,2020-05-29
Logar Province,164,7,21,,2020-05-29
Nangarhar Province,697,21,23,,2020-05-29
Nimruz Province,63,1,30,,2020-05-29
Nuristan Province,4,0,2,,2020-05-29
Paktia Province,426,6,74,,2020-05-29
Paktika Province,86,1,22,,2020-05-29
Panjshir Province,152,7,43,,2020-05-29
Parwan Province,142,5,5,,2020-05-29
Samangan Province,179,2,8,,2020-05-29
Sar-e Pol Province,77,1,5,,2020-05-29
Takhar Province,299,24,8,,2020-05-29
Urozgan Province,5,0,1,,2020-05-29
Wardak Province,160,2,29,,2020-05-29
Zabul Province,38,1,10,,2020-05-29
Badakhshan Province,20,0,1,,2020-05-28
Badghis Province,189,0,5,,2020-05-28
Baghlan Province,279,7,31,,2020-05-28
Balkh Province,947,32,37,,2020-05-28
Bamyan Province,60,1,15,,2020-05-28
Daykundi Province,27,1,10,,2020-05-28
Farah Province,138,0,14,,2020-05-28
Faryab Province,112,8,5,,2020-05-28
Ghazni Province,211,14,27,,2020-05-28
Ghor Province,58,0,10,,2020-05-28
Helmand Province,45,0,20,,2020-05-28
Herat Province,"2,105",44,246,,2020-05-28
Jowzjan Province,131,6,3,,2020-05-28
Kabul Province,"5,093",29,354,,2020-05-28
Kandahar Province,636,16,43,,2020-05-28
Kapisa Province,57,0,19,,2020-05-28
Khost Province,61,3,5,,2020-05-28
Kunar Province,158,5,16,,2020-05-28
Kunduz Province,117,4,33,,2020-05-28
Laghman Province,188,3,36,,2020-05-28
Logar Province,161,7,21,,2020-05-28
Nangarhar Province,630,21,23,,2020-05-28
Nimruz Province,63,1,30,,2020-05-28
Nuristan Province,4,0,1,,2020-05-28
Paktia Province,419,6,74,,2020-05-28
Paktika Province,77,1,1,,2020-05-28
Panjshir Province,152,7,43,,2020-05-28
Parwan Province,142,5,5,,2020-05-28
Samangan Province,179,2,8,,2020-05-28
Sar-e Pol Province,77,1,5,,2020-05-28
Takhar Province,297,24,8,,2020-05-28
Urozgan Province,5,0,1,,2020-05-28
Wardak Province,160,2,29,,2020-05-28
Zabul Province,38,1,10,,2020-05-28
Badakhshan Province,20,0,1,,2020-05-26
Badghis Province,189,0,5,,2020-05-26
Baghlan Province,270,7,31,,2020-05-26
Balkh Province,875,31,37,,2020-05-26
Bamyan Province,58,1,15,,2020-05-26
Daykundi Province,27,1,10,,2020-05-26
Farah Province,116,0,14,,2020-05-26
Faryab Province,97,5,5,,2020-05-26
Ghazni Province,211,14,27,,2020-05-26
Ghor Province,50,0,10,,2020-05-26
Helmand Province,45,0,20,,2020-05-26
Herat Province,"1,858",36,205,,2020-05-26
Jowzjan Province,131,6,3,,2020-05-26
Kabul Province,"4,411",29,337,,2020-05-26
Kandahar Province,636,16,43,,2020-05-26
Kapisa Province,57,0,19,,2020-05-26
Khost Province,61,3,5,,2020-05-26
Kunar Province,144,3,16,,2020-05-26
Kunduz Province,116,4,33,,2020-05-26
Laghman Province,180,3,36,,2020-05-26
Logar Province,161,7,21,,2020-05-26
Nangarhar Province,625,21,23,,2020-05-26
Nimruz Province,63,1,30,,2020-05-26
Nuristan Province,4,0,1,,2020-05-26
Paktia Province,399,6,74,,2020-05-26
Paktika Province,77,1,1,,2020-05-26
Panjshir Province,116,6,25,,2020-05-26
Parwan Province,102,5,4,,2020-05-26
Samangan Province,179,2,8,,2020-05-26
Sar-e Pol Province,77,1,5,,2020-05-26
Takhar Province,273,24,8,,2020-05-26
Urozgan Province,5,0,1,,2020-05-26
Wardak Province,160,2,29,,2020-05-26
Zabul Province,38,1,10,,2020-05-26
Badakhshan Province,20,0,1,,2020-05-24
Badghis Province,116,0,5,,2020-05-24
Baghlan Province,206,7,31,,2020-05-24
Balkh Province,762,30,34,,2020-05-24
Bamyan Province,46,1,12,,2020-05-24
Daykundi Province,27,1,10,,2020-05-24
Farah Province,64,0,12,,2020-05-24
Faryab Province,68,5,5,,2020-05-24
Ghazni Province,211,14,27,,2020-05-24
Ghor Province,48,0,10,,2020-05-24
Helmand Province,45,0,20,,2020-05-24
Herat Province,"1,711",35,203,,2020-05-24
Jowzjan Province,120,6,2,,2020-05-24
Kabul Province,"3,784",29,303,,2020-05-24
Kandahar Province,636,16,43,,2020-05-24
Kapisa Province,51,0,19,,2020-05-24
Khost Province,58,3,5,,2020-05-24
Kunar Province,130,3,14,,2020-05-24
Kunduz Province,116,4,33,,2020-05-24
Laghman Province,180,3,34,,2020-05-24
Logar Province,154,7,21,,2020-05-24
Nangarhar Province,580,21,23,,2020-05-24
Nimruz Province,63,1,30,,2020-05-24
Nuristan Province,4,0,0,,2020-05-24
Paktia Province,384,6,72,,2020-05-24
Paktika Province,77,1,1,,2020-05-24
Panjshir Province,114,6,25,,2020-05-24
Parwan Province,102,5,4,,2020-05-24
Samangan Province,178,2,8,,2020-05-24
Sar-e Pol Province,73,1,4,,2020-05-24
Takhar Province,258,24,8,,2020-05-24
Urozgan Province,5,0,1,,2020-05-24
Wardak Province,153,2,29,,2020-05-24
Zabul Province,38,1,10,,2020-05-24
Badakhshan Province,17,0,1,,2020-05-22
Badghis Province,107,0,4,,2020-05-22
Baghlan Province,194,7,31,,2020-05-22
Balkh Province,996,29,27,,2020-05-22
Bamyan Province,37,1,10,,2020-05-22
Daykundi Province,27,1,10,,2020-05-22
Farah Province,60,0,12,,2020-05-22
Faryab Province,54,5,5,,2020-05-22
Ghazni Province,164,13,21,,2020-05-22
Ghor Province,44,0,2,,2020-05-22
Helmand Province,45,0,20,,2020-05-22
Herat Province,"1,461",26,203,,2020-05-22
Jowzjan Province,118,6,2,,2020-05-22
Kabul Province,"3,083",29,298,,2020-05-22
Kandahar Province,636,16,43,,2020-05-22
Kapisa Province,40,0,19,,2020-05-22
Khost Province,58,3,5,,2020-05-22
Kunar Province,116,3,8,,2020-05-22
Kunduz Province,87,3,29,,2020-05-22
Laghman Province,173,3,22,,2020-05-22
Logar Province,139,7,21,,2020-05-22
Nangarhar Province,513,20,12,,2020-05-22
Nimruz Province,63,1,30,,2020-05-22
Nuristan Province,4,0,0,,2020-05-22
Paktia Province,356,6,64,,2020-05-22
Paktika Province,65,1,1,,2020-05-22
Panjshir Province,114,6,25,,2020-05-22
Parwan Province,94,5,4,,2020-05-22
Samangan Province,157,2,8,,2020-05-22
Sar-e Pol Province,73,1,4,,2020-05-22
Takhar Province,233,24,8,,2020-05-22
Urozgan Province,5,0,1,,2020-05-22
Wardak Province,145,2,9,,2020-05-22
Zabul Province,38,1,10,,2020-05-22
Badakhshan Province,17,0,1,,2020-05-19
Badghis Province,106,0,3,,2020-05-19
Baghlan Province,141,7,7,,2020-05-19
Balkh Province,589,24,35,,2020-05-19
Bamyan Province,37,1,10,,2020-05-19
Daykundi Province,22,1,8,,2020-05-19
Farah Province,39,0,12,,2020-05-19
Faryab Province,51,3,5,,2020-05-19
Ghazni Province,149,11,19,,2020-05-19
Ghor Province,44,0,2,,2020-05-19
Helmand Province,45,0,20,,2020-05-19
Herat Province,"1,286",24,193,,2020-05-19
Jowzjan Province,102,5,2,,2020-05-19
Kabul Province,"2,231",25,284,,2020-05-19
Kandahar Province,636,15,43,,2020-05-19
Kapisa Province,34,0,2,,2020-05-19
Khost Province,46,3,4,,2020-05-19
Kunar Province,91,2,3,,2020-05-19
Kunduz Province,80,3,26,,2020-05-19
Laghman Province,153,3,17,,2020-05-19
Logar Province,132,6,21,,2020-05-19
Nangarhar Province,444,16,12,,2020-05-19
Nimruz Province,63,1,30,,2020-05-19
Nuristan Province,4,0,0,,2020-05-19
Paktia Province,337,5,52,,2020-05-19
Paktika Province,53,1,1,,2020-05-19
Panjshir Province,97,4,13,,2020-05-19
Parwan Province,72,4,1,,2020-05-19
Samangan Province,157,2,8,,2020-05-19
Sar-e Pol Province,54,1,2,,2020-05-19
Takhar Province,182,8,8,,2020-05-19
Urozgan Province,5,0,1,,2020-05-19
Wardak Province,116,2,8,,2020-05-19
Zabul Province,38,1,7,,2020-05-19
Badakhshan Province,16,0,1,,2020-05-18
Badghis Province,93,0,3,,2020-05-18
Baghlan Province,136,7,7,,2020-05-18
Balkh Province,534,24,19,,2020-05-18
Bamyan Province,37,1,9,,2020-05-18
Daykundi Province,21,1,8,,2020-05-18
Farah Province,39,0,12,,2020-05-18
Faryab Province,51,3,5,,2020-05-18
Ghazni Province,128,11,19,,2020-05-18
Ghor Province,44,0,2,,2020-05-18
Helmand Province,45,0,20,,2020-05-18
Herat Province,"1,248",24,193,,2020-05-18
Jowzjan Province,102,5,2,,2020-05-18
Kabul Province,"2,066",25,261,,2020-05-18
Kandahar Province,636,15,43,,2020-05-18
Kapisa Province,34,0,2,,2020-05-18
Khost Province,44,3,4,,2020-05-18
Kunar Province,75,2,3,,2020-05-18
Kunduz Province,76,3,26,,2020-05-18
Laghman Province,123,2,16,,2020-05-18
Logar Province,132,5,11,,2020-05-18
Nangarhar Province,310,16,12,,2020-05-18
Nimruz Province,68,1,30,,2020-05-18
Nuristan Province,4,0,0,,2020-05-18
Paktia Province,308,5,50,,2020-05-18
Paktika Province,50,1,1,,2020-05-18
Panjshir Province,88,3,13,,2020-05-18
Parwan Province,68,4,1,,2020-05-18
Samangan Province,134,1,8,,2020-05-18
Sar-e Pol Province,39,1,0,,2020-05-18
Takhar Province,170,8,8,,2020-05-18
Urozgan Province,5,0,1,,2020-05-18
Wardak Province,115,2,4,,2020-05-18
Zabul Province,38,–,7,,2020-05-18
Badakhshan Province,16,0,1,,2020-05-17
Badghis Province,93,0,3,,2020-05-17
Baghlan Province,130,7,7,,2020-05-17
Balkh Province,503,22,17,,2020-05-17
Bamyan Province,37,1,9,,2020-05-17
Daykundi Province,16,1,8,,2020-05-17
Farah Province,39,0,12,,2020-05-17
Faryab Province,51,3,5,,2020-05-17
Ghazni Province,128,11,19,,2020-05-17
Ghor Province,39,0,2,,2020-05-17
Helmand Province,45,0,20,,2020-05-17
Herat Province,"1,153",24,183,,2020-05-17
Jowzjan Province,102,5,2,,2020-05-17
Kabul Province,"1,904",25,261,,2020-05-17
Kandahar Province,636,15,43,,2020-05-17
Kapisa Province,32,0,2,,2020-05-17
Khost Province,35,1,4,,2020-05-17
Kunar Province,71,2,3,,2020-05-17
Kunduz Province,73,3,26,,2020-05-17
Laghman Province,122,2,16,,2020-05-17
Logar Province,125,5,11,,2020-05-17
Nangarhar Province,310,16,12,,2020-05-17
Nimruz Province,68,1,30,,2020-05-17
Nuristan Province,4,0,0,,2020-05-17
Paktia Province,293,5,45,,2020-05-17
Paktika Province,46,1,1,,2020-05-17
Panjshir Province,85,3,13,,2020-05-17
Parwan Province,50,4,1,,2020-05-17
Samangan Province,134,1,8,,2020-05-17
Sar-e Pol Province,39,1,0,,2020-05-17
Takhar Province,150,8,8,,2020-05-17
Urozgan Province,5,0,1,,2020-05-17
Wardak Province,107,2,4,,2020-05-17
Zabul Province,38,–,7,,2020-05-17
Badakhshan Province,16,0,1,,2020-05-16
Badghis Province,85,0,3,,2020-05-16
Baghlan Province,124,7,7,,2020-05-16
Balkh Province,492,22,12,,2020-05-16
Bamyan Province,37,1,9,,2020-05-16
Daykundi Province,16,1,8,,2020-05-16
Farah Province,39,0,12,,2020-05-16
Faryab Province,43,3,5,,2020-05-16
Ghazni Province,128,11,19,,2020-05-16
Ghor Province,39,0,2,,2020-05-16
Helmand Province,45,0,20,,2020-05-16
Herat Province,"1,096",24,183,,2020-05-16
Jowzjan Province,93,4,2,,2020-05-16
Kabul Province,"1,844",25,261,,2020-05-16
Kandahar Province,636,15,43,,2020-05-16
Kapisa Province,24,0,2,,2020-05-16
Khost Province,14,1,4,,2020-05-16
Kunar Province,71,2,3,,2020-05-16
Kunduz Province,73,3,26,,2020-05-16
Laghman Province,122,2,16,,2020-05-16
Logar Province,111,5,11,,2020-05-16
Nangarhar Province,310,16,12,,2020-05-16
Nimruz Province,68,1,30,,2020-05-16
Nuristan Province,4,0,0,,2020-05-16
Paktia Province,283,5,44,,2020-05-16
Paktika Province,38,1,1,,2020-05-16
Panjshir Province,85,3,13,,2020-05-16
Parwan Province,40,4,1,,2020-05-16
Samangan Province,112,1,8,,2020-05-16
Sar-e Pol Province,39,1,0,,2020-05-16
Takhar Province,140,8,8,,2020-05-16
Urozgan Province,5,0,1,,2020-05-16
Wardak Province,97,2,4,,2020-05-16
Zabul Province,38,–,7,,2020-05-16
Badakhshan Province,16,0,1,,2020-05-15
Badghis Province,80,0,2,,2020-05-15
Baghlan Province,113,3,4,,2020-05-15
Balkh Province,461,22,12,,2020-05-15
Bamyan Province,36,1,9,,2020-05-15
Daykundi Province,16,1,8,,2020-05-15
Farah Province,39,0,12,,2020-05-15
Faryab Province,43,3,4,,2020-05-15
Ghazni Province,128,7,12,,2020-05-15
Ghor Province,39,0,2,,2020-05-15
Helmand Province,45,0,17,,2020-05-15
Herat Province,"1,067",22,183,,2020-05-15
Jowzjan Province,88,4,2,,2020-05-15
Kabul Province,"1,718",19,206,,2020-05-15
Kandahar Province,626,15,43,,2020-05-15
Kapisa Province,24,0,2,,2020-05-15
Khost Province,14,1,0,,2020-05-15
Kunar Province,71,2,3,,2020-05-15
Kunduz Province,70,2,26,,2020-05-15
Laghman Province,114,2,16,,2020-05-15
Logar Province,101,5,11,,2020-05-15
Nangarhar Province,273,15,12,,2020-05-15
Nimruz Province,63,1,30,,2020-05-15
Nuristan Province,4,0,0,,2020-05-15
Paktia Province,227,5,35,,2020-05-15
Paktika Province,38,1,1,,2020-05-15
Panjshir Province,84,3,13,,2020-05-15
Parwan Province,40,4,–,,2020-05-15
Samangan Province,112,1,8,,2020-05-15
Sar-e Pol Province,31,1,0,,2020-05-15
Takhar Province,133,7,6,,2020-05-15
Urozgan Province,5,0,1,,2020-05-15
Wardak Province,96,2,4,,2020-05-15
Zabul Province,38,–,3,,2020-05-15
Badakhshan Province,13,0,1,,2020-05-14
Badghis Province,80,0,2,,2020-05-14
Baghlan Province,113,3,4,,2020-05-14
Balkh Province,461,18,12,,2020-05-14
Bamyan Province,36,1,9,,2020-05-14
Daykundi Province,15,1,5,,2020-05-14
Farah Province,39,0,12,,2020-05-14
Faryab Province,37,2,4,,2020-05-14
Ghazni Province,126,7,10,,2020-05-14
Ghor Province,39,0,2,,2020-05-14
Helmand Province,44,0,17,,2020-05-14
Herat Province,935,22,175,,2020-05-14
Jowzjan Province,79,4,1,,2020-05-14
Kabul Province,"1,556",18,252,,2020-05-14
Kandahar Province,613,15,42,,2020-05-14
Kapisa Province,22,0,2,,2020-05-14
Khost Province,11,1,0,,2020-05-14
Kunar Province,71,1,0,,2020-05-14
Kunduz Province,65,2,23,,2020-05-14
Laghman Province,106,2,16,,2020-05-14
Logar Province,101,5,6,,2020-05-14
Nangarhar Province,247,12,13,,2020-05-14
Nimruz Province,63,1,30,,2020-05-14
Nuristan Province,4,0,0,,2020-05-14
Paktia Province,200,3,33,,2020-05-14
Paktika Province,34,1,1,,2020-05-14
Panjshir Province,79,2,1,,2020-05-14
Parwan Province,45,3,0,,2020-05-14
Samangan Province,93,1,8,,2020-05-14
Sar-e Pol Province,30,1,0,,2020-05-14
Takhar Province,133,5,4,,2020-05-14
Urozgan Province,5,0,1,,2020-05-14
Wardak Province,96,1,3,,2020-05-14
Zabul Province,33,0,3,,2020-05-14
Badakhshan Province,13,0,1,,2020-05-13
Badghis Province,80,0,2,,2020-05-13
Baghlan Province,88,3,4,,2020-05-13
Balkh Province,437,17,10,,2020-05-13
Bamyan Province,36,1,7,,2020-05-13
Daykundi Province,15,1,5,,2020-05-13
Farah Province,39,0,12,,2020-05-13
Faryab Province,36,2,4,,2020-05-13
Ghazni Province,91,7,10,,2020-05-13
Ghor Province,39,0,2,,2020-05-13
Helmand Province,44,0,17,,2020-05-13
Herat Province,935,22,175,,2020-05-13
Jowzjan Province,79,4,1,,2020-05-13
Kabul Province,"1,368",18,221,,2020-05-13
Kandahar Province,579,15,36,,2020-05-13
Kapisa Province,22,0,2,,2020-05-13
Khost Province,10,1,0,,2020-05-13
Kunar Province,71,1,0,,2020-05-13
Kunduz Province,65,2,23,,2020-05-13
Laghman Province,101,2,16,,2020-05-13
Logar Province,94,5,6,,2020-05-13
Nangarhar Province,217,12,13,,2020-05-13
Nimruz Province,58,0,30,,2020-05-13
Nuristan Province,4,0,0,,2020-05-13
Paktia Province,200,3,33,,2020-05-13
Paktika Province,30,1,1,,2020-05-13
Panjshir Province,77,2,1,,2020-05-13
Parwan Province,32,3,0,,2020-05-13
Samangan Province,73,1,6,,2020-05-13
Sar-e Pol Province,25,1,0,,2020-05-13
Takhar Province,133,5,4,,2020-05-13
Urozgan Province,5,0,1,,2020-05-13
Wardak Province,87,1,3,,2020-05-13
Zabul Province,30,0,3,,2020-05-13
Badakhshan Province,13,0,1,,2020-05-12
Badghis Province,72,0,2,,2020-05-12
Baghlan Province,81,3,4,,2020-05-12
Balkh Province,388,17,10,,2020-05-12
Bamyan Province,34,1,7,,2020-05-12
Daykundi Province,10,1,5,,2020-05-12
Farah Province,37,0,12,,2020-05-12
Faryab Province,32,2,4,,2020-05-12
Ghazni Province,91,7,4,,2020-05-12
Ghor Province,36,0,2,,2020-05-12
Helmand Province,42,0,17,,2020-05-12
Herat Province,913,20,175,,2020-05-12
Jowzjan Province,68,2,1,,2020-05-12
Kabul Province,"1,341",18,208,,2020-05-12
Kandahar Province,550,15,31,,2020-05-12
Kapisa Province,22,0,2,,2020-05-12
Khost Province,10,1,0,,2020-05-12
Kunar Province,61,1,0,,2020-05-12
Kunduz Province,63,2,7,,2020-05-12
Laghman Province,100,2,16,,2020-05-12
Logar Province,88,4,6,,2020-05-12
Nangarhar Province,194,12,13,,2020-05-12
Nimruz Province,55,0,30,,2020-05-12
Nuristan Province,4,0,0,,2020-05-12
Paktia Province,200,3,33,,2020-05-12
Paktika Province,30,1,1,,2020-05-12
Panjshir Province,75,2,0,,2020-05-12
Parwan Province,28,3,0,,2020-05-12
Samangan Province,72,0,6,,2020-05-12
Sar-e Pol Province,25,1,0,,2020-05-12
Takhar Province,108,5,2,,2020-05-12
Urozgan Province,5,0,1,,2020-05-12
Wardak Province,81,1,1,,2020-05-12
Zabul Province,27,0,3,,2020-05-12
Badakhshan Province,12,0,1,,2020-05-11
Badghis Province,52,0,2,,2020-05-11
Baghlan Province,81,3,4,,2020-05-11
Balkh Province,355,17,10,,2020-05-11
Bamyan Province,34,1,7,,2020-05-11
Daykundi Province,10,1,5,,2020-05-11
Farah Province,37,0,12,,2020-05-11
Faryab Province,31,2,4,,2020-05-11
Ghazni Province,91,7,4,,2020-05-11
Ghor Province,36,0,2,,2020-05-11
Helmand Province,35,0,16,,2020-05-11
Herat Province,901,20,175,,2020-05-11
Jowzjan Province,68,2,1,,2020-05-11
Kabul Province,"1,257",18,192,,2020-05-11
Kandahar Province,537,12,31,,2020-05-11
Kapisa Province,30,0,2,,2020-05-11
Khost Province,10,1,0,,2020-05-11
Kunar Province,61,1,0,,2020-05-11
Kunduz Province,58,2,7,,2020-05-11
Laghman Province,100,2,16,,2020-05-11
Logar Province,88,4,6,,2020-05-11
Nangarhar Province,174,12,13,,2020-05-11
Nimruz Province,53,0,12,,2020-05-11
Nuristan Province,4,0,0,,2020-05-11
Paktia Province,199,3,33,,2020-05-11
Paktika Province,30,1,1,,2020-05-11
Panjshir Province,63,2,0,,2020-05-11
Parwan Province,28,3,0,,2020-05-11
Samangan Province,72,0,6,,2020-05-11
Sar-e Pol Province,20,1,0,,2020-05-11
Takhar Province,94,5,2,,2020-05-11
Urozgan Province,4,0,1,,2020-05-11
Wardak Province,53,1,1,,2020-05-11
Zabul Province,22,0,3,,2020-05-11
Badakhshan Province,12,0,1,,2020-05-10
Badghis Province,34,0,2,,2020-05-10
Baghlan Province,81,3,4,,2020-05-10
Balkh Province,355,17,10,,2020-05-10
Bamyan Province,29,1,7,,2020-05-10
Daykundi Province,10,1,5,,2020-05-10
Farah Province,37,0,12,,2020-05-10
Faryab Province,31,2,4,,2020-05-10
Ghazni Province,91,7,4,,2020-05-10
Ghor Province,31,0,2,,2020-05-10
Helmand Province,32,0,16,,2020-05-10
Herat Province,894,20,175,,2020-05-10
Jowzjan Province,68,2,1,,2020-05-10
Kabul Province,"1,096",18,186,,2020-05-10
Kandahar Province,507,11,27,,2020-05-10
Kapisa Province,30,0,2,,2020-05-10
Khost Province,10,1,0,,2020-05-10
Kunar Province,50,1,0,,2020-05-10
Kunduz Province,53,2,7,,2020-05-10
Laghman Province,100,2,16,,2020-05-10
Logar Province,70,4,6,,2020-05-10
Nangarhar Province,158,12,12,,2020-05-10
Nimruz Province,53,0,12,,2020-05-10
Nuristan Province,2,0,0,,2020-05-10
Paktia Province,199,3,33,,2020-05-10
Paktika Province,30,1,1,,2020-05-10
Panjshir Province,63,2,0,,2020-05-10
Parwan Province,25,3,0,,2020-05-10
Samangan Province,70,0,6,,2020-05-10
Sar-e Pol Province,20,1,0,,2020-05-10
Takhar Province,94,5,2,,2020-05-10
Urozgan Province,4,0,1,,2020-05-10
Wardak Province,52,1,1,,2020-05-10
Zabul Province,22,0,3,,2020-05-10
Badakhshan Province,8,0,1,,2020-05-09
Badghis Province,34,0,2,,2020-05-09
Baghlan Province,60,3,4,,2020-05-09
Balkh Province,324,16,10,,2020-05-09
Bamyan Province,29,1,7,,2020-05-09
Daykundi Province,10,1,5,,2020-05-09
Farah Province,19,0,6,,2020-05-09
Faryab Province,31,2,4,,2020-05-09
Ghazni Province,87,6,4,,2020-05-09
Ghor Province,31,0,2,,2020-05-09
Helmand Province,27,0,16,,2020-05-09
Herat Province,835,19,175,,2020-05-09
Jowzjan Province,65,1,2,,2020-05-09
Kabul Province,979,18,139,,2020-05-09
Kandahar Province,481,9,21,,2020-05-09
Kapisa Province,19,0,2,,2020-05-09
Khost Province,10,1,0,,2020-05-09
Kunar Province,43,1,0,,2020-05-09
Kunduz Province,53,2,5,,2020-05-09
Laghman Province,88,1,21,,2020-05-09
Logar Province,70,4,6,,2020-05-09
Nangarhar Province,150,12,16,,2020-05-09
Nimruz Province,53,0,12,,2020-05-09
Nuristan Province,2,0,0,,2020-05-09
Paktia Province,198,3,29,,2020-05-09
Paktika Province,28,1,1,,2020-05-09
Panjshir Province,54,2,0,,2020-05-09
Parwan Province,17,3,0,,2020-05-09
Samangan Province,59,0,6,,2020-05-09
Sar-e Pol Province,17,1,0,,2020-05-09
Takhar Province,94,5,2,,2020-05-09
Urozgan Province,4,0,1,,2020-05-09
Wardak Province,33,1,1,,2020-05-09
Zabul Province,21,0,3,,2020-05-09
Badakhshan Province,8,0,1,,2020-05-08
Badghis Province,34,0,2,,2020-05-08
Baghlan Province,60,3,4,,2020-05-08
Balkh Province,281,15,6,,2020-05-08
Bamyan Province,28,1,7,,2020-05-08
Daykundi Province,9,1,5,,2020-05-08
Farah Province,19,0,6,,2020-05-08
Faryab Province,31,2,4,,2020-05-08
Ghazni Province,79,6,4,,2020-05-08
Ghor Province,31,0,2,,2020-05-08
Helmand Province,27,0,16,,2020-05-08
Herat Province,764,19,173,,2020-05-08
Jowzjan Province,32,1,1,,2020-05-08
Kabul Province,975,17,139,,2020-05-08
Kandahar Province,481,9,21,,2020-05-08
Kapisa Province,19,0,2,,2020-05-08
Khost Province,10,1,0,,2020-05-08
Kunar Province,42,0,1,,2020-05-08
Kunduz Province,42,2,5,,2020-05-08
Laghman Province,77,1,16,,2020-05-08
Logar Province,70,4,6,,2020-05-08
Nangarhar Province,111,12,12,,2020-05-08
Nimruz Province,53,0,12,,2020-05-08
Nuristan Province,1,0,0,,2020-05-08
Paktia Province,182,3,15,,2020-05-08
Paktika Province,28,1,1,,2020-05-08
Panjshir Province,53,0,0,,2020-05-08
Parwan Province,16,3,0,,2020-05-08
Samangan Province,59,0,6,,2020-05-08
Sar-e Pol Province,17,1,0,,2020-05-08
Takhar Province,70,5,1,,2020-05-08
Urozgan Province,4,0,1,,2020-05-08
Wardak Province,33,1,1,,2020-05-08
Zabul Province,21,0,3,,2020-05-08
Badakhshan Province,8,0,1,,2020-05-07
Badghis Province,34,0,2,,2020-05-07
Baghlan Province,60,3,4,,2020-05-07
Balkh Province,250,15,6,,2020-05-07
Bamyan Province,28,1,7,,2020-05-07
Daykundi Province,9,1,5,,2020-05-07
Farah Province,19,0,6,,2020-05-07
Faryab Province,27,2,4,,2020-05-07
Ghazni Province,79,6,4,,2020-05-07
Ghor Province,23,0,2,,2020-05-07
Helmand Province,27,0,16,,2020-05-07
Herat Province,707,19,169,,2020-05-07
Jowzjan Province,32,1,1,,2020-05-07
Kabul Province,925,17,139,,2020-05-07
Kandahar Province,464,8,21,,2020-05-07
Kapisa Province,19,0,2,,2020-05-07
Khost Province,8,1,0,,2020-05-07
Kunar Province,35,0,1,,2020-05-07
Kunduz Province,42,2,5,,2020-05-07
Laghman Province,75,1,16,,2020-05-07
Logar Province,64,4,6,,2020-05-07
Nangarhar Province,106,10,12,,2020-05-07
Nimruz Province,53,0,12,,2020-05-07
Nuristan Province,1,0,0,,2020-05-07
Paktia Province,173,3,15,,2020-05-07
Paktika Province,25,1,1,,2020-05-07
Panjshir Province,53,0,0,,2020-05-07
Parwan Province,16,3,0,,2020-05-07
Samangan Province,59,0,6,,2020-05-07
Sar-e Pol Province,17,1,0,,2020-05-07
Takhar Province,70,5,1,,2020-05-07
Urozgan Province,4,0,1,,2020-05-07
Wardak Province,33,1,1,,2020-05-07
Zabul Province,18,0,3,,2020-05-07
Badakhshan Province,2,0,1,,2020-05-05
Badghis Province,19,0,2,,2020-05-05
Baghlan Province,56,2,4,,2020-05-05
Balkh Province,208,13,5,,2020-05-05
Bamyan Province,16,1,6,,2020-05-05
Daykundi Province,9,1,5,,2020-05-05
Farah Province,17,0,6,,2020-05-05
Faryab Province,9,2,1,,2020-05-05
Ghazni Province,64,6,4,,2020-05-05
Ghor Province,23,0,2,,2020-05-05
Helmand Province,27,0,12,,2020-05-05
Herat Province,571,14,146,,2020-05-05
Jowzjan Province,32,1,0,,2020-05-05
Kabul Province,779,16,127,,2020-05-05
Kandahar Province,393,8,12,,2020-05-05
Kapisa Province,15,0,2,,2020-05-05
Khost Province,7,1,0,,2020-05-05
Kunar Province,28,0,1,,2020-05-05
Kunduz Province,37,2,5,,2020-05-05
Laghman Province,44,0,6,,2020-05-05
Logar Province,44,1,6,,2020-05-05
Nangarhar Province,82,9,9,,2020-05-05
Nimruz Province,53,0,7,,2020-05-05
Paktia Province,125,3,9,,2020-05-05
Paktika Province,16,1,1,,2020-05-05
Panjshir Province,38,0,0,,2020-05-05
Parwan Province,9,0,0,,2020-05-05
Samangan Province,48,0,6,,2020-05-05
Sar-e Pol Province,16,1,0,,2020-05-05
Takhar Province,59,4,1,,2020-05-05
Urozgan Province,4,0,1,,2020-05-05
Wardak Province,20,1,1,,2020-05-05
Zabul Province,13,0,3,,2020-05-05
Badakhshan Province,2,0,1,,2020-05-04
Badghis Province,19,0,2,,2020-05-04
Baghlan Province,56,2,4,,2020-05-04
Balkh Province,208,13,5,,2020-05-04
Bamyan Province,16,1,6,,2020-05-04
Daykundi Province,9,1,5,,2020-05-04
Farah Province,17,0,6,,2020-05-04
Faryab Province,9,2,1,,2020-05-04
Ghazni Province,64,6,4,,2020-05-04
Ghor Province,23,0,2,,2020-05-04
Helmand Province,27,0,12,,2020-05-04
Herat Province,571,14,146,,2020-05-04
Jowzjan Province,32,1,0,,2020-05-04
Kabul Province,779,16,127,,2020-05-04
Kandahar Province,393,8,12,,2020-05-04
Kapisa Province,15,0,2,,2020-05-04
Khost Province,7,1,0,,2020-05-04
Kunar Province,28,0,1,,2020-05-04
Kunduz Province,37,2,5,,2020-05-04
Laghman Province,44,0,6,,2020-05-04
Logar Province,44,1,6,,2020-05-04
Nangarhar Province,82,9,9,,2020-05-04
Nimruz Province,53,0,7,,2020-05-04
Paktia Province,125,3,9,,2020-05-04
Paktika Province,16,1,1,,2020-05-04
Panjshir Province,38,0,0,,2020-05-04
Parwan Province,9,0,0,,2020-05-04
Samangan Province,48,0,6,,2020-05-04
Sar-e Pol Province,16,1,0,,2020-05-04
Takhar Province,59,4,1,,2020-05-04
Urozgan Province,4,0,1,,2020-05-04
Wardak Province,20,1,1,,2020-05-04
Zabul Province,13,0,3,,2020-05-04
Badakhshan Province,2,0,1,,2020-05-03
Badghis Province,23,0,2,,2020-05-03
Baghlan Province,56,2,4,,2020-05-03
Balkh Province,191,13,5,,2020-05-03
Bamyan Province,16,1,6,,2020-05-03
Daykundi Province,9,1,5,,2020-05-03
Farah Province,13,0,6,,2020-05-03
Faryab Province,9,2,1,,2020-05-03
Ghazni Province,64,6,4,,2020-05-03
Ghor Province,23,0,2,,2020-05-03
Helmand Province,26,0,8,,2020-05-03
Herat Province,541,13,139,,2020-05-03
Jowzjan Province,32,1,0,,2020-05-03
Kabul Province,755,15,106,,2020-05-03
Kandahar Province,368,8,7,,2020-05-03
Kapisa Province,15,0,2,,2020-05-03
Khost Province,6,1,0,,2020-05-03
Kunar Province,23,0,1,,2020-05-03
Kunduz Province,37,2,5,,2020-05-03
Laghman Province,44,0,6,,2020-05-03
Logar Province,44,1,6,,2020-05-03
Nangarhar Province,69,9,6,,2020-05-03
Nimruz Province,52,0,7,,2020-05-03
Paktia Province,84,1,5,,2020-05-03
Paktika Province,14,1,1,,2020-05-03
Panjshir Province,38,0,0,,2020-05-03
Parwan Province,9,0,0,,2020-05-03
Samangan Province,39,0,6,,2020-05-03
Sar-e Pol Province,10,1,0,,2020-05-03
Takhar Province,59,4,1,,2020-05-03
Urozgan Province,3,0,0,,2020-05-03
Wardak Province,20,1,0,,2020-05-03
Zabul Province,10,0,3,,2020-05-03
Badakhshan Province,2,0,1,,2020-05-02
Badghis Province,18,0,2,,2020-05-02
Baghlan Province,44,2,4,,2020-05-02
Balkh Province,191,11,5,,2020-05-02
Bamyan Province,11,0,6,,2020-05-02
Daykundi Province,9,1,5,,2020-05-02
Farah Province,9,0,6,,2020-05-02
Faryab Province,9,0,1,,2020-05-02
Ghazni Province,64,3,4,,2020-05-02
Ghor Province,13,0,2,,2020-05-02
Helmand Province,25,0,8,,2020-05-02
Herat Province,522,13,133,,2020-05-02
Jowzjan Province,32,1,0,,2020-05-02
Kabul Province,692,15,106,,2020-05-02
Kandahar Province,314,7,7,,2020-05-02
Kapisa Province,15,0,2,,2020-05-02
Khost Province,6,0,0,,2020-05-02
Kunar Province,21,0,1,,2020-05-02
Kunduz Province,37,0,5,,2020-05-02
Laghman Province,39,0,1,,2020-05-02
Logar Province,44,1,6,,2020-05-02
Nangarhar Province,57,8,3,,2020-05-02
Nimruz Province,52,0,5,,2020-05-02
Paktia Province,55,1,6,,2020-05-02
Paktika Province,14,1,1,,2020-05-02
Panjshir Province,24,0,0,,2020-05-02
Parwan Province,7,0,0,,2020-05-02
Samangan Province,26,0,6,,2020-05-02
Sar-e Pol Province,7,1,0,,2020-05-02
Takhar Province,46,4,1,,2020-05-02
Urozgan Province,3,0,0,,2020-05-02
Wardak Province,13,1,0,,2020-05-02
Zabul Province,10,0,3,,2020-05-02
Badakhshan Province,2,0,1,,2020-05-01
Badghis Province,14,0,2,,2020-05-01
Baghlan Province,27,2,3,,2020-05-01
Balkh Province,169,8,3,,2020-05-01
Bamyan Province,7,0,5,,2020-05-01
Daykundi Province,9,1,5,,2020-05-01
Farah Province,9,0,6,,2020-05-01
Faryab Province,9,0,1,,2020-05-01
Ghazni Province,54,3,3,,2020-05-01
Ghor Province,10,0,1,,2020-05-01
Helmand Province,24,0,0,,2020-05-01
Herat Province,475,12,110,,2020-05-01
Jowzjan Province,10,1,0,,2020-05-01
Kabul Province,573,15,75,,2020-05-01
Kandahar Province,299,7,7,,2020-05-01
Kapisa Province,10,0,2,,2020-05-01
Khost Province,6,0,0,,2020-05-01
Kunar Province,21,0,1,,2020-05-01
Kunduz Province,37,0,5,,2020-05-01
Laghman Province,36,0,1,,2020-05-01
Logar Province,39,1,2,,2020-05-01
Nangarhar Province,41,5,2,,2020-05-01
Nimruz Province,52,0,5,,2020-05-01
Paktia Province,55,1,6,,2020-05-01
Paktika Province,14,1,1,,2020-05-01
Panjshir Province,24,0,0,,2020-05-01
Parwan Province,6,0,0,,2020-05-01
Samangan Province,26,0,6,,2020-05-01
Sar-e Pol Province,7,1,0,,2020-05-01
Takhar Province,42,4,1,,2020-05-01
Urozgan Province,3,0,0,,2020-05-01
Wardak Province,10,1,0,,2020-05-01
Zabul Province,8,0,2,,2020-05-01
Badakhshan Province,2,0,1,,2020-04-30
Badghis Province,14,0,2,,2020-04-30
Baghlan Province,27,2,3,,2020-04-30
Balkh Province,169,8,3,,2020-04-30
Bamyan Province,7,0,5,,2020-04-30
Daykundi Province,9,1,5,,2020-04-30
Farah Province,9,0,6,,2020-04-30
Faryab Province,9,0,1,,2020-04-30
Ghazni Province,54,3,3,,2020-04-30
Ghor Province,10,0,1,,2020-04-30
Helmand Province,24,0,0,,2020-04-30
Herat Province,475,12,110,,2020-04-30
Jowzjan Province,10,1,0,,2020-04-30
Kabul Province,573,15,75,,2020-04-30
Kandahar Province,299,7,7,,2020-04-30
Kapisa Province,10,0,2,,2020-04-30
Khost Province,6,0,0,,2020-04-30
Kunar Province,21,0,1,,2020-04-30
Kunduz Province,37,0,5,,2020-04-30
Laghman Province,36,0,1,,2020-04-30
Logar Province,39,1,2,,2020-04-30
Nangarhar Province,41,5,2,,2020-04-30
Nimruz Province,52,0,5,,2020-04-30
Paktia Province,55,1,6,,2020-04-30
Paktika Province,14,1,1,,2020-04-30
Panjshir Province,24,0,0,,2020-04-30
Parwan Province,6,0,0,,2020-04-30
Samangan Province,26,0,6,,2020-04-30
Sar-e Pol Province,7,1,0,,2020-04-30
Takhar Province,42,4,1,,2020-04-30
Urozgan Province,3,0,0,,2020-04-30
Wardak Province,10,1,0,,2020-04-30
Zabul Province,8,0,2,,2020-04-30
Badakhshan Province,2,0,1,,2020-04-29
Badghis Province,10,0,2,,2020-04-29
Baghlan Province,22,2,2,,2020-04-29
Balkh Province,128,8,3,,2020-04-29
Bamyan Province,7,0,2,,2020-04-29
Daykundi Province,9,1,1,,2020-04-29
Farah Province,9,0,6,,2020-04-29
Faryab Province,8,0,1,,2020-04-29
Ghazni Province,36,3,3,,2020-04-29
Ghor Province,10,0,1,,2020-04-29
Helmand Province,22,0,0,,2020-04-29
Herat Province,441,13,110,,2020-04-29
Jowzjan Province,10,1,0,,2020-04-29
Kabul Province,553,14,71,,2020-04-29
Kandahar Province,239,6,9,,2020-04-29
Kapisa Province,10,0,2,,2020-04-29
Khost Province,6,0,0,,2020-04-29
Kunar Province,21,2,0,,2020-04-29
Kunduz Province,30,0,1,,2020-04-29
Laghman Province,28,0,0,,2020-04-29
Logar Province,29,1,2,,2020-04-29
Nangarhar Province,41,5,2,,2020-04-29
Nimruz Province,52,0,5,,2020-04-29
Paktia Province,55,1,6,,2020-04-29
Paktika Province,19,1,1,,2020-04-29
Panjshir Province,15,0,0,,2020-04-29
Parwan Province,4,0,0,,2020-04-29
Samangan Province,16,0,6,,2020-04-29
Sar-e Pol Province,6,1,0,,2020-04-29
Takhar Province,31,2,1,,2020-04-29
Urozgan Province,3,0,0,,2020-04-29
Wardak Province,7,0,0,,2020-04-29
Zabul Province,8,0,2,,2020-04-29
Badakhshan Province,2,0,1,,2020-04-28
Badghis Province,10,0,2,,2020-04-28
Baghlan Province,22,2,2,,2020-04-28
Balkh Province,128,8,3,,2020-04-28
Bamyan Province,7,0,2,,2020-04-28
Daykundi Province,9,1,1,,2020-04-28
Farah Province,9,0,6,,2020-04-28
Faryab Province,8,0,1,,2020-04-28
Ghazni Province,36,3,3,,2020-04-28
Ghor Province,10,0,1,,2020-04-28
Helmand Province,22,0,0,,2020-04-28
Herat Province,441,10,110,,2020-04-28
Jowzjan Province,10,1,0,,2020-04-28
Kabul Province,494,14,60,,2020-04-28
Kandahar Province,239,6,9,,2020-04-28
Kapisa Province,10,0,2,,2020-04-28
Khost Province,6,0,0,,2020-04-28
Kunar Province,21,2,0,,2020-04-28
Kunduz Province,30,0,1,,2020-04-28
Laghman Province,28,0,0,,2020-04-28
Logar Province,29,1,2,,2020-04-28
Nangarhar Province,41,5,2,,2020-04-28
Nimruz Province,52,0,5,,2020-04-28
Paktia Province,55,1,6,,2020-04-28
Paktika Province,19,1,1,,2020-04-28
Panjshir Province,15,0,0,,2020-04-28
Parwan Province,4,0,0,,2020-04-28
Samangan Province,16,0,6,,2020-04-28
Sar-e Pol Province,6,0,1,,2020-04-28
Takhar Province,31,2,1,,2020-04-28
Urozgan Province,3,0,0,,2020-04-28
Wardak Province,7,0,0,,2020-04-28
Zabul Province,8,0,2,,2020-04-28
Badakhshan Province,1,0,1,,2020-04-27
Badghis Province,9,0,0,,2020-04-27
Baghlan Province,22,2,2,,2020-04-27
Balkh Province,91,6,3,,2020-04-27
Bamyan Province,10,0,2,,2020-04-27
Daykundi Province,9,1,1,,2020-04-27
Farah Province,10,0,6,,2020-04-27
Faryab Province,9,0,1,,2020-04-27
Ghazni Province,32,4,3,,2020-04-27
Ghor Province,10,0,1,,2020-04-27
Helmand Province,24,0,0,,2020-04-27
Herat Province,456,10,102,,2020-04-27
Jowzjan Province,11,1,0,,2020-04-27
Kabul Province,507,14,45,,2020-04-27
Kandahar Province,245,5,6,,2020-04-27
Kapisa Province,13,0,2,,2020-04-27
Khost Province,6,0,0,,2020-04-27
Kunar Province,23,1,0,,2020-04-27
Kunduz Province,30,0,1,,2020-04-27
Laghman Province,23,0,0,,2020-04-27
Logar Province,19,1,2,,2020-04-27
Nangarhar Province,36,2,0,,2020-04-27
Nimruz Province,53,0,5,,2020-04-27
Paktia Province,55,1,0,,2020-04-27
Paktika Province,11,1,0,,2020-04-27
Panjshir Province,8,0,0,,2020-04-27
Parwan Province,5,0,0,,2020-04-27
Samangan Province,17,0,6,,2020-04-27
Sar-e Pol Province,6,0,0,,2020-04-27
Takhar Province,21,2,0,,2020-04-27
Urozgan Province,3,0,0,,2020-04-27
Wardak Province,6,0,0,,2020-04-27
Zabul Province,10,0,2,,2020-04-27
Badakhshan Province,1,0,1,,2020-04-26
Badghis Province,3,0,0,,2020-04-26
Baghlan Province,13,2,2,,2020-04-26
Balkh Province,76,6,3,,2020-04-26
Bamyan Province,10,0,2,,2020-04-26
Daykundi Province,9,1,1,,2020-04-26
Farah Province,10,0,6,,2020-04-26
Faryab Province,5,0,1,,2020-04-26
Ghazni Province,19,2,3,,2020-04-26
Ghor Province,5,0,1,,2020-04-26
Helmand Province,22,0,0,,2020-04-26
Herat Province,390,8,97,,2020-04-26
Jowzjan Province,11,1,0,,2020-04-26
Kabul Province,474,14,45,,2020-04-26
Kandahar Province,224,5,6,,2020-04-26
Kapisa Province,13,0,2,,2020-04-26
Kunar Province,22,1,0,,2020-04-26
Kunduz Province,23,0,1,,2020-04-26
Laghman Province,20,0,0,,2020-04-26
Logar Province,19,1,2,,2020-04-26
Nangarhar Province,32,2,0,,2020-04-26
Nimruz Province,53,0,5,,2020-04-26
Paktia Province,35,1,0,,2020-04-26
Paktika Province,2,1,0,,2020-04-26
Panjshir Province,7,0,0,,2020-04-26
Parwan Province,5,0,0,,2020-04-26
Samangan Province,13,0,6,,2020-04-26
Sar-e Pol Province,1,0,0,,2020-04-26
Takhar Province,21,2,0,,2020-04-26
Urozgan Province,3,0,0,,2020-04-26
Wardak Province,6,0,0,,2020-04-26
Zabul Province,10,0,2,,2020-04-26
Badakhshan Province,1,0,1,,2020-04-25
Badghis Province,3,0,0,,2020-04-25
Baghlan Province,13,2,2,,2020-04-25
Balkh Province,76,6,3,,2020-04-25
Bamyan Province,10,0,2,,2020-04-25
Daykundi Province,9,1,1,,2020-04-25
Farah Province,10,0,6,,2020-04-25
Faryab Province,5,0,1,,2020-04-25
Ghazni Province,19,2,3,,2020-04-25
Ghor Province,5,0,1,,2020-04-25
Helmand Province,22,0,0,,2020-04-25
Herat Province,386,7,100,,2020-04-25
Jowzjan Province,11,1,0,,2020-04-25
Kabul Province,474,14,45,,2020-04-25
Kandahar Province,225,4,6,,2020-04-25
Kapisa Province,13,0,2,,2020-04-25
Kunar Province,19,1,0,,2020-04-25
Kunduz Province,24,0,1,,2020-04-25
Laghman Province,19,0,0,,2020-04-25
Logar Province,19,1,2,,2020-04-25
Nangarhar Province,28,2,0,,2020-04-25
Nimruz Province,53,0,5,,2020-04-25
Paktia Province,35,1,0,,2020-04-25
Paktika Province,2,1,0,,2020-04-25
Panjshir Province,7,0,0,,2020-04-25
Parwan Province,5,0,0,,2020-04-25
Samangan Province,13,0,6,,2020-04-25
Sar-e Pol Province,1,0,0,,2020-04-25
Takhar Province,21,2,0,,2020-04-25
Urozgan Province,3,0,0,,2020-04-25
Wardak Province,6,0,0,,2020-04-25
Zabul Province,10,0,2,,2020-04-25
Badakhshan Province,1,0,1,,2020-04-24
Badghis Province,3,0,0,,2020-04-24
Baghlan Province,12,2,2,,2020-04-24
Balkh Province,55,6,3,,2020-04-24
Bamyan Province,8,0,2,,2020-04-24
Daykundi Province,8,1,1,,2020-04-24
Farah Province,8,0,6,,2020-04-24
Faryab Province,5,0,1,,2020-04-24
Ghazni Province,17,1,3,,2020-04-24
Ghor Province,4,0,1,,2020-04-24
Helmand Province,21,0,0,,2020-04-24
Herat Province,363,7,95,,2020-04-24
Jowzjan Province,11,1,0,,2020-04-24
Kabul Province,447,14,45,,2020-04-24
Kandahar Province,205,3,2,,2020-04-24
Kapisa Province,10,0,2,,2020-04-24
Kunar Province,19,0,0,,2020-04-24
Kunduz Province,24,0,1,,2020-04-24
Laghman Province,19,0,0,,2020-04-24
Logar Province,16,1,2,,2020-04-24
Nangarhar Province,27,2,0,,2020-04-24
Nimruz Province,45,0,5,,2020-04-24
Paktia Province,19,0,0,,2020-04-24
Paktika Province,2,0,0,,2020-04-24
Panjshir Province,7,0,0,,2020-04-24
Parwan Province,3,0,0,,2020-04-24
Samangan Province,8,0,6,,2020-04-24
Sar-e Pol Province,1,0,0,,2020-04-24
Takhar Province,8,2,0,,2020-04-24
Urozgan Province,1,0,0,,2020-04-24
Wardak Province,6,0,0,,2020-04-24
Zabul Province,7,0,2,,2020-04-24
Badakhshan Province,1,0,0,,2020-04-23
Badghis Province,2,0,0,,2020-04-23
Baghlan Province,10,0,0,,2020-04-23
Balkh Province,47,6,2,,2020-04-23
Bamyan Province,7,0,0,,2020-04-23
Daykundi Province,7,1,0,,2020-04-23
Farah Province,7,0,0,,2020-04-23
Faryab Province,5,0,0,,2020-04-23
Ghazni Province,14,0,0,,2020-04-23
Ghor Province,4,0,1,,2020-04-23
Helmand Province,17,0,0,,2020-04-23
Herat Province,350,4,48,,2020-04-23
Jowzjan Province,11,1,0,,2020-04-23
Kabul Province,416,9,11,,2020-04-23
Kandahar Province,130,1,1,,2020-04-23
Kapisa Province,10,0,0,,2020-04-23
Kunar Province,19,0,0,,2020-04-23
Kunduz Province,24,0,0,,2020-04-23
Laghman Province,19,0,0,,2020-04-23
Logar Province,15,0,0,,2020-04-23
Nangarhar Province,27,2,0,,2020-04-23
Nimruz Province,45,0,0,,2020-04-23
Paktia Province,18,0,0,,2020-04-23
Panjshir Province,2,0,0,,2020-04-23
Parwan Province,3,0,0,,2020-04-23
Samangan Province,8,0,0,,2020-04-23
Sar-e Pol Province,1,0,0,,2020-04-23
Takhar Province,7,1,0,,2020-04-23
Urozgan Province,1,0,0,,2020-04-23
Wardak Province,6,0,0,,2020-04-23
Zabul Province,5,0,0,,2020-04-23
Badakhshan Province,1,0,0,,2020-04-22
Badghis Province,2,0,0,,2020-04-22
Baghlan Province,10,0,0,,2020-04-22
Balkh Province,47,6,2,,2020-04-22
Bamyan Province,7,0,0,,2020-04-22
Daykundi Province,7,1,0,,2020-04-22
Farah Province,7,0,0,,2020-04-22
Faryab Province,5,0,0,,2020-04-22
Ghazni Province,12,0,0,,2020-04-22
Ghor Province,4,0,1,,2020-04-22
Helmand Province,13,0,0,,2020-04-22
Herat Province,326,4,48,,2020-04-22
Jowzjan Province,1,1,0,,2020-04-22
Kabul Province,410,9,11,,2020-04-22
Kandahar Province,108,1,1,,2020-04-22
Kapisa Province,6,0,0,,2020-04-22
Kunar Province,16,0,0,,2020-04-22
Kunduz Province,9,0,0,,2020-04-22
Laghman Province,19,0,0,,2020-04-22
Logar Province,11,0,0,,2020-04-22
Nangarhar Province,21,2,0,,2020-04-22
Nimruz Province,35,0,0,,2020-04-22
Paktia Province,18,0,0,,2020-04-22
Parwan Province,2,0,0,,2020-04-22
Samangan Province,8,0,0,,2020-04-22
Sar-e Pol Province,1,0,0,,2020-04-22
Takhar Province,6,1,0,,2020-04-22
Urozgan Province,1,0,0,,2020-04-22
Wardak Province,6,0,0,,2020-04-22
Zabul Province,3,0,0,,2020-04-22
Badakhshan Province,1,0,0,,2020-04-21
Badghis Province,2,0,0,,2020-04-21
Baghlan Province,10,0,0,,2020-04-21
Balkh Province,47,6,2,,2020-04-21
Bamyan Province,6,0,0,,2020-04-21
Daykundi Province,7,1,0,,2020-04-21
Farah Province,6,0,0,,2020-04-21
Faryab Province,5,0,0,,2020-04-21
Ghazni Province,10,0,0,,2020-04-21
Ghor Province,4,0,1,,2020-04-21
Helmand Province,13,0,0,,2020-04-21
Herat Province,323,4,48,,2020-04-21
Jowzjan Province,1,1,0,,2020-04-21
Kabul Province,382,9,11,,2020-04-21
Kandahar Province,108,1,1,,2020-04-21
Kapisa Province,2,0,0,,2020-04-21
Kunar Province,13,0,0,,2020-04-21
Kunduz Province,9,0,0,,2020-04-21
Laghman Province,18,0,0,,2020-04-21
Logar Province,11,0,0,,2020-04-21
Nangarhar Province,15,2,0,,2020-04-21
Nimruz Province,35,0,0,,2020-04-21
Paktia Province,17,0,0,,2020-04-21
Parwan Province,1,0,0,,2020-04-21
Samangan Province,8,0,0,,2020-04-21
Sar-e Pol Province,1,0,0,,2020-04-21
Takhar Province,6,1,0,,2020-04-21
Urozgan Province,1,0,0,,2020-04-21
Wardak Province,6,0,0,,2020-04-21
Zabul Province,3,0,0,,2020-04-21
Badakhshan Province,1,0,0,,2020-04-19
Badghis Province,2,0,0,,2020-04-19
Baghlan Province,6,0,0,,2020-04-19
Balkh Province,47,6,2,,2020-04-19
Bamyan Province,6,0,0,,2020-04-19
Daykundi Province,7,1,0,,2020-04-19
Farah Province,6,0,0,,2020-04-19
Faryab Province,5,0,0,,2020-04-19
Ghazni Province,10,0,0,,2020-04-19
Ghor Province,4,0,1,,2020-04-19
Helmand Province,13,0,0,,2020-04-19
Herat Province,317,4,48,,2020-04-19
Jowzjan Province,1,0,0,,2020-04-19
Kabul Province,315,6,11,,2020-04-19
Kandahar Province,108,0,1,,2020-04-19
Kapisa Province,2,0,0,,2020-04-19
Kunar Province,9,0,0,,2020-04-19
Kunduz Province,9,0,0,,2020-04-19
Laghman Province,4,0,0,,2020-04-19
Logar Province,11,0,0,,2020-04-19
Nangarhar Province,10,2,0,,2020-04-19
Nimruz Province,35,0,0,,2020-04-19
Paktia Province,16,0,0,,2020-04-19
Parwan Province,1,0,0,,2020-04-19
Samangan Province,8,0,0,,2020-04-19
Sar-e Pol Province,1,0,0,,2020-04-19
Takhar Province,6,1,0,,2020-04-19
Urozgan Province,1,0,0,,2020-04-19
Wardak Province,6,0,0,,2020-04-19
Zabul Province,3,0,0,,2020-04-19
Badakhshan Province,1,0,0,,2020-04-18
Badghis Province,2,0,0,,2020-04-18
Baghlan Province,3,0,0,,2020-04-18
Balkh Province,31,6,2,,2020-04-18
Bamyan Province,6,0,0,,2020-04-18
Daykundi Province,7,1,0,,2020-04-18
Farah Province,6,0,0,,2020-04-18
Faryab Province,4,0,0,,2020-04-18
Ghazni Province,10,0,0,,2020-04-18
Ghor Province,4,0,1,,2020-04-18
Helmand Province,13,0,0,,2020-04-18
Herat Province,313,4,48,,2020-04-18
Kabul Province,315,6,11,,2020-04-18
Kandahar Province,108,0,1,,2020-04-18
Kapisa Province,2,0,0,,2020-04-18
Kunar Province,3,0,0,,2020-04-18
Kunduz Province,9,0,0,,2020-04-18
Laghman Province,3,0,0,,2020-04-18
Logar Province,11,0,0,,2020-04-18
Nangarhar Province,10,2,0,,2020-04-18
Nimruz Province,35,0,0,,2020-04-18
Paktia Province,16,0,0,,2020-04-18
Parwan Province,1,0,0,,2020-04-18
Samangan Province,8,0,0,,2020-04-18
Sar-e Pol Province,1,0,0,,2020-04-18
Takhar Province,6,1,0,,2020-04-18
Urozgan Province,1,0,0,,2020-04-18
Wardak Province,6,0,0,,2020-04-18
Zabul Province,3,0,0,,2020-04-18
Badakhshan Province,1,0,0,,2020-04-17
Badghis Province,2,0,0,,2020-04-17
Baghlan Province,3,0,0,,2020-04-17
Balkh Province,31,5,2,,2020-04-17
Bamyan Province,5,0,0,,2020-04-17
Daykundi Province,6,1,0,,2020-04-17
Farah Province,6,0,0,,2020-04-17
Faryab Province,4,0,0,,2020-04-17
Ghazni Province,10,0,0,,2020-04-17
Ghor Province,4,0,1,,2020-04-17
Helmand Province,13,0,0,,2020-04-17
Herat Province,311,4,48,,2020-04-17
Kabul Province,272,6,11,,2020-04-17
Kandahar Province,108,0,1,,2020-04-17
Kapisa Province,2,0,0,,2020-04-17
Kunar Province,3,0,0,,2020-04-17
Kunduz Province,9,0,0,,2020-04-17
Laghman Province,3,0,0,,2020-04-17
Logar Province,7,0,0,,2020-04-17
Nangarhar Province,10,2,0,,2020-04-17
Nimruz Province,35,0,0,,2020-04-17
Paktia Province,9,0,0,,2020-04-17
Parwan Province,1,0,0,,2020-04-17
Samangan Province,8,0,0,,2020-04-17
Sar-e Pol Province,1,0,0,,2020-04-17
Takhar Province,6,1,0,,2020-04-17
Urozgan Province,1,0,0,,2020-04-17
Wardak Province,6,0,0,,2020-04-17
Zabul Province,3,0,0,,2020-04-17
Badakhshan Province,1,0,0,,2020-04-16
Badghis Province,2,0,0,,2020-04-16
Baghlan Province,3,0,0,,2020-04-16
Balkh Province,25,4,1,,2020-04-16
Bamyan Province,5,0,0,,2020-04-16
Daykundi Province,6,1,0,,2020-04-16
Farah Province,6,0,0,,2020-04-16
Faryab Province,4,0,0,,2020-04-16
Ghazni Province,10,0,0,,2020-04-16
Ghor Province,4,0,0,,2020-04-16
Helmand Province,9,0,0,,2020-04-16
Herat Province,306,4,5,,2020-04-16
Kabul Province,209,6,11,,2020-04-16
Kandahar Province,93,0,0,,2020-04-16
Kapisa Province,2,0,0,,2020-04-16
Kunar Province,2,0,0,,2020-04-16
Kunduz Province,4,0,0,,2020-04-16
Logar Province,7,0,0,,2020-04-16
Nangarhar Province,9,2,0,,2020-04-16
Nimruz Province,35,0,0,,2020-04-16
Paktia Province,9,0,0,,2020-04-16
Parwan Province,1,0,0,,2020-04-16
Samangan Province,8,0,0,,2020-04-16
Sar-e Pol Province,1,0,0,,2020-04-16
Takhar Province,6,1,0,,2020-04-16
Urozgan Province,1,0,0,,2020-04-16
Wardak Province,6,0,0,,2020-04-16
Zabul Province,3,0,0,,2020-04-16
Balkh Province,25,4,1,,2020-04-14
Bamyan Province,5,0,0,,2020-04-14
Daykundi Province,6,1,0,,2020-04-14
Farah Province,6,0,0,,2020-04-14
Faryab Province,3,0,0,,2020-04-14
Ghazni Province,7,0,0,,2020-04-14
Ghor Province,4,0,0,,2020-04-14
Helmand Province,9,0,0,,2020-04-14
Herat Province,284,4,5,,2020-04-14
Kabul Province,164,5,0,,2020-04-14
Kandahar Province,90,0,0,,2020-04-14
Kapisa Province,2,0,0,,2020-04-14
Kunduz Province,4,0,0,,2020-04-14
Logar Province,7,0,0,,2020-04-14
Nangarhar Province,7,2,0,,2020-04-14
Nimruz Province,33,0,0,,2020-04-14
Paktia Province,9,0,0,,2020-04-14
Parwan Province,1,0,0,,2020-04-14
Samangan Province,8,0,0,,2020-04-14
Sar-e Pol Province,1,0,0,,2020-04-14
Takhar Province,6,1,0,,2020-04-14
Wardak Province,4,0,0,,2020-04-14
Zabul Province,3,0,0,,2020-04-14
Badghis Province,2,0,0,,2020-04-13
Baghlan Province,2,0,0,,2020-04-13
Balkh Province,19,4,1,,2020-04-13
Bamyan Province,5,0,0,,2020-04-13
Daykundi Province,6,1,0,,2020-04-13
Farah Province,6,0,0,,2020-04-13
Faryab Province,3,0,0,,2020-04-13
Ghazni Province,3,0,0,,2020-04-13
Ghor Province,4,0,0,,2020-04-13
Helmand Province,9,0,0,,2020-04-13
Herat Province,280,4,5,,2020-04-13
Kabul Province,146,5,0,,2020-04-13
Kandahar Province,75,0,0,,2020-04-13
Kapisa Province,2,0,0,,2020-04-13
Kunduz Province,4,0,0,,2020-04-13
Logar Province,7,0,0,,2020-04-13
Nangarhar Province,5,2,0,,2020-04-13
Nimruz Province,33,0,0,,2020-04-13
Paktia Province,9,0,0,,2020-04-13
Parwan Province,1,0,0,,2020-04-13
Samangan Province,8,0,0,,2020-04-13
Sar-e Pol Province,1,0,0,,2020-04-13
Takhar Province,6,1,0,,2020-04-13
Wardak Province,4,0,0,,2020-04-13
Zabul Province,3,0,0,,2020-04-13
Badghis Province,2,0,0,,2020-04-12
Baghlan Province,2,0,0,,2020-04-12
Balkh Province,19,4,1,,2020-04-12
Bamyan Province,5,0,0,,2020-04-12
Daykundi Province,6,1,0,,2020-04-12
Farah Province,6,0,0,,2020-04-12
Faryab Province,3,0,0,,2020-04-12
Ghazni Province,3,0,0,,2020-04-12
Ghor Province,4,0,0,,2020-04-12
Helmand Province,1,0,0,,2020-04-12
Herat Province,280,4,5,,2020-04-12
Kabul Province,133,5,0,,2020-04-12
Kandahar Province,45,0,0,,2020-04-12
Kapisa Province,2,0,0,,2020-04-12
Kunduz Province,3,0,0,,2020-04-12
Logar Province,7,0,0,,2020-04-12
Nangarhar Province,5,2,0,,2020-04-12
Nimruz Province,27,0,0,,2020-04-12
Paktia Province,9,0,0,,2020-04-12
Parwan Province,1,0,0,,2020-04-12
Samangan Province,8,0,0,,2020-04-12
Sar-e Pol Province,1,0,0,,2020-04-12
Takhar Province,3,1,0,,2020-04-12
Wardak Province,4,0,0,,2020-04-12
Zabul Province,3,0,0,,2020-04-12
Badakhshan Province,1,0,0,,2020-04-11
Badghis Province,1,0,0,,2020-04-11
Baghlan Province,1,0,0,,2020-04-11
Balkh Province,13,4,1,,2020-04-11
Bamyan Province,3,0,0,,2020-04-11
Daykundi Province,6,1,0,,2020-04-11
Farah Province,6,0,0,,2020-04-11
Faryab Province,3,0,0,,2020-04-11
Ghazni Province,3,0,0,,2020-04-11
Ghor Province,3,0,0,,2020-04-11
Helmand Province,,0,0,,2020-04-11
Herat Province,265,4,5,,2020-04-11
Kabul Province,97,3,0,,2020-04-11
Kandahar Province,32,0,0,,2020-04-11
Kapisa Province,2,0,0,,2020-04-11
Kunduz Province,3,0,0,,2020-04-11
Logar Province,7,0,0,,2020-04-11
Nangarhar Province,4,2,0,,2020-04-11
Nimruz Province,23,0,0,,2020-04-11
Paktia Province,8,0,0,,2020-04-11
Parwan Province,1,0,0,,2020-04-11
Samangan Province,8,0,0,,2020-04-11
Sar-e Pol Province,1,0,0,,2020-04-11
Takhar Province,3,1,0,,2020-04-11
Wardak Province,,0,0,,2020-04-11
Zabul Province,3,0,0,,2020-04-11
Badakhshan Province,1,0,0,,2020-04-09
Badghis Province,1,0,0,,2020-04-09
Baghlan Province,1,0,0,,2020-04-09
Balkh Province,13,4,1,,2020-04-09
Bamyan Province,2,0,0,,2020-04-09
Daykundi Province,4,1,0,,2020-04-09
Farah Province,6,0,0,,2020-04-09
Faryab Province,3,0,0,,2020-04-09
Ghazni Province,3,0,0,,2020-04-09
Ghor Province,3,0,0,,2020-04-09
Helmand Province,,0,0,,2020-04-09
Herat Province,257,4,5,,2020-04-09
Kabul Province,81,3,0,,2020-04-09
Kandahar Province,30,0,0,,2020-04-09
Kapisa Province,2,0,0,,2020-04-09
Kunduz Province,3,0,0,,2020-04-09
Logar Province,5,0,0,,2020-04-09
Nangarhar Province,4,2,0,,2020-04-09
Nimruz Province,23,0,0,,2020-04-09
Paktia Province,8,0,0,,2020-04-09
Samangan Province,8,0,0,,2020-04-09
Sar-e Pol Province,1,0,0,,2020-04-09
Takhar Province,1,1,0,,2020-04-09
Wardak Province,,0,0,,2020-04-09
Zabul Province,3,0,0,,2020-04-09
Badakhshan Province,1,0,0,,2020-04-08
Badghis Province,1,0,0,,2020-04-08
Baghlan Province,1,0,0,,2020-04-08
Balkh Province,11,1,1,,2020-04-08
Daykundi Province,4,0,0,,2020-04-08
Farah Province,6,0,0,,2020-04-08
Faryab Province,3,0,0,,2020-04-08
Ghazni Province,3,0,0,,2020-04-08
Ghor Province,3,0,0,,2020-04-08
Herat Province,259,4,5,,2020-04-08
Kabul Province,71,2,0,,2020-04-08
Kandahar Province,23,0,0,,2020-04-08
Kapisa Province,2,0,0,,2020-04-08
Kunduz Province,3,0,0,,2020-04-08
Logar Province,4,0,0,,2020-04-08
Nangarhar Province,4,0,0,,2020-04-08
Nimruz Province,9,0,0,,2020-04-08
Paktia Province,4,0,0,,2020-04-08
Samangan Province,8,0,0,,2020-04-08
Sar-e Pol Province,1,0,0,,2020-04-08
Takhar Province,1,0,0,,2020-04-08
Zabul Province,3,0,0,,2020-04-08
Badakhshan Province,1,0,0,,2020-04-07
Badghis Province,1,0,0,,2020-04-07
Baghlan Province,1,0,0,,2020-04-07
Balkh Province,11,1,1,,2020-04-07
Daykundi Province,4,0,0,,2020-04-07
Farah Province,6,0,0,,2020-04-07
Faryab Province,3,0,0,,2020-04-07
Ghazni Province,3,0,0,,2020-04-07
Ghor Province,3,0,0,,2020-04-07
Herat Province,259,4,5,,2020-04-07
Kabul Province,71,1,0,,2020-04-07
Kandahar Province,21,0,0,,2020-04-07
Kapisa Province,2,0,0,,2020-04-07
Kunduz Province,3,0,0,,2020-04-07
Logar Province,4,0,0,,2020-04-07
Nangarhar Province,4,0,0,,2020-04-07
Nimruz Province,9,0,0,,2020-04-07
Paktia Province,4,0,0,,2020-04-07
Samangan Province,8,0,0,,2020-04-07
Sar-e Pol Province,1,0,0,,2020-04-07
Takhar Province,1,0,0,,2020-04-07
Zabul Province,3,0,0,,2020-04-07
Badakhshan Province,1,0,0,,2020-04-06
Badghis Province,1,0,0,,2020-04-06
Baghlan Province,1,0,0,,2020-04-06
Balkh Province,6,1,1,,2020-04-06
Daykundi Province,4,0,0,,2020-04-06
Farah Province,6,0,0,,2020-04-06
Faryab Province,3,0,0,,2020-04-06
Ghazni Province,3,0,0,,2020-04-06
Ghor Province,3,0,0,,2020-04-06
Herat Province,232,4,5,,2020-04-06
Kabul Province,59,0,0,,2020-04-06
Kandahar Province,11,0,0,,2020-04-06
Kapisa Province,2,0,0,,2020-04-06
Kunduz Province,3,0,0,,2020-04-06
Logar Province,4,0,0,,2020-04-06
Nangarhar Province,2,0,0,,2020-04-06
Nimruz Province,9,0,0,,2020-04-06
Paktia Province,4,0,0,,2020-04-06
Samangan Province,8,0,0,,2020-04-06
Sar-e Pol Province,1,0,0,,2020-04-06
Takhar Province,1,0,0,,2020-04-06
Zabul Province,3,0,0,,2020-04-06
Badakhshan Province,1,0,0,,2020-04-05
Badghis Province,1,0,0,,2020-04-05
Baghlan Province,1,0,0,,2020-04-05
Balkh Province,6,1,1,,2020-04-05
Daykundi Province,4,0,0,,2020-04-05
Farah Province,6,0,0,,2020-04-05
Faryab Province,3,0,0,,2020-04-05
Ghazni Province,3,0,0,,2020-04-05
Ghor Province,3,0,0,,2020-04-05
Herat Province,232,4,5,,2020-04-05
Kabul Province,59,0,0,,2020-04-05
Kandahar Province,11,0,0,,2020-04-05
Kapisa Province,2,0,0,,2020-04-05
Kunduz Province,3,0,0,,2020-04-05
Logar Province,4,0,0,,2020-04-05
Nangarhar Province,2,0,0,,2020-04-05
Nimruz Province,9,0,0,,2020-04-05
Paktia Province,4,0,0,,2020-04-05
Samangan Province,8,0,0,,2020-04-05
Sar-e Pol Province,1,0,0,,2020-04-05
Takhar Province,1,0,0,,2020-04-05
Zabul Province,3,0,0,,2020-04-05
Badakhshan Province,1,0,0,,2020-04-04
Badghis Province,1,0,0,,2020-04-04
Baghlan Province,1,0,0,,2020-04-04
Balkh Province,4,1,1,,2020-04-04
Daykundi Province,3,0,0,,2020-04-04
Farah Province,6,0,0,,2020-04-04
Faryab Province,1,0,0,,2020-04-04
Ghazni Province,3,0,0,,2020-04-04
Ghor Province,3,0,0,,2020-04-04
Herat Province,206,4,5,,2020-04-04
Kabul Province,43,0,0,,2020-04-04
Kandahar Province,3,0,0,,2020-04-04
Kapisa Province,1,0,0,,2020-04-04
Kunduz Province,1,0,0,,2020-04-04
Logar Province,4,0,0,,2020-04-04
Nangarhar Province,2,0,0,,2020-04-04
Nimruz Province,6,0,0,,2020-04-04
Paktia Province,1,0,0,,2020-04-04
Samangan Province,6,0,0,,2020-04-04
Sar-e Pol Province,1,0,0,,2020-04-04
Zabul Province,2,0,0,,2020-04-04
Badakhshan Province,1,0,0,,2020-04-03
Badghis Province,1,0,0,,2020-04-03
Baghlan Province,1,0,0,,2020-04-03
Balkh Province,3,1,0,,2020-04-03
Daykundi Province,3,0,0,,2020-04-03
Farah Province,6,0,0,,2020-04-03
Ghazni Province,2,0,0,,2020-04-03
Ghor Province,3,0,0,,2020-04-03
Herat Province,204,4,1,,2020-04-03
Kabul Province,32,0,0,,2020-04-03
Kandahar Province,3,0,0,,2020-04-03
Kapisa Province,1,0,0,,2020-04-03
Logar Province,3,0,0,,2020-04-03
Nangarhar Province,2,0,0,,2020-04-03
Nimruz Province,6,0,0,,2020-04-03
Paktia Province,1,0,0,,2020-04-03
Samangan Province,4,0,0,,2020-04-03
Sar-e Pol Province,1,0,0,,2020-04-03
Zabul Province,2,0,0,,2020-04-03
Badakhshan Province,1,0,0,,2020-04-01
Badghis Province,1,0,0,,2020-04-01
Baghlan Province,1,0,0,,2020-04-01
Balkh Province,3,1,0,,2020-04-01
Daykundi Province,3,0,0,,2020-04-01
Farah Province,6,0,0,,2020-04-01
Ghazni Province,2,0,0,,2020-04-01
Ghor Province,2,0,0,,2020-04-01
Herat Province,184,4,1,,2020-04-01
Kabul Province,23,0,0,,2020-04-01
Kandahar Province,3,0,0,,2020-04-01
Kapisa Province,1,0,0,,2020-04-01
Logar Province,3,0,0,,2020-04-01
Nangarhar Province,1,0,0,,2020-04-01
Nimruz Province,5,0,0,,2020-04-01
Paktia Province,1,0,0,,2020-04-01
Samangan Province,4,0,0,,2020-04-01
Sar-e Pol Province,1,0,0,,2020-04-01
Zabul Province,2,0,0,,2020-04-01
Badakhshan Province,1,0,0,,2020-03-31
Badghis Province,1,0,0,,2020-03-31
Baghlan Province,1,0,0,,2020-03-31
Balkh Province,3,1,0,,2020-03-31
Daykundi Province,2,0,0,,2020-03-31
Farah Province,6,0,0,,2020-03-31
Ghazni Province,2,0,0,,2020-03-31
Ghor Province,2,0,0,,2020-03-31
Herat Province,143,3,1,,2020-03-31
Kabul Province,16,0,0,,2020-03-31
Kandahar Province,3,0,0,,2020-03-31
Kapisa Province,1,0,0,,2020-03-31
Logar Province,3,0,0,,2020-03-31
Nangarhar Province,1,0,0,,2020-03-31
Nimruz Province,5,0,0,,2020-03-31
Paktia Province,1,0,0,,2020-03-31
Samangan Province,4,0,0,,2020-03-31
Sar-e Pol Province,1,0,0,,2020-03-31
Zabul Province,2,0,0,,2020-03-31
Badghis Province,1,0,0,1,2020-03-27
Balkh Province,2,1,0,1,2020-03-27
Daykundi Province,1,0,0,1,2020-03-27
Farah Province,5,0,0,5,2020-03-27
Ghazni Province,1,0,0,1,2020-03-27
Ghor Province,2,0,0,2,2020-03-27
Herat Province,72,3,1,68,2020-03-27
Kabul Province,7,0,0,7,2020-03-27
Kandahar Province,1,0,0,1,2020-03-27
Kapisa Province,1,0,0,1,2020-03-27
Logar Province,3,0,0,3,2020-03-27
Nimruz Province,3,0,0,3,2020-03-27
Samangan Province,4,0,0,4,2020-03-27
Zabul Province,2,0,0,2,2020-03-27
Badghis Province,1,0,0,1,2020-03-25
Balkh Province,2,1,0,1,2020-03-25
Daykundi Province,1,0,0,1,2020-03-25
Farah Province,2,0,0,2,2020-03-25
Ghazni Province,1,0,0,1,2020-03-25
Ghor Province,1,0,0,1,2020-03-25
Herat Province,61,3,1,57,2020-03-25
Kabul Province,7,0,0,7,2020-03-25
Kandahar Province,1,0,0,1,2020-03-25
Kapisa Province,1,0,0,1,2020-03-25
Logar Province,3,0,0,3,2020-03-25
Nimruz Province,3,0,0,3,2020-03-25
Samangan Province,4,0,0,4,2020-03-25
Zabul Province,2,0,0,2,2020-03-25
Badghis Province,1,0,0,1,2020-03-24
Balkh Province,2,1,0,1,2020-03-24
Daykundi Province,1,0,0,1,2020-03-24
Farah Province,2,0,0,2,2020-03-24
Ghazni Province,1,0,0,1,2020-03-24
Ghor Province,1,0,0,1,2020-03-24
Herat Province,54,1,1,53,2020-03-24
Kabul Province,2,0,0,2,2020-03-24
Kandahar Province,1,0,0,1,2020-03-24
Kapisa Province,1,0,0,1,2020-03-24
Logar Province,2,0,0,2,2020-03-24
Samangan Province,4,0,0,4,2020-03-24
Zabul Province,2,0,0,2,2020-03-24
Badghis Province,1,0,0,1,2020-03-23
Balkh Province,2,1,0,1,2020-03-23
Daykundi Province,1,0,0,1,2020-03-23
Farah Province,2,0,0,2,2020-03-23
Ghazni Province,1,0,0,1,2020-03-23
Ghor Province,1,0,0,1,2020-03-23
Herat Province,22,0,1,21,2020-03-23
Kabul Province,2,0,0,2,2020-03-23
Kandahar Province,1,0,0,1,2020-03-23
Kapisa Province,1,0,0,1,2020-03-23
Logar Province,2,0,0,2,2020-03-23
Samangan Province,4,0,0,4,2020-03-23
Zabul Province,2,0,0,2,2020-03-23
Badghis Province,1,0,0,1,2020-03-22
Balkh Province,2,1,0,1,2020-03-22
Daykundi Province,1,0,0,1,2020-03-22
Farah Province,2,0,0,2,2020-03-22
Ghazni Province,1,0,0,1,2020-03-22
Ghor Province,1,0,0,1,2020-03-22
Herat Province,22,0,1,21,2020-03-22
Kabul Province,2,0,0,2,2020-03-22
Kandahar Province,1,0,0,1,2020-03-22
Kapisa Province,1,0,0,1,2020-03-22
Logar Province,1,0,0,1,2020-03-22
Samangan Province,3,0,0,3,2020-03-22
Zabul Province,2,0,0,2,2020-03-22