Date,Country,Indicator,Value
2020-01-08,Wales,ConfirmedCases,0
2020-01-08,Wales,Tests,1
2020-01-09,Wales,ConfirmedCases,0
2020-01-09,Wales,Tests,1
2020-01-10,Wales,ConfirmedCases,0
2020-01-10,Wales,Tests,1
2020-01-11,Wales,ConfirmedCases,0
2020-01-11,Wales,Tests,1
2020-01-12,Wales,ConfirmedCases,0
2020-01-12,Wales,Tests,1
2020-01-13,Wales,ConfirmedCases,0
2020-01-13,Wales,Tests,1
2020-01-14,Wales,ConfirmedCases,0
2020-01-14,Wales,Tests,1
2020-01-15,Wales,ConfirmedCases,0
2020-01-15,Wales,Tests,1
2020-01-16,Northern Ireland,ConfirmedCases,0
2020-01-16,Northern Ireland,Tests,1
2020-01-16,Wales,ConfirmedCases,0
2020-01-16,Wales,Tests,1
2020-01-17,Wales,ConfirmedCases,0
2020-01-17,Wales,Tests,3
2020-01-18,Wales,ConfirmedCases,0
2020-01-18,Wales,Tests,3
2020-01-19,Wales,ConfirmedCases,0
2020-01-19,Wales,Tests,3
2020-01-20,Wales,ConfirmedCases,0
2020-01-20,Wales,Tests,4
2020-01-21,Wales,ConfirmedCases,0
2020-01-21,Wales,Tests,4
2020-01-22,Wales,ConfirmedCases,1
2020-01-22,Wales,Tests,5
2020-01-23,Wales,ConfirmedCases,1
2020-01-23,Wales,Tests,5
2020-01-24,Scotland,ConfirmedCases,0
2020-01-24,Scotland,Deaths,0
2020-01-24,Scotland,Tests,2
2020-01-24,Wales,ConfirmedCases,1
2020-01-24,Wales,Tests,5
2020-01-25,Scotland,ConfirmedCases,0
2020-01-25,Scotland,Deaths,0
2020-01-25,Scotland,Tests,5
2020-01-25,UK,ConfirmedCases,0
2020-01-25,UK,Deaths,0
2020-01-25,UK,Tests,31
2020-01-25,Wales,ConfirmedCases,1
2020-01-25,Wales,Tests,5
2020-01-26,Scotland,ConfirmedCases,0
2020-01-26,Scotland,Deaths,0
2020-01-26,Scotland,Tests,6
2020-01-26,UK,ConfirmedCases,0
2020-01-26,UK,Deaths,0
2020-01-26,UK,Tests,52
2020-01-26,Wales,ConfirmedCases,1
2020-01-26,Wales,Tests,5
2020-01-27,Northern Ireland,ConfirmedCases,0
2020-01-27,Northern Ireland,Tests,2
2020-01-27,Scotland,ConfirmedCases,0
2020-01-27,Scotland,Deaths,0
2020-01-27,Scotland,Tests,7
2020-01-27,UK,ConfirmedCases,0
2020-01-27,UK,Deaths,0
2020-01-27,UK,Tests,73
2020-01-27,Wales,ConfirmedCases,2
2020-01-27,Wales,Tests,6
2020-01-28,Scotland,ConfirmedCases,0
2020-01-28,Scotland,Deaths,0
2020-01-28,Scotland,Tests,11
2020-01-28,UK,ConfirmedCases,0
2020-01-28,UK,Deaths,0
2020-01-28,UK,Tests,97
2020-01-28,Wales,ConfirmedCases,2
2020-01-28,Wales,Tests,6
2020-01-29,Scotland,ConfirmedCases,0
2020-01-29,Scotland,Deaths,0
2020-01-29,Scotland,Tests,11
2020-01-29,UK,ConfirmedCases,0
2020-01-29,UK,Deaths,0
2020-01-29,UK,Tests,130
2020-01-29,Wales,ConfirmedCases,2
2020-01-29,Wales,Tests,6
2020-01-30,England,ConfirmedCases,2
2020-01-30,Scotland,ConfirmedCases,0
2020-01-30,Scotland,Deaths,0
2020-01-30,Scotland,Tests,16
2020-01-30,UK,ConfirmedCases,0
2020-01-30,UK,Deaths,0
2020-01-30,UK,Tests,161
2020-01-30,Wales,ConfirmedCases,2
2020-01-30,Wales,Tests,7
2020-01-31,England,ConfirmedCases,3
2020-01-31,Scotland,ConfirmedCases,0
2020-01-31,Scotland,Deaths,0
2020-01-31,Scotland,Tests,16
2020-01-31,UK,ConfirmedCases,2
2020-01-31,UK,Deaths,0
2020-01-31,UK,Tests,177
2020-01-31,Wales,ConfirmedCases,2
2020-01-31,Wales,Tests,7
2020-02-01,Scotland,ConfirmedCases,0
2020-02-01,Scotland,Deaths,0
2020-02-01,Scotland,Tests,16
2020-02-01,UK,ConfirmedCases,2
2020-02-01,UK,Deaths,0
2020-02-01,UK,Tests,203
2020-02-01,Wales,ConfirmedCases,2
2020-02-01,Wales,Tests,8
2020-02-02,Scotland,ConfirmedCases,0
2020-02-02,Scotland,Deaths,0
2020-02-02,Scotland,Tests,16
2020-02-02,UK,ConfirmedCases,2
2020-02-02,UK,Deaths,0
2020-02-02,UK,Tests,266
2020-02-02,Wales,ConfirmedCases,2
2020-02-02,Wales,Tests,8
2020-02-03,England,ConfirmedCases,8
2020-02-03,Northern Ireland,ConfirmedCases,0
2020-02-03,Northern Ireland,Tests,2
2020-02-03,Scotland,ConfirmedCases,0
2020-02-03,Scotland,Deaths,0
2020-02-03,Scotland,Tests,26
2020-02-03,UK,ConfirmedCases,2
2020-02-03,UK,Deaths,0
2020-02-03,UK,Tests,326
2020-02-03,Wales,ConfirmedCases,0
2020-02-03,Wales,Tests,3
2020-02-04,Scotland,ConfirmedCases,0
2020-02-04,Scotland,Deaths,0
2020-02-04,Scotland,Tests,26
2020-02-04,UK,ConfirmedCases,2
2020-02-04,UK,Deaths,0
2020-02-04,UK,Tests,416
2020-02-04,Wales,ConfirmedCases,0
2020-02-04,Wales,Tests,5
2020-02-05,England,ConfirmedCases,9
2020-02-05,Scotland,ConfirmedCases,0
2020-02-05,Scotland,Deaths,0
2020-02-05,Scotland,Tests,31
2020-02-05,UK,ConfirmedCases,2
2020-02-05,UK,Deaths,0
2020-02-05,UK,Tests,468
2020-02-05,Wales,ConfirmedCases,0
2020-02-05,Wales,Tests,5
2020-02-06,Northern Ireland,ConfirmedCases,0
2020-02-06,Northern Ireland,Tests,3
2020-02-06,Scotland,ConfirmedCases,0
2020-02-06,Scotland,Deaths,0
2020-02-06,Scotland,Tests,34
2020-02-06,UK,ConfirmedCases,3
2020-02-06,UK,Deaths,0
2020-02-06,UK,Tests,566
2020-02-06,Wales,ConfirmedCases,0
2020-02-06,Wales,Tests,10
2020-02-07,Northern Ireland,ConfirmedCases,0
2020-02-07,Northern Ireland,Tests,9
2020-02-07,Scotland,ConfirmedCases,0
2020-02-07,Scotland,Deaths,0
2020-02-07,Scotland,Tests,38
2020-02-07,UK,ConfirmedCases,3
2020-02-07,UK,Deaths,0
2020-02-07,UK,Tests,620
2020-02-07,Wales,ConfirmedCases,0
2020-02-07,Wales,Tests,21
2020-02-08,England,ConfirmedCases,13
2020-02-08,Northern Ireland,ConfirmedCases,0
2020-02-08,Northern Ireland,Tests,13
2020-02-08,Scotland,ConfirmedCases,0
2020-02-08,Scotland,Deaths,0
2020-02-08,Scotland,Tests,38
2020-02-08,UK,ConfirmedCases,3
2020-02-08,UK,Deaths,0
2020-02-08,UK,Tests,686
2020-02-08,Wales,ConfirmedCases,0
2020-02-08,Wales,Tests,44
2020-02-09,England,ConfirmedCases,14
2020-02-09,Northern Ireland,ConfirmedCases,0
2020-02-09,Northern Ireland,Tests,16
2020-02-09,Scotland,ConfirmedCases,0
2020-02-09,Scotland,Deaths,0
2020-02-09,Scotland,Tests,41
2020-02-09,UK,ConfirmedCases,4
2020-02-09,UK,Deaths,0
2020-02-09,UK,Tests,795
2020-02-09,Wales,ConfirmedCases,0
2020-02-09,Wales,Tests,61
2020-02-10,Northern Ireland,ConfirmedCases,0
2020-02-10,Northern Ireland,Tests,19
2020-02-10,Scotland,ConfirmedCases,0
2020-02-10,Scotland,Deaths,0
2020-02-10,Scotland,Tests,57
2020-02-10,UK,ConfirmedCases,8
2020-02-10,UK,Deaths,0
2020-02-10,UK,Tests,1114
2020-02-10,Wales,ConfirmedCases,0
2020-02-10,Wales,Tests,61
2020-02-11,England,ConfirmedCases,15
2020-02-11,Northern Ireland,ConfirmedCases,0
2020-02-11,Northern Ireland,Tests,21
2020-02-11,Scotland,ConfirmedCases,0
2020-02-11,Scotland,Deaths,0
2020-02-11,Scotland,Tests,82
2020-02-11,UK,ConfirmedCases,8
2020-02-11,UK,Deaths,0
2020-02-11,UK,Tests,1358
2020-02-11,Wales,ConfirmedCases,0
2020-02-11,Wales,Tests,62
2020-02-12,England,ConfirmedCases,16
2020-02-12,Northern Ireland,ConfirmedCases,0
2020-02-12,Northern Ireland,Deaths,0
2020-02-12,Northern Ireland,Tests,21
2020-02-12,Scotland,ConfirmedCases,0
2020-02-12,Scotland,Deaths,0
2020-02-12,Scotland,Tests,106
2020-02-12,UK,ConfirmedCases,8
2020-02-12,UK,Deaths,0
2020-02-12,UK,Tests,1758
2020-02-12,Wales,ConfirmedCases,0
2020-02-12,Wales,Tests,63
2020-02-13,England,ConfirmedCases,17
2020-02-13,Northern Ireland,ConfirmedCases,0
2020-02-13,Northern Ireland,Tests,24
2020-02-13,Scotland,ConfirmedCases,0
2020-02-13,Scotland,Deaths,0
2020-02-13,Scotland,Tests,148
2020-02-13,UK,ConfirmedCases,9
2020-02-13,UK,Deaths,0
2020-02-13,UK,Tests,2521
2020-02-13,Wales,ConfirmedCases,0
2020-02-13,Wales,Tests,64
2020-02-14,England,ConfirmedCases,18
2020-02-14,Northern Ireland,ConfirmedCases,0
2020-02-14,Northern Ireland,Tests,27
2020-02-14,Scotland,ConfirmedCases,0
2020-02-14,Scotland,Deaths,0
2020-02-14,Scotland,Tests,200
2020-02-14,UK,ConfirmedCases,9
2020-02-14,UK,Deaths,0
2020-02-14,UK,Tests,2964
2020-02-14,Wales,ConfirmedCases,0
2020-02-14,Wales,Tests,71
2020-02-15,Northern Ireland,ConfirmedCases,0
2020-02-15,Northern Ireland,Tests,28
2020-02-15,Scotland,ConfirmedCases,0
2020-02-15,Scotland,Deaths,0
2020-02-15,Scotland,Tests,224
2020-02-15,UK,ConfirmedCases,9
2020-02-15,UK,Deaths,0
2020-02-15,UK,Tests,2992
2020-02-15,Wales,ConfirmedCases,0
2020-02-15,Wales,Tests,80
2020-02-16,England,ConfirmedCases,18
2020-02-16,Scotland,ConfirmedCases,0
2020-02-16,Scotland,Deaths,0
2020-02-16,Scotland,Tests,252
2020-02-16,UK,ConfirmedCases,9
2020-02-16,UK,Deaths,0
2020-02-16,UK,Tests,3109
2020-02-16,Wales,ConfirmedCases,0
2020-02-16,Wales,Tests,87
2020-02-17,England,ConfirmedCases,19
2020-02-17,Northern Ireland,ConfirmedCases,0
2020-02-17,Northern Ireland,Tests,35
2020-02-17,Scotland,ConfirmedCases,0
2020-02-17,Scotland,Deaths,0
2020-02-17,Scotland,Tests,264
2020-02-17,UK,ConfirmedCases,9
2020-02-17,UK,Deaths,0
2020-02-17,UK,Tests,4501
2020-02-17,Wales,ConfirmedCases,0
2020-02-17,Wales,Tests,95
2020-02-18,Northern Ireland,ConfirmedCases,0
2020-02-18,Northern Ireland,Tests,38
2020-02-18,Scotland,ConfirmedCases,0
2020-02-18,Scotland,Deaths,0
2020-02-18,Scotland,Tests,276
2020-02-18,UK,ConfirmedCases,9
2020-02-18,UK,Deaths,0
2020-02-18,UK,Tests,4916
2020-02-18,Wales,ConfirmedCases,0
2020-02-18,Wales,Tests,98
2020-02-19,England,ConfirmedCases,20
2020-02-19,Northern Ireland,ConfirmedCases,0
2020-02-19,Northern Ireland,Deaths,0
2020-02-19,Northern Ireland,Tests,41
2020-02-19,Scotland,ConfirmedCases,0
2020-02-19,Scotland,Deaths,0
2020-02-19,Scotland,Tests,306
2020-02-19,UK,ConfirmedCases,9
2020-02-19,UK,Deaths,0
2020-02-19,UK,Tests,5207
2020-02-19,Wales,ConfirmedCases,0
2020-02-19,Wales,Tests,105
2020-02-20,England,ConfirmedCases,22
2020-02-20,Northern Ireland,ConfirmedCases,0
2020-02-20,Northern Ireland,Tests,42
2020-02-20,Scotland,ConfirmedCases,0
2020-02-20,Scotland,Deaths,0
2020-02-20,Scotland,Tests,327
2020-02-20,UK,ConfirmedCases,9
2020-02-20,UK,Deaths,0
2020-02-20,UK,Tests,5549
2020-02-20,Wales,ConfirmedCases,0
2020-02-20,Wales,Tests,110
2020-02-21,England,ConfirmedCases,23
2020-02-21,Northern Ireland,ConfirmedCases,0
2020-02-21,Northern Ireland,Tests,45
2020-02-21,Scotland,ConfirmedCases,0
2020-02-21,Scotland,Deaths,0
2020-02-21,Scotland,Tests,368
2020-02-21,UK,ConfirmedCases,9
2020-02-21,UK,Deaths,0
2020-02-21,UK,Tests,5885
2020-02-21,Wales,ConfirmedCases,0
2020-02-21,Wales,Tests,113
2020-02-22,Scotland,ConfirmedCases,0
2020-02-22,Scotland,Deaths,0
2020-02-22,Scotland,Tests,382
2020-02-22,UK,ConfirmedCases,9
2020-02-22,UK,Deaths,0
2020-02-22,UK,Tests,6152
2020-02-22,Wales,ConfirmedCases,0
2020-02-22,Wales,Tests,124
2020-02-23,England,ConfirmedCases,28
2020-02-23,Northern Ireland,ConfirmedCases,0
2020-02-23,Northern Ireland,Tests,48
2020-02-23,Scotland,ConfirmedCases,0
2020-02-23,Scotland,Deaths,0
2020-02-23,Scotland,Tests,393
2020-02-23,UK,ConfirmedCases,9
2020-02-23,UK,Deaths,0
2020-02-23,UK,Tests,6324
2020-02-23,Wales,ConfirmedCases,0
2020-02-23,Wales,Tests,132
2020-02-24,England,ConfirmedCases,30
2020-02-24,Northern Ireland,ConfirmedCases,0
2020-02-24,Northern Ireland,Tests,50
2020-02-24,Scotland,ConfirmedCases,0
2020-02-24,Scotland,Deaths,0
2020-02-24,Scotland,Tests,404
2020-02-24,UK,ConfirmedCases,13
2020-02-24,UK,Deaths,0
2020-02-24,UK,Tests,6536
2020-02-24,Wales,ConfirmedCases,0
2020-02-24,Wales,Tests,136
2020-02-25,England,ConfirmedCases,34
2020-02-25,Northern Ireland,ConfirmedCases,0
2020-02-25,Northern Ireland,Tests,74
2020-02-25,Scotland,ConfirmedCases,0
2020-02-25,Scotland,Deaths,0
2020-02-25,Scotland,Tests,412
2020-02-25,UK,ConfirmedCases,13
2020-02-25,UK,Deaths,0
2020-02-25,UK,Tests,6795
2020-02-25,Wales,ConfirmedCases,0
2020-02-25,Wales,Tests,146
2020-02-26,England,ConfirmedCases,37
2020-02-26,Northern Ireland,ConfirmedCases,0
2020-02-26,Northern Ireland,Deaths,0
2020-02-26,Northern Ireland,Tests,115
2020-02-26,Scotland,ConfirmedCases,0
2020-02-26,Scotland,Deaths,0
2020-02-26,Scotland,Tests,437
2020-02-26,UK,ConfirmedCases,13
2020-02-26,UK,Deaths,0
2020-02-26,UK,Tests,7132
2020-02-26,Wales,ConfirmedCases,0
2020-02-26,Wales,Tests,162
2020-02-27,England,ConfirmedCases,43
2020-02-27,Northern Ireland,ConfirmedCases,0
2020-02-27,Northern Ireland,Deaths,0
2020-02-27,Northern Ireland,Tests,157
2020-02-27,Scotland,ConfirmedCases,0
2020-02-27,Scotland,Deaths,0
2020-02-27,Scotland,Tests,470
2020-02-27,UK,ConfirmedCases,13
2020-02-27,UK,Deaths,0
2020-02-27,UK,Tests,7690
2020-02-27,Wales,ConfirmedCases,1
2020-02-27,Wales,Tests,257
2020-02-28,England,ConfirmedCases,55
2020-02-28,Northern Ireland,ConfirmedCases,0
2020-02-28,Northern Ireland,Deaths,0
2020-02-28,Northern Ireland,Tests,183
2020-02-28,Scotland,ConfirmedCases,0
2020-02-28,Scotland,Deaths,0
2020-02-28,Scotland,Tests,500
2020-02-28,UK,ConfirmedCases,19
2020-02-28,UK,Deaths,0
2020-02-28,UK,Tests,8986
2020-02-28,Wales,ConfirmedCases,1
2020-02-28,Wales,Deaths,0
2020-02-28,Wales,Tests,293
2020-02-29,England,ConfirmedCases,59
2020-02-29,Northern Ireland,ConfirmedCases,0
2020-02-29,Northern Ireland,Deaths,0
2020-02-29,Northern Ireland,Tests,199
2020-02-29,Scotland,ConfirmedCases,0
2020-02-29,Scotland,Deaths,0
2020-02-29,Scotland,Tests,630
2020-02-29,UK,ConfirmedCases,23
2020-02-29,UK,Deaths,0
2020-02-29,UK,Tests,10483
2020-02-29,Wales,ConfirmedCases,1
2020-02-29,Wales,Deaths,0
2020-02-29,Wales,Tests,332
2020-03-01,England,ConfirmedCases,90
2020-03-01,Northern Ireland,ConfirmedCases,0
2020-03-01,Northern Ireland,Deaths,0
2020-03-01,Northern Ireland,Tests,208
2020-03-01,Scotland,ConfirmedCases,0
2020-03-01,Scotland,Deaths,0
2020-03-01,Scotland,Tests,698
2020-03-01,UK,ConfirmedCases,35
2020-03-01,UK,Deaths,0
2020-03-01,UK,Tests,11750
2020-03-01,Wales,ConfirmedCases,1
2020-03-01,Wales,Deaths,0
2020-03-01,Wales,Tests,353
2020-03-02,England,ConfirmedCases,129
2020-03-02,Northern Ireland,ConfirmedCases,0
2020-03-02,Northern Ireland,Deaths,0
2020-03-02,Northern Ireland,Tests,227
2020-03-02,Scotland,ConfirmedCases,1
2020-03-02,Scotland,Deaths,0
2020-03-02,Scotland,Tests,815
2020-03-02,UK,ConfirmedCases,40
2020-03-02,UK,Deaths,0
2020-03-02,UK,Tests,13525
2020-03-02,Wales,ConfirmedCases,1
2020-03-02,Wales,Deaths,0
2020-03-02,Wales,Tests,396
2020-03-03,England,ConfirmedCases,181
2020-03-03,Northern Ireland,ConfirmedCases,0
2020-03-03,Northern Ireland,Deaths,0
2020-03-03,Northern Ireland,Tests,253
2020-03-03,Scotland,ConfirmedCases,1
2020-03-03,Scotland,Deaths,0
2020-03-03,Scotland,Tests,915
2020-03-03,UK,ConfirmedCases,51
2020-03-03,UK,Deaths,0
2020-03-03,UK,Tests,13911
2020-03-03,Wales,ConfirmedCases,1
2020-03-03,Wales,Deaths,0
2020-03-03,Wales,Tests,446
2020-03-04,England,ConfirmedCases,230
2020-03-04,Northern Ireland,ConfirmedCases,0
2020-03-04,Northern Ireland,Deaths,0
2020-03-04,Northern Ireland,Tests,280
2020-03-04,Scotland,ConfirmedCases,3
2020-03-04,Scotland,Deaths,0
2020-03-04,Scotland,Tests,1046
2020-03-04,UK,ConfirmedCases,85
2020-03-04,UK,Deaths,0
2020-03-04,UK,Tests,16659
2020-03-04,Wales,ConfirmedCases,2
2020-03-04,Wales,Deaths,0
2020-03-04,Wales,Tests,478
2020-03-05,England,ConfirmedCases,277
2020-03-05,England,Deaths,0
2020-03-05,Northern Ireland,ConfirmedCases,0
2020-03-05,Northern Ireland,Deaths,0
2020-03-05,Northern Ireland,Tests,305
2020-03-05,Scotland,ConfirmedCases,6
2020-03-05,Scotland,Deaths,0
2020-03-05,Scotland,Tests,1256
2020-03-05,UK,ConfirmedCases,114
2020-03-05,UK,Deaths,0
2020-03-05,UK,Tests,18083
2020-03-05,Wales,ConfirmedCases,2
2020-03-05,Wales,Deaths,0
2020-03-05,Wales,Tests,511
2020-03-06,England,ConfirmedCases,350
2020-03-06,England,Deaths,1
2020-03-06,Northern Ireland,ConfirmedCases,0
2020-03-06,Northern Ireland,Deaths,0
2020-03-06,Northern Ireland,Tests,324
2020-03-06,Scotland,ConfirmedCases,11
2020-03-06,Scotland,Deaths,0
2020-03-06,Scotland,Tests,1525
2020-03-06,UK,ConfirmedCases,160
2020-03-06,UK,Deaths,1
2020-03-06,UK,Tests,20338
2020-03-06,Wales,ConfirmedCases,2
2020-03-06,Wales,Deaths,0
2020-03-06,Wales,Tests,523
2020-03-07,England,ConfirmedCases,397
2020-03-07,England,Deaths,2
2020-03-07,Northern Ireland,ConfirmedCases,0
2020-03-07,Northern Ireland,Deaths,0
2020-03-07,Northern Ireland,Tests,345
2020-03-07,Scotland,ConfirmedCases,16
2020-03-07,Scotland,Deaths,0
2020-03-07,Scotland,Tests,1680
2020-03-07,UK,ConfirmedCases,206
2020-03-07,UK,Deaths,2
2020-03-07,UK,Tests,21460
2020-03-07,Wales,ConfirmedCases,4
2020-03-07,Wales,Deaths,0
2020-03-07,Wales,Tests,525
2020-03-08,England,ConfirmedCases,447
2020-03-08,England,Deaths,2
2020-03-08,Northern Ireland,ConfirmedCases,0
2020-03-08,Northern Ireland,Deaths,0
2020-03-08,Northern Ireland,Tests,375
2020-03-08,Scotland,ConfirmedCases,18
2020-03-08,Scotland,Deaths,0
2020-03-08,Scotland,Tests,1957
2020-03-08,UK,ConfirmedCases,271
2020-03-08,UK,Deaths,2
2020-03-08,UK,Tests,23513
2020-03-08,Wales,ConfirmedCases,5
2020-03-08,Wales,Deaths,0
2020-03-08,Wales,Tests,526
2020-03-09,England,ConfirmedCases,572
2020-03-09,England,Deaths,3
2020-03-09,Northern Ireland,ConfirmedCases,1
2020-03-09,Northern Ireland,Deaths,0
2020-03-09,Northern Ireland,Tests,437
2020-03-09,Scotland,ConfirmedCases,23
2020-03-09,Scotland,Deaths,0
2020-03-09,Scotland,Tests,2101
2020-03-09,UK,ConfirmedCases,321
2020-03-09,UK,Deaths,3
2020-03-09,UK,Tests,24960
2020-03-09,Wales,ConfirmedCases,8
2020-03-09,Wales,Deaths,0
2020-03-09,Wales,Tests,535
2020-03-10,England,ConfirmedCases,795
2020-03-10,England,Deaths,7
2020-03-10,Northern Ireland,ConfirmedCases,5
2020-03-10,Northern Ireland,Deaths,0
2020-03-10,Northern Ireland,Tests,591
2020-03-10,Scotland,ConfirmedCases,27
2020-03-10,Scotland,Deaths,0
2020-03-10,Scotland,Tests,2234
2020-03-10,UK,ConfirmedCases,373
2020-03-10,UK,Deaths,7
2020-03-10,UK,Tests,26261
2020-03-10,Wales,ConfirmedCases,20
2020-03-10,Wales,Deaths,0
2020-03-10,Wales,Tests,590
2020-03-11,England,ConfirmedCases,1153
2020-03-11,England,Deaths,7
2020-03-11,Northern Ireland,ConfirmedCases,16
2020-03-11,Northern Ireland,Deaths,0
2020-03-11,Northern Ireland,Tests,749
2020-03-11,Scotland,ConfirmedCases,36
2020-03-11,Scotland,Deaths,0
2020-03-11,Scotland,Tests,2316
2020-03-11,UK,ConfirmedCases,456
2020-03-11,UK,Deaths,7
2020-03-11,UK,Tests,27476
2020-03-11,Wales,ConfirmedCases,35
2020-03-11,Wales,Deaths,0
2020-03-11,Wales,Tests,695
2020-03-12,England,ConfirmedCases,1573
2020-03-12,England,Deaths,9
2020-03-12,Northern Ireland,ConfirmedCases,20
2020-03-12,Northern Ireland,Deaths,0
2020-03-12,Northern Ireland,Tests,886
2020-03-12,Scotland,ConfirmedCases,60
2020-03-12,Scotland,Deaths,0
2020-03-12,Scotland,Tests,2892
2020-03-12,UK,ConfirmedCases,590
2020-03-12,UK,Deaths,9
2020-03-12,UK,Tests,29764
2020-03-12,Wales,ConfirmedCases,60
2020-03-12,Wales,Deaths,0
2020-03-12,Wales,Tests,846
2020-03-13,England,ConfirmedCases,1966
2020-03-13,England,Deaths,10
2020-03-13,Northern Ireland,ConfirmedCases,31
2020-03-13,Northern Ireland,Deaths,0
2020-03-13,Northern Ireland,Tests,1017
2020-03-13,Scotland,ConfirmedCases,85
2020-03-13,Scotland,Deaths,1
2020-03-13,Scotland,Tests,3314
2020-03-13,UK,ConfirmedCases,797
2020-03-13,UK,Deaths,10
2020-03-13,UK,Tests,32771
2020-03-13,Wales,ConfirmedCases,88
2020-03-13,Wales,Deaths,0
2020-03-13,Wales,Tests,1052
2020-03-14,England,ConfirmedCases,2283
2020-03-14,England,Deaths,28
2020-03-14,Northern Ireland,ConfirmedCases,41
2020-03-14,Northern Ireland,Deaths,0
2020-03-14,Northern Ireland,Tests,1136
2020-03-14,Scotland,ConfirmedCases,121
2020-03-14,Scotland,Deaths,1
2020-03-14,Scotland,Tests,3715
2020-03-14,UK,ConfirmedCases,1061
2020-03-14,UK,Deaths,28
2020-03-14,UK,Tests,37746
2020-03-14,Wales,ConfirmedCases,107
2020-03-14,Wales,Deaths,0
2020-03-14,Wales,Tests,1175
2020-03-15,England,ConfirmedCases,2680
2020-03-15,England,Deaths,42
2020-03-15,Northern Ireland,ConfirmedCases,43
2020-03-15,Northern Ireland,Deaths,0
2020-03-15,Northern Ireland,Tests,1237
2020-03-15,Scotland,ConfirmedCases,153
2020-03-15,Scotland,Deaths,1
2020-03-15,Scotland,Tests,4240
2020-03-15,UK,ConfirmedCases,1391
2020-03-15,UK,Deaths,43
2020-03-15,UK,Tests,40279
2020-03-15,Wales,ConfirmedCases,139
2020-03-15,Wales,Deaths,0
2020-03-15,Wales,Tests,1344
2020-03-16,England,ConfirmedCases,3226
2020-03-16,England,Deaths,64
2020-03-16,Northern Ireland,ConfirmedCases,51
2020-03-16,Northern Ireland,Deaths,0
2020-03-16,Northern Ireland,Tests,1389
2020-03-16,Scotland,ConfirmedCases,171
2020-03-16,Scotland,Deaths,1
2020-03-16,Scotland,Tests,4895
2020-03-16,UK,ConfirmedCases,1543
2020-03-16,UK,Deaths,65
2020-03-16,UK,Tests,44105
2020-03-16,Wales,ConfirmedCases,176
2020-03-16,Wales,Deaths,3
2020-03-16,Wales,Tests,1537
2020-03-17,England,ConfirmedCases,3905
2020-03-17,England,Deaths,79
2020-03-17,Northern Ireland,ConfirmedCases,60
2020-03-17,Northern Ireland,Deaths,0
2020-03-17,Northern Ireland,Tests,1513
2020-03-17,Scotland,ConfirmedCases,195
2020-03-17,Scotland,Deaths,2
2020-03-17,Scotland,Tests,5246
2020-03-17,UK,ConfirmedCases,1950
2020-03-17,UK,Deaths,81
2020-03-17,UK,Tests,50442
2020-03-17,Wales,ConfirmedCases,213
2020-03-17,Wales,Deaths,3
2020-03-17,Wales,Tests,2198
2020-03-18,England,ConfirmedCases,4814
2020-03-18,England,Deaths,112
2020-03-18,Northern Ireland,ConfirmedCases,73
2020-03-18,Northern Ireland,Deaths,1
2020-03-18,Northern Ireland,Tests,1702
2020-03-18,Scotland,ConfirmedCases,227
2020-03-18,Scotland,Deaths,3
2020-03-18,Scotland,Tests,6091
2020-03-18,UK,ConfirmedCases,2626
2020-03-18,UK,Deaths,115
2020-03-18,UK,Tests,56221
2020-03-18,Wales,ConfirmedCases,249
2020-03-18,Wales,Deaths,3
2020-03-18,Wales,Tests,2393
2020-03-19,England,ConfirmedCases,5745
2020-03-19,England,Deaths,154
2020-03-19,Northern Ireland,ConfirmedCases,87
2020-03-19,Northern Ireland,Deaths,2
2020-03-19,Northern Ireland,Tests,1891
2020-03-19,Scotland,ConfirmedCases,266
2020-03-19,Scotland,Deaths,6
2020-03-19,Scotland,Tests,6772
2020-03-19,UK,ConfirmedCases,3269
2020-03-19,UK,Deaths,158
2020-03-19,UK,Tests,64621
2020-03-19,Wales,ConfirmedCases,309
2020-03-19,Wales,Deaths,6
2020-03-19,Wales,Tests,2783
2020-03-20,England,ConfirmedCases,6825
2020-03-20,England,Deaths,186
2020-03-20,Northern Ireland,ConfirmedCases,104
2020-03-20,Northern Ireland,Tests,2132
2020-03-20,Scotland,ConfirmedCases,322
2020-03-20,Scotland,Deaths,6
2020-03-20,Scotland,Tests,7550
2020-03-20,UK,ConfirmedCases,3983
2020-03-20,UK,Deaths,194
2020-03-20,UK,Tests,66976
2020-03-20,Wales,ConfirmedCases,382
2020-03-20,Wales,Deaths,8
2020-03-20,Wales,Tests,3215
2020-03-21,England,ConfirmedCases,7859
2020-03-21,England,Deaths,240
2020-03-21,Northern Ireland,ConfirmedCases,126
2020-03-21,Northern Ireland,Deaths,3
2020-03-21,Northern Ireland,Tests,2340
2020-03-21,Scotland,ConfirmedCases,373
2020-03-21,Scotland,Deaths,7
2020-03-21,Scotland,Tests,8259
2020-03-21,UK,ConfirmedCases,5018
2020-03-21,UK,Deaths,250
2020-03-21,UK,Tests,72818
2020-03-21,Wales,ConfirmedCases,457
2020-03-21,Wales,Deaths,15
2020-03-21,Wales,Tests,3677
2020-03-22,England,ConfirmedCases,9068
2020-03-22,England,Deaths,264
2020-03-22,Northern Ireland,ConfirmedCases,144
2020-03-22,Northern Ireland,Deaths,4
2020-03-22,Northern Ireland,Tests,2536
2020-03-22,Scotland,ConfirmedCases,416
2020-03-22,Scotland,Deaths,10
2020-03-22,Scotland,Tests,8679
2020-03-22,UK,ConfirmedCases,5683
2020-03-22,UK,Deaths,285
2020-03-22,UK,Tests,78340
2020-03-22,Wales,ConfirmedCases,533
2020-03-22,Wales,Deaths,20
2020-03-22,Wales,Tests,4037
2020-03-23,England,ConfirmedCases,11084
2020-03-23,England,Deaths,331
2020-03-23,Northern Ireland,ConfirmedCases,186
2020-03-23,Northern Ireland,Deaths,9
2020-03-23,Northern Ireland,Tests,2909
2020-03-23,Scotland,ConfirmedCases,499
2020-03-23,Scotland,Deaths,14
2020-03-23,Scotland,Tests,9364
2020-03-23,UK,ConfirmedCases,6650
2020-03-23,UK,Deaths,359
2020-03-23,UK,Tests,83945
2020-03-23,Wales,ConfirmedCases,666
2020-03-23,Wales,Deaths,24
2020-03-23,Wales,Tests,4579
2020-03-24,England,ConfirmedCases,13105
2020-03-24,England,Deaths,474
2020-03-24,Northern Ireland,ConfirmedCases,227
2020-03-24,Northern Ireland,Deaths,11
2020-03-24,Northern Ireland,Tests,3256
2020-03-24,Scotland,ConfirmedCases,584
2020-03-24,Scotland,Deaths,16
2020-03-24,Scotland,Tests,9968
2020-03-24,UK,ConfirmedCases,8077
2020-03-24,UK,Deaths,508
2020-03-24,UK,Tests,90436
2020-03-24,Wales,ConfirmedCases,807
2020-03-24,Wales,Deaths,33
2020-03-24,Wales,Tests,5253
2020-03-25,England,ConfirmedCases,15368
2020-03-25,England,Deaths,652
2020-03-25,Northern Ireland,ConfirmedCases,285
2020-03-25,Northern Ireland,Deaths,15
2020-03-25,Northern Ireland,Tests,3640
2020-03-25,Scotland,ConfirmedCases,719
2020-03-25,Scotland,Deaths,22
2020-03-25,Scotland,Tests,10676
2020-03-25,UK,ConfirmedCases,9529
2020-03-25,UK,Deaths,695
2020-03-25,UK,Tests,97019
2020-03-25,Wales,ConfirmedCases,997
2020-03-25,Wales,Deaths,43
2020-03-25,Wales,Tests,5942
2020-03-26,England,ConfirmedCases,17976
2020-03-26,England,Deaths,821
2020-03-26,Northern Ireland,ConfirmedCases,362
2020-03-26,Northern Ireland,Deaths,17
2020-03-26,Northern Ireland,Tests,4084
2020-03-26,Scotland,ConfirmedCases,894
2020-03-26,Scotland,Deaths,25
2020-03-26,Scotland,Tests,11487
2020-03-26,UK,ConfirmedCases,11658
2020-03-26,UK,Deaths,878
2020-03-26,UK,Tests,104866
2020-03-26,Wales,ConfirmedCases,1174
2020-03-26,Wales,Deaths,54
2020-03-26,Wales,Tests,6607
2020-03-27,England,ConfirmedCases,20631
2020-03-27,England,Deaths,1093
2020-03-27,Northern Ireland,ConfirmedCases,435
2020-03-27,Northern Ireland,Deaths,20
2020-03-27,Northern Ireland,Tests,4467
2020-03-27,Scotland,ConfirmedCases,1059
2020-03-27,Scotland,Deaths,33
2020-03-27,Scotland,Tests,12273
2020-03-27,UK,ConfirmedCases,14543
2020-03-27,UK,Deaths,1162
2020-03-27,UK,Tests,113777
2020-03-27,Wales,ConfirmedCases,1367
2020-03-27,Wales,Deaths,64
2020-03-27,Wales,Tests,7271
2020-03-28,England,ConfirmedCases,23004
2020-03-28,England,Deaths,1372
2020-03-28,Northern Ireland,ConfirmedCases,513
2020-03-28,Northern Ireland,Deaths,28
2020-03-28,Northern Ireland,Tests,4798
2020-03-28,Scotland,ConfirmedCases,1245
2020-03-28,Scotland,Deaths,40
2020-03-28,Scotland,Tests,13133
2020-03-28,UK,ConfirmedCases,17089
2020-03-28,UK,Deaths,1456
2020-03-28,UK,Tests,120776
2020-03-28,Wales,ConfirmedCases,1534
2020-03-28,Wales,Deaths,79
2020-03-28,Wales,Tests,7728
2020-03-29,England,ConfirmedCases,25438
2020-03-29,England,Deaths,1567
2020-03-29,Northern Ireland,ConfirmedCases,574
2020-03-29,Northern Ireland,Deaths,32
2020-03-29,Northern Ireland,Tests,5086
2020-03-29,Scotland,ConfirmedCases,1384
2020-03-29,Scotland,Deaths,41
2020-03-29,Scotland,Tests,13889
2020-03-29,UK,ConfirmedCases,19522
2020-03-29,UK,Deaths,1670
2020-03-29,UK,Tests,127737
2020-03-29,Wales,ConfirmedCases,1693
2020-03-29,Wales,Deaths,97
2020-03-29,Wales,Tests,8223
2020-03-30,England,ConfirmedCases,28955
2020-03-30,England,Deaths,1920
2020-03-30,Northern Ireland,ConfirmedCases,659
2020-03-30,Northern Ireland,Deaths,36
2020-03-30,Northern Ireland,Tests,5504
2020-03-30,Scotland,ConfirmedCases,1563
2020-03-30,Scotland,Deaths,47
2020-03-30,Scotland,Tests,14624
2020-03-30,UK,ConfirmedCases,22141
2020-03-30,UK,Deaths,2044
2020-03-30,UK,Tests,134946
2020-03-30,Wales,ConfirmedCases,2036
2020-03-30,Wales,Deaths,113
2020-03-30,Wales,Tests,9113
2020-03-31,England,ConfirmedCases,32721
2020-03-31,England,Deaths,2288
2020-03-31,Northern Ireland,ConfirmedCases,772
2020-03-31,Northern Ireland,Deaths,41
2020-03-31,Northern Ireland,Tests,5940
2020-03-31,Scotland,ConfirmedCases,1993
2020-03-31,Scotland,Deaths,69
2020-03-31,Scotland,Tests,15895
2020-03-31,UK,ConfirmedCases,25150
2020-03-31,UK,Deaths,2426
2020-03-31,UK,Tests,143186
2020-03-31,Wales,ConfirmedCases,2313
2020-03-31,Wales,Deaths,128
2020-03-31,Wales,Tests,9880
2020-04-01,England,ConfirmedCases,36802
2020-04-01,England,Deaths,2901
2020-04-01,Northern Ireland,ConfirmedCases,876
2020-04-01,Northern Ireland,Deaths,45
2020-04-01,Northern Ireland,Tests,6428
2020-04-01,Scotland,ConfirmedCases,2310
2020-04-01,Scotland,Deaths,97
2020-04-01,Scotland,Tests,17007
2020-04-01,UK,ConfirmedCases,29474
2020-04-01,UK,Deaths,3096
2020-04-01,UK,Tests,152979
2020-04-01,Wales,ConfirmedCases,2640
2020-04-01,Wales,Deaths,149
2020-04-01,Wales,Tests,10757
2020-04-02,England,ConfirmedCases,40811
2020-04-02,England,Deaths,3504
2020-04-02,Northern Ireland,ConfirmedCases,981
2020-04-02,Northern Ireland,Deaths,55
2020-04-02,Northern Ireland,Tests,6858
2020-04-02,Scotland,ConfirmedCases,2602
2020-04-02,Scotland,Deaths,126
2020-04-02,Scotland,Tests,18128
2020-04-02,UK,ConfirmedCases,33718
2020-04-02,UK,Deaths,3748
2020-04-02,UK,Tests,163194
2020-04-02,Wales,ConfirmedCases,2976
2020-04-02,Wales,Deaths,177
2020-04-02,Wales,Tests,11605
2020-04-03,England,ConfirmedCases,44860
2020-04-03,England,Deaths,4159
2020-04-03,Northern Ireland,ConfirmedCases,1086
2020-04-03,Northern Ireland,Deaths,65
2020-04-03,Northern Ireland,Tests,7295
2020-04-03,Scotland,ConfirmedCases,3001
2020-04-03,Scotland,Deaths,172
2020-04-03,Scotland,Tests,19535
2020-04-03,UK,ConfirmedCases,38168
2020-04-03,UK,Deaths,4462
2020-04-03,UK,Tests,173784
2020-04-03,Wales,ConfirmedCases,3306
2020-04-03,Wales,Deaths,206
2020-04-03,Wales,Tests,12409
2020-04-04,England,ConfirmedCases,48186
2020-04-04,England,Deaths,4848
2020-04-04,Northern Ireland,ConfirmedCases,1175
2020-04-04,Northern Ireland,Deaths,74
2020-04-04,Northern Ireland,Tests,7667
2020-04-04,Scotland,ConfirmedCases,3345
2020-04-04,Scotland,Deaths,218
2020-04-04,Scotland,Tests,20798
2020-04-04,UK,ConfirmedCases,41903
2020-04-04,UK,Deaths,5222
2020-04-04,UK,Tests,183190
2020-04-04,Wales,ConfirmedCases,3588
2020-04-04,Wales,Deaths,237
2020-04-04,Wales,Tests,13076
2020-04-05,England,ConfirmedCases,51216
2020-04-05,England,Deaths,5426
2020-04-05,Northern Ireland,ConfirmedCases,1235
2020-04-05,Northern Ireland,Deaths,85
2020-04-05,Northern Ireland,Tests,7942
2020-04-05,Scotland,ConfirmedCases,3706
2020-04-05,Scotland,Deaths,220
2020-04-05,Scotland,Tests,23143
2020-04-05,UK,ConfirmedCases,47806
2020-04-05,UK,Deaths,5866
2020-04-05,UK,Tests,195524
2020-04-05,Wales,ConfirmedCases,3811
2020-04-05,Wales,Deaths,267
2020-04-05,Wales,Tests,13577
2020-04-06,England,ConfirmedCases,55549
2020-04-06,England,Deaths,5958
2020-04-06,Northern Ireland,ConfirmedCases,1341
2020-04-06,Northern Ireland,Deaths,91
2020-04-06,Northern Ireland,Tests,8362
2020-04-06,Scotland,ConfirmedCases,3961
2020-04-06,Scotland,Deaths,222
2020-04-06,Scotland,Tests,24036
2020-04-06,UK,ConfirmedCases,51608
2020-04-06,UK,Deaths,6434
2020-04-06,UK,Tests,208837
2020-04-06,Wales,ConfirmedCases,4194
2020-04-06,Wales,Deaths,287
2020-04-06,Wales,Tests,14391
2020-04-07,England,ConfirmedCases,60026
2020-04-07,England,Deaths,6968
2020-04-07,Northern Ireland,ConfirmedCases,1471
2020-04-07,Northern Ireland,Deaths,99
2020-04-07,Northern Ireland,Tests,8844
2020-04-07,Scotland,ConfirmedCases,4229
2020-04-07,Scotland,Deaths,296
2020-04-07,Scotland,Tests,25022
2020-04-07,UK,ConfirmedCases,55242
2020-04-07,UK,Deaths,7472
2020-04-07,UK,Tests,213181
2020-04-07,Wales,ConfirmedCases,4580
2020-04-07,Wales,Deaths,319
2020-04-07,Wales,Tests,15262
2020-04-08,England,ConfirmedCases,64258
2020-04-08,England,Deaths,7892
2020-04-08,Northern Ireland,ConfirmedCases,1573
2020-04-08,Northern Ireland,Deaths,103
2020-04-08,Northern Ireland,Tests,9362
2020-04-08,Scotland,ConfirmedCases,4565
2020-04-08,Scotland,Deaths,366
2020-04-08,Scotland,Tests,26226
2020-04-08,UK,ConfirmedCases,60733
2020-04-08,UK,Deaths,8506
2020-04-08,UK,Tests,232708
2020-04-08,Wales,ConfirmedCases,4966
2020-04-08,Wales,Deaths,361
2020-04-08,Wales,Tests,16178
2020-04-09,England,ConfirmedCases,68267
2020-04-09,England,Deaths,8886
2020-04-09,Northern Ireland,ConfirmedCases,1673
2020-04-09,Northern Ireland,Deaths,121
2020-04-09,Northern Ireland,Tests,9936
2020-04-09,Scotland,ConfirmedCases,4957
2020-04-09,Scotland,Deaths,447
2020-04-09,Scotland,Tests,27518
2020-04-09,UK,ConfirmedCases,65077
2020-04-09,UK,Deaths,9616
2020-04-09,UK,Tests,243421
2020-04-09,Wales,ConfirmedCases,5357
2020-04-09,Wales,Deaths,404
2020-04-09,Wales,Tests,17080
2020-04-10,England,ConfirmedCases,71776
2020-04-10,England,Deaths,9924
2020-04-10,Northern Ireland,ConfirmedCases,1770
2020-04-10,Northern Ireland,Deaths,132
2020-04-10,Northern Ireland,Tests,10452
2020-04-10,Scotland,ConfirmedCases,5275
2020-04-10,Scotland,Deaths,495
2020-04-10,Scotland,Tests,28652
2020-04-10,UK,ConfirmedCases,70272
2020-04-10,UK,Deaths,10768
2020-04-10,UK,Tests,256605
2020-04-10,Wales,ConfirmedCases,5665
2020-04-10,Wales,Deaths,429
2020-04-10,Wales,Tests,17814
2020-04-11,England,ConfirmedCases,74771
2020-04-11,England,Deaths,10670
2020-04-11,Northern Ireland,ConfirmedCases,1837
2020-04-11,Northern Ireland,Deaths,143
2020-04-11,Northern Ireland,Tests,10768
2020-04-11,Scotland,ConfirmedCases,5590
2020-04-11,Scotland,Deaths,542
2020-04-11,Scotland,Tests,29903
2020-04-11,UK,ConfirmedCases,78991
2020-04-11,UK,Deaths,11608
2020-04-11,UK,Tests,269598
2020-04-11,Wales,ConfirmedCases,5912
2020-04-11,Wales,Deaths,460
2020-04-11,Wales,Tests,18415
2020-04-12,England,ConfirmedCases,77457
2020-04-12,England,Deaths,11276
2020-04-12,Northern Ireland,ConfirmedCases,1917
2020-04-12,Northern Ireland,Deaths,159
2020-04-12,Northern Ireland,Tests,11154
2020-04-12,Scotland,ConfirmedCases,5912
2020-04-12,Scotland,Deaths,566
2020-04-12,Scotland,Tests,31114
2020-04-12,UK,ConfirmedCases,84279
2020-04-12,UK,Deaths,12294
2020-04-12,UK,Tests,282279
2020-04-12,Wales,ConfirmedCases,6159
2020-04-12,Wales,Deaths,497
2020-04-12,Wales,Tests,18981
2020-04-13,England,ConfirmedCases,80763
2020-04-13,England,Deaths,11970
2020-04-13,Northern Ireland,ConfirmedCases,2031
2020-04-13,Northern Ireland,Deaths,166
2020-04-13,Northern Ireland,Tests,11533
2020-04-13,Scotland,ConfirmedCases,6067
2020-04-13,Scotland,Deaths,575
2020-04-13,Scotland,Tests,31813
2020-04-13,UK,ConfirmedCases,88621
2020-04-13,UK,Deaths,13038
2020-04-13,UK,Tests,290720
2020-04-13,Wales,ConfirmedCases,6432
2020-04-13,Wales,Deaths,540
2020-04-13,Wales,Tests,19615
2020-04-14,England,ConfirmedCases,84180
2020-04-14,England,Deaths,12983
2020-04-14,Northern Ireland,ConfirmedCases,2130
2020-04-14,Northern Ireland,Deaths,178
2020-04-14,Northern Ireland,Tests,11998
2020-04-14,Scotland,ConfirmedCases,6358
2020-04-14,Scotland,Deaths,615
2020-04-14,Scotland,Tests,32855
2020-04-14,UK,ConfirmedCases,93873
2020-04-14,UK,Deaths,14085
2020-04-14,UK,Tests,302599
2020-04-14,Wales,ConfirmedCases,6749
2020-04-14,Wales,Deaths,566
2020-04-14,Wales,Tests,20374
2020-04-15,England,ConfirmedCases,87786
2020-04-15,England,Deaths,13715
2020-04-15,Northern Ireland,ConfirmedCases,2269
2020-04-15,Northern Ireland,Deaths,194
2020-04-15,Northern Ireland,Tests,12601
2020-04-15,Scotland,ConfirmedCases,6748
2020-04-15,Scotland,Deaths,699
2020-04-15,Scotland,Tests,34064
2020-04-15,UK,ConfirmedCases,98476
2020-04-15,UK,Deaths,14927
2020-04-15,UK,Tests,313769
2020-04-15,Wales,ConfirmedCases,7110
2020-04-15,Wales,Deaths,604
2020-04-15,Wales,Tests,21374
2020-04-16,England,ConfirmedCases,91224
2020-04-16,England,Deaths,14622
2020-04-16,Northern Ireland,ConfirmedCases,2408
2020-04-16,Northern Ireland,Deaths,205
2020-04-16,Northern Ireland,Tests,13184
2020-04-16,Scotland,ConfirmedCases,7102
2020-04-16,Scotland,Deaths,779
2020-04-16,Scotland,Tests,35392
2020-04-16,UK,ConfirmedCases,103093
2020-04-16,UK,Deaths,15956
2020-04-16,UK,Tests,327608
2020-04-16,Wales,ConfirmedCases,7473
2020-04-16,Wales,Deaths,639
2020-04-16,Wales,Tests,22379
2020-04-17,England,ConfirmedCases,94656
2020-04-17,England,Deaths,15449
2020-04-17,Northern Ireland,ConfirmedCases,2570
2020-04-17,Northern Ireland,Deaths,214
2020-04-17,Northern Ireland,Tests,13812
2020-04-17,Scotland,ConfirmedCases,7409
2020-04-17,Scotland,Deaths,837
2020-04-17,Scotland,Tests,36637
2020-04-17,UK,ConfirmedCases,108692
2020-04-17,UK,Deaths,16892
2020-04-17,UK,Tests,341551
2020-04-17,Wales,ConfirmedCases,7797
2020-04-17,Wales,Deaths,668
2020-04-17,Wales,Tests,23384
2020-04-18,England,ConfirmedCases,97227
2020-04-18,England,Deaths,16460
2020-04-18,Northern Ireland,ConfirmedCases,2656
2020-04-18,Northern Ireland,Deaths,224
2020-04-18,Northern Ireland,Tests,14197
2020-04-18,Scotland,ConfirmedCases,7820
2020-04-18,Scotland,Deaths,893
2020-04-18,Scotland,Tests,38233
2020-04-18,UK,ConfirmedCases,114217
2020-04-18,UK,Deaths,18007
2020-04-18,UK,Tests,357023
2020-04-18,Wales,ConfirmedCases,8044
2020-04-18,Wales,Deaths,700
2020-04-18,Wales,Tests,24135
2020-04-19,England,ConfirmedCases,99310
2020-04-19,England,Deaths,16844
2020-04-19,Northern Ireland,ConfirmedCases,2699
2020-04-19,Northern Ireland,Deaths,234
2020-04-19,Northern Ireland,Tests,14453
2020-04-19,Scotland,ConfirmedCases,8187
2020-04-19,Scotland,Deaths,903
2020-04-19,Scotland,Tests,39612
2020-04-19,UK,ConfirmedCases,120067
2020-04-19,UK,Deaths,18505
2020-04-19,UK,Tests,372967
2020-04-19,Wales,ConfirmedCases,8225
2020-04-19,Wales,Deaths,726
2020-04-19,Wales,Tests,24703
2020-04-20,England,ConfirmedCases,102386
2020-04-20,England,Deaths,17383
2020-04-20,Northern Ireland,ConfirmedCases,2811
2020-04-20,Northern Ireland,Deaths,246
2020-04-20,Northern Ireland,Tests,14929
2020-04-20,Scotland,ConfirmedCases,8450
2020-04-20,Scotland,Deaths,915
2020-04-20,Scotland,Tests,40700
2020-04-20,UK,ConfirmedCases,124743
2020-04-20,UK,Deaths,19064
2020-04-20,UK,Tests,386044
2020-04-20,Wales,ConfirmedCases,8506
2020-04-20,Wales,Deaths,751
2020-04-20,Wales,Tests,25601
2020-04-21,England,ConfirmedCases,105377
2020-04-21,England,Deaths,18506
2020-04-21,Northern Ireland,ConfirmedCases,2943
2020-04-21,Northern Ireland,Deaths,259
2020-04-21,Northern Ireland,Tests,15557
2020-04-21,Scotland,ConfirmedCases,8672
2020-04-21,Scotland,Deaths,985
2020-04-21,Scotland,Tests,41699
2020-04-21,UK,ConfirmedCases,129044
2020-04-21,UK,Deaths,20237
2020-04-21,UK,Tests,397670
2020-04-21,Wales,ConfirmedCases,8765
2020-04-21,Wales,Deaths,781
2020-04-21,Wales,Tests,26617
2020-04-22,England,ConfirmedCases,108141
2020-04-22,England,Deaths,19245
2020-04-22,Northern Ireland,ConfirmedCases,3043
2020-04-22,Northern Ireland,Deaths,278
2020-04-22,Northern Ireland,Tests,16121
2020-04-22,Scotland,ConfirmedCases,9038
2020-04-22,Scotland,Deaths,1062
2020-04-22,Scotland,Tests,43309
2020-04-22,UK,ConfirmedCases,133495
2020-04-22,UK,Deaths,21074
2020-04-22,UK,Tests,411192
2020-04-22,Wales,ConfirmedCases,9018
2020-04-22,Wales,Deaths,804
2020-04-22,Wales,Tests,27547
2020-04-23,England,ConfirmedCases,110910
2020-04-23,England,Deaths,19848
2020-04-23,Northern Ireland,ConfirmedCases,3118
2020-04-23,Northern Ireland,Deaths,294
2020-04-23,Northern Ireland,Tests,16607
2020-04-23,Scotland,ConfirmedCases,9409
2020-04-23,Scotland,Deaths,1120
2020-04-23,Scotland,Tests,44799
2020-04-23,UK,ConfirmedCases,138078
2020-04-23,UK,Deaths,21801
2020-04-23,UK,Tests,425821
2020-04-23,Wales,ConfirmedCases,9218
2020-04-23,Wales,Deaths,822
2020-04-23,Wales,Tests,28515
2020-04-24,England,ConfirmedCases,113677
2020-04-24,England,Deaths,20673
2020-04-24,Northern Ireland,ConfirmedCases,3204
2020-04-24,Northern Ireland,Deaths,305
2020-04-24,Northern Ireland,Tests,17178
2020-04-24,Scotland,ConfirmedCases,9697
2020-04-24,Scotland,Deaths,1184
2020-04-24,Scotland,Tests,46089
2020-04-24,UK,ConfirmedCases,143464
2020-04-24,UK,Deaths,22807
2020-04-24,UK,Tests,444222
2020-04-24,Wales,ConfirmedCases,9431
2020-04-24,Wales,Deaths,853
2020-04-24,Wales,Tests,29544
2020-04-25,England,ConfirmedCases,115486
2020-04-25,England,Deaths,21414
2020-04-25,Northern Ireland,ConfirmedCases,3259
2020-04-25,Northern Ireland,Deaths,320
2020-04-25,Northern Ireland,Tests,17562
2020-04-25,Scotland,ConfirmedCases,10051
2020-04-25,Scotland,Deaths,1231
2020-04-25,Scotland,Tests,47749
2020-04-25,UK,ConfirmedCases,148377
2020-04-25,UK,Deaths,23650
2020-04-25,UK,Tests,517836
2020-04-25,Wales,ConfirmedCases,9567
2020-04-25,Wales,Deaths,882
2020-04-25,Wales,Tests,30188
2020-04-26,England,ConfirmedCases,116890
2020-04-26,England,Deaths,21757
2020-04-26,Northern Ireland,ConfirmedCases,3302
2020-04-26,Northern Ireland,Deaths,334
2020-04-26,Northern Ireland,Tests,17962
2020-04-26,Scotland,ConfirmedCases,10324
2020-04-26,Scotland,Deaths,1249
2020-04-26,Scotland,Tests,49157
2020-04-26,UK,ConfirmedCases,152840
2020-04-26,UK,Deaths,24070
2020-04-26,UK,Tests,543413
2020-04-26,Wales,ConfirmedCases,9687
2020-04-26,Wales,Deaths,898
2020-04-26,Wales,Tests,30693
2020-04-27,England,ConfirmedCases,119110
2020-04-27,England,Deaths,22064
2020-04-27,Northern Ireland,ConfirmedCases,3375
2020-04-27,Northern Ireland,Deaths,347
2020-04-27,Northern Ireland,Tests,18669
2020-04-27,Scotland,ConfirmedCases,10521
2020-04-27,Scotland,Deaths,1262
2020-04-27,Scotland,Tests,50294
2020-04-27,UK,ConfirmedCases,157149
2020-04-27,UK,Deaths,24408
2020-04-27,UK,Tests,569768
2020-04-27,Wales,ConfirmedCases,9853
2020-04-27,Wales,Deaths,914
2020-04-27,Wales,Tests,31546
2020-04-28,England,ConfirmedCases,121396
2020-04-28,England,Deaths,22935
2020-04-28,Northern Ireland,ConfirmedCases,3447
2020-04-28,Northern Ireland,Deaths,353
2020-04-28,Northern Ireland,Tests,19467
2020-04-28,Scotland,ConfirmedCases,10721
2020-04-28,Scotland,Deaths,1332
2020-04-28,Scotland,Tests,51499
2020-04-28,UK,ConfirmedCases,161145
2020-04-28,UK,Deaths,25319
2020-04-28,UK,Tests,599339
2020-04-28,Wales,ConfirmedCases,10001
2020-04-28,Wales,Deaths,929
2020-04-28,Wales,Tests,32492
2020-04-29,England,ConfirmedCases,123742
2020-04-29,England,Deaths,23567
2020-04-29,Northern Ireland,ConfirmedCases,3539
2020-04-29,Northern Ireland,Deaths,367
2020-04-29,Northern Ireland,Tests,20345
2020-04-29,Scotland,ConfirmedCases,11034
2020-04-29,Scotland,Deaths,1415
2020-04-29,Scotland,Tests,53082
2020-04-29,UK,ConfirmedCases,165221
2020-04-29,UK,Deaths,26114
2020-04-29,UK,Tests,632794
2020-04-29,Wales,ConfirmedCases,10168
2020-04-29,Wales,Deaths,955
2020-04-29,Wales,Tests,33500
2020-04-30,England,ConfirmedCases,125865
2020-04-30,England,Deaths,24127
2020-04-30,Northern Ireland,ConfirmedCases,3628
2020-04-30,Northern Ireland,Deaths,375
2020-04-30,Northern Ireland,Tests,21255
2020-04-30,Scotland,ConfirmedCases,11353
2020-04-30,Scotland,Deaths,1475
2020-04-30,Scotland,Tests,54639
2020-04-30,UK,ConfirmedCases,171253
2020-04-30,UK,Deaths,26788
2020-04-30,UK,Tests,687369
2020-04-30,Wales,ConfirmedCases,10362
2020-04-30,Wales,Deaths,971
2020-04-30,Wales,Tests,34554
2020-05-01,England,ConfirmedCases,127813
2020-05-01,England,Deaths,24781
2020-05-01,Northern Ireland,ConfirmedCases,3713
2020-05-01,Northern Ireland,Deaths,387
2020-05-01,Northern Ireland,Tests,22308
2020-05-01,Scotland,ConfirmedCases,11654
2020-05-01,Scotland,Deaths,1515
2020-05-01,Scotland,Tests,56702
2020-05-01,UK,ConfirmedCases,177454
2020-05-01,UK,Deaths,27528
2020-05-01,UK,Tests,762279
2020-05-01,Wales,ConfirmedCases,10523
2020-05-01,Wales,Deaths,1000
2020-05-01,Wales,Tests,35729
2020-05-02,England,ConfirmedCases,129052
2020-05-02,England,Deaths,25300
2020-05-02,Northern Ireland,ConfirmedCases,3773
2020-05-02,Northern Ireland,Deaths,399
2020-05-02,Northern Ireland,Tests,23098
2020-05-02,Scotland,ConfirmedCases,11927
2020-05-02,Scotland,Deaths,1559
2020-05-02,Scotland,Tests,58833
2020-05-02,UK,ConfirmedCases,182260
2020-05-02,UK,Deaths,28149
2020-05-02,UK,Tests,825946
2020-05-02,Wales,ConfirmedCases,10692
2020-05-02,Wales,Deaths,1014
2020-05-02,Wales,Tests,36656
2020-05-03,England,ConfirmedCases,130010
2020-05-03,England,Deaths,25546
2020-05-03,Northern Ireland,ConfirmedCases,3801
2020-05-03,Northern Ireland,Deaths,410
2020-05-03,Northern Ireland,Tests,23592
2020-05-03,Scotland,ConfirmedCases,12097
2020-05-03,Scotland,Deaths,1571
2020-05-03,Scotland,Tests,60295
2020-05-03,UK,ConfirmedCases,186599
2020-05-03,UK,Deaths,28464
2020-05-03,UK,Tests,882343
2020-05-03,Wales,ConfirmedCases,10786
2020-05-03,Wales,Deaths,1028
2020-05-03,Wales,Tests,37153
2020-05-04,England,ConfirmedCases,131630
2020-05-04,England,Deaths,25803
2020-05-04,Northern Ireland,ConfirmedCases,3857
2020-05-04,Northern Ireland,Deaths,419
2020-05-04,Northern Ireland,Tests,24577
2020-05-04,Scotland,ConfirmedCases,12266
2020-05-04,Scotland,Deaths,1576
2020-05-04,Scotland,Tests,61696
2020-05-04,UK,ConfirmedCases,190584
2020-05-04,UK,Deaths,28752
2020-05-04,UK,Tests,945299
2020-05-04,Wales,ConfirmedCases,10917
2020-05-04,Wales,Deaths,1051
2020-05-04,Wales,Tests,38058
2020-05-05,England,ConfirmedCases,133241
2020-05-05,England,Deaths,26460
2020-05-05,Northern Ireland,ConfirmedCases,3915
2020-05-05,Northern Ireland,Deaths,425
2020-05-05,Northern Ireland,Tests,25601
2020-05-05,Scotland,ConfirmedCases,12437
2020-05-05,Scotland,Deaths,1620
2020-05-05,Scotland,Tests,63311
2020-05-05,UK,ConfirmedCases,194990
2020-05-05,UK,Deaths,29446
2020-05-05,UK,Tests,1015138
2020-05-05,Wales,ConfirmedCases,11080
2020-05-05,Wales,Deaths,1068
2020-05-05,Wales,Tests,39280
2020-05-06,England,ConfirmedCases,134680
2020-05-06,England,Deaths,27030
2020-05-06,Northern Ireland,ConfirmedCases,3957
2020-05-06,Northern Ireland,Deaths,428
2020-05-06,Northern Ireland,Tests,26691
2020-05-06,Scotland,ConfirmedCases,12709
2020-05-06,Scotland,Deaths,1703
2020-05-06,Scotland,Tests,65125
2020-05-06,UK,ConfirmedCases,201101
2020-05-06,UK,Deaths,30098
2020-05-06,UK,Tests,1072144
2020-05-06,Wales,ConfirmedCases,11247
2020-05-06,Wales,Deaths,1091
2020-05-06,Wales,Tests,40675
2020-05-07,England,ConfirmedCases,136127
2020-05-07,England,Deaths,27455
2020-05-07,Northern Ireland,ConfirmedCases,4017
2020-05-07,Northern Ireland,Deaths,431
2020-05-07,Northern Ireland,Tests,27677
2020-05-07,Scotland,ConfirmedCases,12924
2020-05-07,Scotland,Deaths,1762
2020-05-07,Scotland,Tests,67097
2020-05-07,UK,ConfirmedCases,206715
2020-05-07,UK,Deaths,30638
2020-05-07,UK,Tests,1139626
2020-05-07,Wales,ConfirmedCases,11415
2020-05-07,Wales,Deaths,1110
2020-05-07,Wales,Tests,41932
2020-05-08,England,ConfirmedCases,137148
2020-05-08,England,Deaths,27991
2020-05-08,Northern Ireland,ConfirmedCases,4063
2020-05-08,Northern Ireland,Deaths,437
2020-05-08,Northern Ireland,Tests,28552
2020-05-08,Scotland,ConfirmedCases,13149
2020-05-08,Scotland,Deaths,1811
2020-05-08,Scotland,Tests,69191
2020-05-08,UK,ConfirmedCases,211364
2020-05-08,UK,Deaths,31265
2020-05-08,UK,Tests,1207069
2020-05-08,Wales,ConfirmedCases,11516
2020-05-08,Wales,Deaths,1123
2020-05-08,Wales,Tests,42910
2020-05-09,England,ConfirmedCases,138041
2020-05-09,England,Deaths,28274
2020-05-09,Northern Ireland,ConfirmedCases,4094
2020-05-09,Northern Ireland,Deaths,444
2020-05-09,Northern Ireland,Tests,29308
2020-05-09,Scotland,ConfirmedCases,13305
2020-05-09,Scotland,Deaths,1847
2020-05-09,Scotland,Tests,71092
2020-05-09,UK,ConfirmedCases,215260
2020-05-09,UK,Deaths,31610
2020-05-09,UK,Tests,1270408
2020-05-09,Wales,ConfirmedCases,11640
2020-05-09,Wales,Deaths,1130
2020-05-09,Wales,Tests,43846
2020-05-10,England,ConfirmedCases,138766
2020-05-10,England,Deaths,28491
2020-05-10,Northern Ireland,ConfirmedCases,4141
2020-05-10,Northern Ireland,Deaths,454
2020-05-10,Northern Ireland,Tests,30046
2020-05-10,Scotland,ConfirmedCases,13486
2020-05-10,Scotland,Deaths,1857
2020-05-10,Scotland,Tests,72683
2020-05-10,UK,ConfirmedCases,219183
2020-05-10,UK,Deaths,31879
2020-05-10,UK,Tests,1334770
2020-05-10,Wales,ConfirmedCases,11741
2020-05-10,Wales,Deaths,1140
2020-05-10,Wales,Tests,44786
2020-05-11,England,ConfirmedCases,140009
2020-05-11,England,Deaths,28682
2020-05-11,Northern Ireland,ConfirmedCases,4206
2020-05-11,Northern Ireland,Deaths,456
2020-05-11,Northern Ireland,Tests,31096
2020-05-11,Scotland,ConfirmedCases,13627
2020-05-11,Scotland,Deaths,1862
2020-05-11,Scotland,Tests,74063
2020-05-11,UK,ConfirmedCases,223060
2020-05-11,UK,Deaths,32090
2020-05-11,UK,Tests,1400107
2020-05-11,Wales,ConfirmedCases,11913
2020-05-11,Wales,Deaths,1155
2020-05-11,Wales,Tests,45895
2020-05-12,England,ConfirmedCases,141108
2020-05-12,England,Deaths,29288
2020-05-12,Northern Ireland,ConfirmedCases,4262
2020-05-12,Northern Ireland,Deaths,460
2020-05-12,Northern Ireland,Tests,32166
2020-05-12,Scotland,ConfirmedCases,13763
2020-05-12,Scotland,Deaths,1912
2020-05-12,Scotland,Tests,75570
2020-05-12,UK,ConfirmedCases,226463
2020-05-12,UK,Deaths,32720
2020-05-12,UK,Tests,1460517
2020-05-12,Wales,ConfirmedCases,12052
2020-05-12,Wales,Deaths,1166
2020-05-12,Wales,Tests,47017
2020-05-13,England,ConfirmedCases,142182
2020-05-13,England,Deaths,29703
2020-05-13,Northern Ireland,ConfirmedCases,4293
2020-05-13,Northern Ireland,Deaths,463
2020-05-13,Northern Ireland,Tests,33264
2020-05-13,Scotland,ConfirmedCases,13929
2020-05-13,Scotland,Deaths,1973
2020-05-13,Scotland,Tests,77750
2020-05-13,UK,ConfirmedCases,229705
2020-05-13,UK,Deaths,33216
2020-05-13,UK,Tests,1522258
2020-05-13,Wales,ConfirmedCases,12195
2020-05-13,Wales,Deaths,1182
2020-05-13,Wales,Tests,48342
2020-05-14,England,ConfirmedCases,143078
2020-05-14,England,Deaths,30058
2020-05-14,Northern Ireland,ConfirmedCases,4326
2020-05-14,Northern Ireland,Deaths,473
2020-05-14,Northern Ireland,Tests,34199
2020-05-14,Scotland,ConfirmedCases,14117
2020-05-14,Scotland,Deaths,2007
2020-05-14,Scotland,Tests,80275
2020-05-14,UK,ConfirmedCases,233151
2020-05-14,UK,Deaths,33644
2020-05-14,UK,Tests,1593902
2020-05-14,Wales,ConfirmedCases,12315
2020-05-14,Wales,Deaths,1194
2020-05-14,Wales,Tests,49651
2020-05-15,England,ConfirmedCases,143987
2020-05-15,England,Deaths,30394
2020-05-15,Northern Ireland,ConfirmedCases,4374
2020-05-15,Northern Ireland,Deaths,476
2020-05-15,Northern Ireland,Tests,35325
2020-05-15,Scotland,ConfirmedCases,14260
2020-05-15,Scotland,Deaths,2053
2020-05-15,Scotland,Tests,82266
2020-05-15,UK,ConfirmedCases,236711
2020-05-15,UK,Deaths,34028
2020-05-15,UK,Tests,1663492
2020-05-15,Wales,ConfirmedCases,12490
2020-05-15,Wales,Deaths,1210
2020-05-15,Wales,Tests,51598
2020-05-16,England,ConfirmedCases,144620
2020-05-16,England,Deaths,30795
2020-05-16,Northern Ireland,ConfirmedCases,4398
2020-05-16,Northern Ireland,Deaths,480
2020-05-16,Northern Ireland,Tests,36016
2020-05-16,Scotland,ConfirmedCases,14447
2020-05-16,Scotland,Deaths,2094
2020-05-16,Scotland,Tests,85604
2020-05-16,UK,ConfirmedCases,240161
2020-05-16,UK,Deaths,34508
2020-05-16,UK,Tests,1742028
2020-05-16,Wales,ConfirmedCases,12649
2020-05-16,Wales,Deaths,1223
2020-05-16,Wales,Tests,53327
2020-05-17,England,ConfirmedCases,145255
2020-05-17,England,Deaths,30908
2020-05-17,Northern Ireland,ConfirmedCases,4422
2020-05-17,Northern Ireland,Deaths,487
2020-05-17,Northern Ireland,Tests,36575
2020-05-17,Scotland,ConfirmedCases,14537
2020-05-17,Scotland,Deaths,2103
2020-05-17,Scotland,Tests,87660
2020-05-17,UK,ConfirmedCases,243695
2020-05-17,UK,Deaths,34678
2020-05-17,UK,Tests,1818712
2020-05-17,Wales,ConfirmedCases,12762
2020-05-17,Wales,Deaths,1234
2020-05-17,Wales,Tests,54546
2020-05-18,England,ConfirmedCases,146202
2020-05-18,England,Deaths,31052
2020-05-18,Northern Ireland,ConfirmedCases,4457
2020-05-18,Northern Ireland,Deaths,494
2020-05-18,Northern Ireland,Tests,37695
2020-05-18,Scotland,ConfirmedCases,14594
2020-05-18,Scotland,Deaths,2105
2020-05-18,Scotland,Tests,88940
2020-05-18,UK,ConfirmedCases,246406
2020-05-18,UK,Deaths,34838
2020-05-18,UK,Tests,1887051
2020-05-18,Wales,ConfirmedCases,12926
2020-05-18,Wales,Deaths,1244
2020-05-18,Wales,Tests,55990
2020-05-19,England,ConfirmedCases,147224
2020-05-19,England,Deaths,31575
2020-05-19,Northern Ireland,ConfirmedCases,4501
2020-05-19,Northern Ireland,Deaths,499
2020-05-19,Northern Ireland,Tests,38774
2020-05-19,Scotland,ConfirmedCases,14655
2020-05-19,Scotland,Deaths,2134
2020-05-19,Scotland,Tests,90421
2020-05-19,UK,Deaths,35386
2020-05-19,Wales,ConfirmedCases,13134
2020-05-19,Wales,Deaths,1255
2020-05-19,Wales,Tests,58066
2020-05-20,England,ConfirmedCases,148048
2020-05-20,England,Deaths,31894
2020-05-20,Northern Ireland,ConfirmedCases,4528
2020-05-20,Northern Ireland,Deaths,504
2020-05-20,Northern Ireland,Tests,39875
2020-05-20,Scotland,ConfirmedCases,14751
2020-05-20,Scotland,Deaths,2184
2020-05-20,Scotland,Tests,92594
2020-05-20,UK,ConfirmedCases,248293
2020-05-20,UK,Deaths,35755
2020-05-20,UK,Tests,1996648
2020-05-20,Wales,ConfirmedCases,13286
2020-05-20,Wales,Deaths,1262
2020-05-20,Wales,Tests,60199
2020-05-21,England,ConfirmedCases,148796
2020-05-21,England,Deaths,32168
2020-05-21,Northern Ireland,ConfirmedCases,4566
2020-05-21,Northern Ireland,Deaths,508
2020-05-21,Northern Ireland,Tests,40908
2020-05-21,Scotland,ConfirmedCases,14856
2020-05-21,Scotland,Deaths,2221
2020-05-21,Scotland,Tests,95173
2020-05-21,UK,ConfirmedCases,250908
2020-05-21,UK,Deaths,36093
2020-05-21,UK,Tests,2064329
2020-05-21,Wales,ConfirmedCases,13393
2020-05-21,Wales,Deaths,1271
2020-05-21,Wales,Tests,62313
2020-05-22,England,ConfirmedCases,149503
2020-05-22,England,Deaths,32475
2020-05-22,Northern Ireland,ConfirmedCases,4584
2020-05-22,Northern Ireland,Deaths,509
2020-05-22,Northern Ireland,Tests,41962
2020-05-22,Scotland,ConfirmedCases,14969
2020-05-22,Scotland,Deaths,2245
2020-05-22,Scotland,Tests,97607
2020-05-22,UK,ConfirmedCases,254195
2020-05-22,UK,Deaths,36451
2020-05-22,UK,Tests,2144626
2020-05-22,Wales,ConfirmedCases,13499
2020-05-22,Wales,Deaths,1281
2020-05-22,Wales,Tests,64366
2020-05-23,England,ConfirmedCases,149957
2020-05-23,England,Deaths,32725
2020-05-23,Northern Ireland,ConfirmedCases,4617
2020-05-23,Northern Ireland,Deaths,511
2020-05-23,Northern Ireland,Tests,42705
2020-05-23,Scotland,ConfirmedCases,15041
2020-05-23,Scotland,Deaths,2261
2020-05-23,Scotland,Tests,99932
2020-05-23,UK,ConfirmedCases,257154
2020-05-23,UK,Deaths,36734
2020-05-23,Wales,ConfirmedCases,13605
2020-05-23,Wales,Deaths,1288
2020-05-23,Wales,Tests,66552
2020-05-24,England,ConfirmedCases,150342
2020-05-24,England,Deaths,33142
2020-05-24,Northern Ireland,ConfirmedCases,4629
2020-05-24,Northern Ireland,Deaths,518
2020-05-24,Northern Ireland,Tests,43357
2020-05-24,Scotland,ConfirmedCases,15101
2020-05-24,Scotland,Deaths,2270
2020-05-24,Scotland,Tests,101713
2020-05-24,UK,ConfirmedCases,259559
2020-05-24,UK,Deaths,37175
2020-05-24,Wales,ConfirmedCases,13672
2020-05-24,Wales,Deaths,1300
2020-05-24,Wales,Tests,67857
2020-05-25,England,ConfirmedCases,150852
2020-05-25,England,Deaths,33247
2020-05-25,Northern Ireland,ConfirmedCases,4650
2020-05-25,Northern Ireland,Deaths,519
2020-05-25,Northern Ireland,Tests,44232
2020-05-25,Scotland,ConfirmedCases,15156
2020-05-25,Scotland,Deaths,2273
2020-05-25,Scotland,Tests,103508
2020-05-25,UK,ConfirmedCases,261184
2020-05-25,UK,Deaths,37297
2020-05-25,Wales,ConfirmedCases,13762
2020-05-25,Wales,Deaths,1310
2020-05-25,Wales,Tests,69339
2020-05-26,England,ConfirmedCases,151394
2020-05-26,England,Deaths,33364
2020-05-26,Northern Ireland,ConfirmedCases,4663
2020-05-26,Northern Ireland,Deaths,520
2020-05-26,Northern Ireland,Tests,45151
2020-05-26,Scotland,ConfirmedCases,15185
2020-05-26,Scotland,Deaths,2291
2020-05-26,Scotland,Tests,104880
2020-05-26,UK,ConfirmedCases,265227
2020-05-26,UK,Deaths,37433
2020-05-26,Wales,ConfirmedCases,13846
2020-05-26,Wales,Deaths,1320
2020-05-26,Wales,Tests,71775
2020-05-27,England,ConfirmedCases,151936
2020-05-27,England,Deaths,33778
2020-05-27,Northern Ireland,ConfirmedCases,4678
2020-05-27,Northern Ireland,Deaths,524
2020-05-27,Northern Ireland,Tests,46034
2020-05-27,Scotland,ConfirmedCases,15240
2020-05-27,Scotland,Deaths,2304
2020-05-27,Scotland,Tests,106984
2020-05-27,UK,ConfirmedCases,267240
2020-05-27,UK,Deaths,37876
2020-05-27,Wales,ConfirmedCases,13943
2020-05-27,Wales,Deaths,1326
2020-05-27,Wales,Tests,74085
2020-05-28,England,ConfirmedCases,152389
2020-05-28,England,Deaths,34165
2020-05-28,Northern Ireland,ConfirmedCases,4696
2020-05-28,Northern Ireland,Deaths,527
2020-05-28,Northern Ireland,Tests,47011
2020-05-28,Scotland,ConfirmedCases,15288
2020-05-28,Scotland,Deaths,2316
2020-05-28,Scotland,Tests,109031
2020-05-28,UK,ConfirmedCases,269127
2020-05-28,UK,Deaths,38292
2020-05-28,Wales,ConfirmedCases,14033
2020-05-28,Wales,Deaths,1342
2020-05-28,Wales,Tests,76584
2020-05-29,England,ConfirmedCases,152825
2020-05-29,England,Deaths,34514
2020-05-29,Northern Ireland,ConfirmedCases,4706
2020-05-29,Northern Ireland,Deaths,528
2020-05-29,Northern Ireland,Tests,47945
2020-05-29,Scotland,ConfirmedCases,15327
2020-05-29,Scotland,Deaths,2331
2020-05-29,Scotland,Tests,111085
2020-05-29,UK,ConfirmedCases,271222
2020-05-29,UK,Deaths,38665
2020-05-29,Wales,ConfirmedCases,14122
2020-05-29,Wales,Deaths,1353
2020-05-29,Wales,Tests,79309
2020-05-30,England,ConfirmedCases,153167
2020-05-30,England,Deaths,34712
2020-05-30,Northern Ireland,ConfirmedCases,4712
2020-05-30,Northern Ireland,Deaths,530
2020-05-30,Northern Ireland,Tests,48835
2020-05-30,Scotland,ConfirmedCases,15382
2020-05-30,Scotland,Deaths,2353
2020-05-30,Scotland,Tests,112984
2020-05-30,UK,ConfirmedCases,272826
2020-05-30,UK,Deaths,38895
2020-05-30,Wales,ConfirmedCases,14176
2020-05-30,Wales,Deaths,1363
2020-05-30,Wales,Tests,81098
2020-05-31,England,ConfirmedCases,153471
2020-05-31,England,Deaths,34793
2020-05-31,Northern Ireland,ConfirmedCases,4723
2020-05-31,Northern Ireland,Deaths,531
2020-05-31,Northern Ireland,Tests,49431
2020-05-31,Scotland,ConfirmedCases,15400
2020-05-31,Scotland,Deaths,2362
2020-05-31,Scotland,Tests,114322
2020-05-31,UK,ConfirmedCases,274762
2020-05-31,UK,Deaths,39010
2020-05-31,Wales,ConfirmedCases,14214
2020-05-31,Wales,Deaths,1370
2020-05-31,Wales,Tests,82600
2020-06-01,England,ConfirmedCases,153919
2020-06-01,England,Deaths,34889
2020-06-01,Northern Ireland,ConfirmedCases,4734
2020-06-01,Northern Ireland,Deaths,532
2020-06-01,Northern Ireland,Tests,50530
2020-06-01,Scotland,ConfirmedCases,15418
2020-06-01,Scotland,Deaths,2363
2020-06-01,Scotland,Tests,115259
2020-06-01,UK,ConfirmedCases,276332
2020-06-01,UK,Deaths,39121
2020-06-01,Wales,ConfirmedCases,14277
2020-06-01,Wales,Deaths,1379
2020-06-01,Wales,Tests,85561
2020-06-02,England,ConfirmedCases,154398
2020-06-02,England,Deaths,35206
2020-06-02,Northern Ireland,ConfirmedCases,4750
2020-06-02,Northern Ireland,Deaths,534
2020-06-02,Northern Ireland,Tests,51752
2020-06-02,Scotland,ConfirmedCases,15471
2020-06-02,Scotland,Deaths,2375
2020-06-02,Scotland,Tests,116848
2020-06-02,UK,ConfirmedCases,277985
2020-06-02,UK,Deaths,39447
2020-06-02,Wales,ConfirmedCases,14338
2020-06-02,Wales,Deaths,1384
2020-06-02,Wales,Tests,88520
2020-06-03,England,ConfirmedCases,154839
2020-06-03,England,Deaths,35540
2020-06-03,Northern Ireland,ConfirmedCases,4753
2020-06-03,Northern Ireland,Deaths,536
2020-06-03,Northern Ireland,Tests,53012
2020-06-03,Scotland,ConfirmedCases,15504
2020-06-03,Scotland,Deaths,2386
2020-06-03,Scotland,Tests,118573
2020-06-03,UK,ConfirmedCases,279856
2020-06-03,UK,Deaths,39812
2020-06-03,Wales,ConfirmedCases,14401
2020-06-03,Wales,Deaths,1391
2020-06-03,Wales,Tests,91558
2020-06-04,England,ConfirmedCases,155153
2020-06-04,England,Deaths,35690
2020-06-04,Northern Ireland,ConfirmedCases,4757
2020-06-04,Northern Ireland,Tests,54221
2020-06-04,Scotland,ConfirmedCases,15553
2020-06-04,Scotland,Deaths,2395
2020-06-04,Scotland,Tests,120601
2020-06-04,UK,ConfirmedCases,281661
2020-06-04,UK,Deaths,39989
2020-06-04,Wales,ConfirmedCases,14453
2020-06-04,Wales,Deaths,1403
2020-06-04,Wales,Tests,95479
2020-06-05,England,ConfirmedCases,155475
2020-06-05,England,Deaths,36034
2020-06-05,Northern Ireland,ConfirmedCases,4774
2020-06-05,Northern Ireland,Deaths,537
2020-06-05,Northern Ireland,Tests,55494
2020-06-05,Scotland,ConfirmedCases,15582
2020-06-05,Scotland,Deaths,2409
2020-06-05,Scotland,Tests,122762
2020-06-05,UK,ConfirmedCases,283311
2020-06-05,UK,Deaths,40347
2020-06-05,Wales,ConfirmedCases,14500
2020-06-05,Wales,Deaths,1407
2020-06-05,Wales,Tests,98706
2020-06-06,England,ConfirmedCases,155683
2020-06-06,England,Deaths,36216
2020-06-06,Northern Ireland,ConfirmedCases,4777
2020-06-06,Northern Ireland,Deaths,537
2020-06-06,Northern Ireland,Tests,56294
2020-06-06,Scotland,ConfirmedCases,15603
2020-06-06,Scotland,Deaths,2415
2020-06-06,Scotland,Tests,124543
2020-06-06,UK,ConfirmedCases,284868
2020-06-06,UK,Deaths,40554
2020-06-06,Wales,ConfirmedCases,14542
2020-06-06,Wales,Deaths,1416
2020-06-06,Wales,Tests,100479
2020-06-07,England,ConfirmedCases,155886
2020-06-07,England,Deaths,36281
2020-06-07,Northern Ireland,ConfirmedCases,4779
2020-06-07,Northern Ireland,Deaths,537
2020-06-07,Northern Ireland,Tests,56993
2020-06-07,Scotland,ConfirmedCases,15621
2020-06-07,Scotland,Deaths,2415
2020-06-07,Scotland,Tests,126012
2020-06-07,UK,ConfirmedCases,286194
2020-06-07,UK,Deaths,40631
2020-06-07,Wales,ConfirmedCases,14569
2020-06-07,Wales,Deaths,1424
2020-06-07,Wales,Tests,102078
2020-06-08,England,ConfirmedCases,156184
2020-06-08,England,Deaths,36333
2020-06-08,Northern Ireland,ConfirmedCases,4788
2020-06-08,Northern Ireland,Deaths,537
2020-06-08,Northern Ireland,Tests,58121
2020-06-08,Scotland,ConfirmedCases,15639
2020-06-08,Scotland,Deaths,2415
2020-06-08,Scotland,Tests,127204
2020-06-08,UK,ConfirmedCases,287399
2020-06-08,UK,Deaths,40686
2020-06-08,Wales,ConfirmedCases,14634
2020-06-08,Wales,Deaths,1431
2020-06-08,Wales,Tests,105012
2020-06-09,England,ConfirmedCases,156494
2020-06-09,England,Deaths,36613
2020-06-09,Northern Ireland,ConfirmedCases,4799
2020-06-09,Northern Ireland,Deaths,537
2020-06-09,Northern Ireland,Tests,59303
2020-06-09,Scotland,ConfirmedCases,15653
2020-06-09,Scotland,Deaths,2422
2020-06-09,Scotland,Tests,128495
2020-06-09,UK,ConfirmedCases,289140
2020-06-09,UK,Deaths,40975
2020-06-09,Wales,ConfirmedCases,14687
2020-06-09,Wales,Deaths,1435
2020-06-09,Wales,Tests,107441
2020-06-10,England,ConfirmedCases,156860
2020-06-10,England,Deaths,36847
2020-06-10,Northern Ireland,ConfirmedCases,4815
2020-06-10,Northern Ireland,Deaths,537
2020-06-10,Northern Ireland,Tests,60488
2020-06-10,Scotland,ConfirmedCases,15665
2020-06-10,Scotland,Deaths,2434
2020-06-10,Scotland,Tests,130104
2020-06-10,UK,ConfirmedCases,290143
2020-06-10,UK,Deaths,41225
2020-06-10,Wales,ConfirmedCases,14739
2020-06-10,Wales,Deaths,1442
2020-06-10,Wales,Tests,109938
2020-06-11,England,ConfirmedCases,157132
2020-06-11,England,Deaths,36981
2020-06-11,Northern Ireland,ConfirmedCases,4824
2020-06-11,Northern Ireland,Deaths,539
2020-06-11,Northern Ireland,Tests,61642
2020-06-11,Scotland,ConfirmedCases,15682
2020-06-11,Scotland,Deaths,2439
2020-06-11,Scotland,Tests,132001
2020-06-11,UK,ConfirmedCases,291409
2020-06-11,UK,Deaths,41377
2020-06-11,Wales,ConfirmedCases,14787
2020-06-11,Wales,Deaths,1447
2020-06-11,Wales,Tests,111748
2020-06-12,England,ConfirmedCases,157401
2020-06-12,England,Deaths,37169
2020-06-12,Northern Ireland,ConfirmedCases,4829
2020-06-12,Northern Ireland,Deaths,540
2020-06-12,Northern Ireland,Tests,62716
2020-06-12,Scotland,ConfirmedCases,15709
2020-06-12,Scotland,Deaths,2442
2020-06-12,Scotland,Tests,133894
2020-06-12,UK,ConfirmedCases,292950
2020-06-12,UK,Deaths,41581
2020-06-12,Wales,ConfirmedCases,14846
2020-06-12,Wales,Deaths,1451
2020-06-12,Wales,Tests,114230
2020-06-13,England,ConfirmedCases,157658
2020-06-13,England,Deaths,37342
2020-06-13,Northern Ireland,ConfirmedCases,4836
2020-06-13,Northern Ireland,Deaths,541
2020-06-13,Northern Ireland,Tests,63469
2020-06-13,Scotland,ConfirmedCases,15730
2020-06-13,Scotland,Deaths,2447
2020-06-13,Scotland,Tests,136146
2020-06-13,UK,ConfirmedCases,294375
2020-06-13,UK,Deaths,41764
2020-06-13,Wales,ConfirmedCases,14901
2020-06-13,Wales,Deaths,1457
2020-06-13,Wales,Tests,115645
2020-06-14,England,ConfirmedCases,157867
2020-06-14,England,Deaths,37368
2020-06-14,Northern Ireland,ConfirmedCases,4838
2020-06-14,Northern Ireland,Deaths,541
2020-06-14,Northern Ireland,Tests,64222
2020-06-14,Scotland,ConfirmedCases,15755
2020-06-14,Scotland,Deaths,2448
2020-06-14,Scotland,Tests,137638
2020-06-14,UK,ConfirmedCases,295889
2020-06-14,UK,Deaths,41800
2020-06-14,Wales,ConfirmedCases,14939
2020-06-14,Wales,Deaths,1464
2020-06-14,Wales,Tests,116777
2020-06-15,England,ConfirmedCases,158146
2020-06-15,England,Deaths,37401
2020-06-15,Northern Ireland,ConfirmedCases,4845
2020-06-15,Northern Ireland,Deaths,541
2020-06-15,Northern Ireland,Tests,65454
2020-06-15,Scotland,ConfirmedCases,18030
2020-06-15,Scotland,Deaths,2448
2020-06-15,Scotland,Tests,210959
2020-06-15,UK,ConfirmedCases,296857
2020-06-15,UK,Deaths,41838
2020-06-15,Wales,ConfirmedCases,14987
2020-06-15,Wales,Deaths,1470
2020-06-15,Wales,Tests,118691
2020-06-16,England,ConfirmedCases,158452
2020-06-16,England,Deaths,37629
2020-06-16,Northern Ireland,ConfirmedCases,4853
2020-06-16,Northern Ireland,Deaths,542
2020-06-16,Northern Ireland,Tests,66642
2020-06-16,Scotland,ConfirmedCases,18045
2020-06-16,Scotland,Deaths,2453
2020-06-16,Scotland,Tests,213527
2020-06-16,UK,ConfirmedCases,298136
2020-06-16,UK,Deaths,42074
2020-06-16,Wales,ConfirmedCases,15045
2020-06-16,Wales,Deaths,1478
2020-06-16,Wales,Tests,120598
2020-06-17,England,ConfirmedCases,158741
2020-06-17,England,Deaths,37797
2020-06-17,Northern Ireland,ConfirmedCases,4856
2020-06-17,Northern Ireland,Deaths,543
2020-06-17,Northern Ireland,Tests,67738
2020-06-17,Scotland,ConfirmedCases,18066
2020-06-17,Scotland,Deaths,2462
2020-06-17,Scotland,Tests,216743
2020-06-17,UK,ConfirmedCases,299251
2020-06-17,UK,Deaths,42258
2020-06-17,Wales,ConfirmedCases,15087
2020-06-17,Wales,Deaths,1479
2020-06-17,Wales,Tests,122246
2020-06-18,England,ConfirmedCases,158984
2020-06-18,England,Deaths,37919
2020-06-18,Northern Ireland,ConfirmedCases,4856
2020-06-18,Northern Ireland,Deaths,544
2020-06-18,Northern Ireland,Tests,68818
2020-06-18,Scotland,ConfirmedCases,18077
2020-06-18,Scotland,Deaths,2464
2020-06-18,Scotland,Tests,220198
2020-06-18,UK,ConfirmedCases,300469
2020-06-18,UK,Deaths,42395
2020-06-18,Wales,ConfirmedCases,15138
2020-06-18,Wales,Deaths,1479
2020-06-18,Wales,Tests,123962
2020-06-19,England,ConfirmedCases,159214
2020-06-19,England,Deaths,38086
2020-06-19,Northern Ireland,ConfirmedCases,4861
2020-06-19,Northern Ireland,Deaths,545
2020-06-19,Northern Ireland,Tests,69824
2020-06-19,Scotland,ConfirmedCases,18104
2020-06-19,Scotland,Deaths,2470
2020-06-19,Scotland,Tests,222516
2020-06-19,UK,ConfirmedCases,301815
2020-06-19,UK,Deaths,42568
2020-06-19,Wales,ConfirmedCases,15264
2020-06-19,Wales,Deaths,1483
2020-06-19,Wales,Tests,126123
2020-06-20,England,ConfirmedCases,159365
2020-06-20,England,Deaths,38208
2020-06-20,Northern Ireland,ConfirmedCases,4861
2020-06-20,Northern Ireland,Deaths,545
2020-06-20,Northern Ireland,Tests,70500
2020-06-20,Scotland,ConfirmedCases,18130
2020-06-20,Scotland,Deaths,2472
2020-06-20,Scotland,Tests,228083
2020-06-20,UK,ConfirmedCases,303110
2020-06-20,UK,Deaths,42698
2020-06-20,Wales,ConfirmedCases,15291
2020-06-20,Wales,Deaths,1486
2020-06-20,Wales,Tests,127134
2020-06-21,England,ConfirmedCases,159486
2020-06-21,England,Deaths,38247
2020-06-21,Northern Ireland,ConfirmedCases,4863
2020-06-21,Northern Ireland,Deaths,545
2020-06-21,Northern Ireland,Tests,71147
2020-06-21,Scotland,ConfirmedCases,18156
2020-06-21,Scotland,Deaths,2472
2020-06-21,Scotland,Tests,231525
2020-06-21,UK,ConfirmedCases,304331
2020-06-21,UK,Deaths,42741
2020-06-21,Wales,ConfirmedCases,15348
2020-06-21,Wales,Deaths,1491
2020-06-21,Wales,Tests,128208
2020-06-22,England,ConfirmedCases,159657
2020-06-22,England,Deaths,38261
2020-06-22,Northern Ireland,ConfirmedCases,4866
2020-06-22,Northern Ireland,Deaths,546
2020-06-22,Northern Ireland,Tests,72213
2020-06-22,Scotland,ConfirmedCases,18170
2020-06-22,Scotland,Deaths,2472
2020-06-22,Scotland,Tests,233535
2020-06-22,UK,ConfirmedCases,305289
2020-06-22,UK,Deaths,42756
2020-06-22,Wales,ConfirmedCases,15403
2020-06-22,Wales,Deaths,1493
2020-06-22,Wales,Tests,129912
2020-06-23,England,ConfirmedCases,159844
2020-06-23,England,Deaths,38427
2020-06-23,Northern Ireland,ConfirmedCases,4871
2020-06-23,Northern Ireland,Deaths,547
2020-06-23,Northern Ireland,Tests,73442
2020-06-23,Scotland,ConfirmedCases,18182
2020-06-23,Scotland,Deaths,2476
2020-06-23,Scotland,Tests,235359
2020-06-23,UK,ConfirmedCases,306210
2020-06-23,UK,Deaths,42927
2020-06-23,Wales,ConfirmedCases,15518
2020-06-23,Wales,Deaths,1494
2020-06-23,Wales,Tests,131140
2020-06-24,England,ConfirmedCases,159936
2020-06-24,England,Deaths,38568
2020-06-24,Northern Ireland,ConfirmedCases,4873
2020-06-24,Northern Ireland,Deaths,547
2020-06-24,Northern Ireland,Tests,74480
2020-06-24,Scotland,ConfirmedCases,18191
2020-06-24,Scotland,Deaths,2480
2020-06-24,Scotland,Tests,238076
2020-06-24,UK,ConfirmedCases,306862
2020-06-24,UK,Deaths,43081
2020-06-24,Wales,ConfirmedCases,15531
2020-06-24,Wales,Deaths,1497
2020-06-24,Wales,Tests,131442
2020-06-25,England,ConfirmedCases,159958
2020-06-25,England,Deaths,38706
2020-06-25,Northern Ireland,ConfirmedCases,4876
2020-06-25,Northern Ireland,Deaths,548
2020-06-25,Northern Ireland,Tests,74975
2020-06-25,UK,ConfirmedCases,307980
2020-06-25,UK,Deaths,43230
2020-06-25,Wales,ConfirmedCases,15531
2020-06-25,Wales,Deaths,1497
2020-06-25,Wales,Tests,131468
2020-06-26,England,Deaths,38888
2020-06-26,Northern Ireland,Deaths,548
2020-06-26,UK,ConfirmedCases,309360
2020-06-26,UK,Deaths,43414
